{"timestamp": "2026-09-16T05:08:34.181418+00:00", "level": "INFO", "logger": "trade_system.domains.trading.infrastructure.brokers.factory", "message": "Fyers broker initialized", "module": "factory", "funcName": "_initialize_brokers", "lineNo": 93}
{"timestamp": "2026-09-16T05:08:34.182147+00:00", "level": "INFO", "logger": "trade_system.domains.market_data.infrastructure.database.db_write_worker", "message": "DbWriteWorker started (queue maxsize=10000)", "module": "db_write_worker", "funcName": "start", "lineNo": 63}
{"timestamp": "2026-09-16T05:08:34.197865+00:00", "level": "INFO", "logger": "trade_system.domains.advisory.application.agent.live_alert_agent", "message": "Loaded 11 squeeze targets from database.", "module": "live_alert_agent", "funcName": "_load_squeeze_targets", "lineNo": 55}
{"timestamp": "2026-09-16T05:08:34.510363+00:00", "level": "WARNING", "logger": "trade_system.domains.analysis.application.analysis.mwpl_analyzer", "message": "Failed to fetch MWPL data. Status: 404", "module": "mwpl_analyzer", "funcName": "update_data", "lineNo": 51}
{"timestamp": "2026-09-16T05:08:34.514269+00:00", "level": "INFO", "logger": "trade_system.interfaces.live.runtime", "message": "Running pre-flight Data Sanity & Gap Healing for Indices and F&O stocks...", "module": "runtime", "funcName": "run_live_trading_bot", "lineNo": 75}
{"timestamp": "2026-09-16T05:08:34.514379+00:00", "level": "INFO", "logger": "trade_system.domains.market_data.application.data_sanity_manager", "message": "\ud83d\udee1\ufe0f DataSanityManager: Verifying data sanity for 215 symbols across ['15', 'D']...", "module": "data_sanity_manager", "funcName": "ensure_data_sanity_and_heal", "lineNo": 150}
{"timestamp": "2026-09-16T05:08:34.855930+00:00", "level": "INFO", "logger": "trade_system.domains.market_data.application.data_sanity_manager", "message": "\u26a0\ufe0f Detected missing data in 427 symbol-resolution pairs. Initiating automatic heal...", "module": "data_sanity_manager", "funcName": "ensure_data_sanity_and_heal", "lineNo": 169}
{"timestamp": "2026-09-16T05:08:34.856124+00:00", "level": "INFO", "logger": "trade_system.domains.market_data.application.data_sanity_manager", "message": "\ud83e\ude79 Auto-healing 212 symbols for 15 resolution...", "module": "data_sanity_manager", "funcName": "ensure_data_sanity_and_heal", "lineNo": 172}
{"timestamp": "2026-09-16T05:08:34.856184+00:00", "level": "INFO", "logger": "trade_system.interfaces.live.data_sync_service", "message": "DataSyncService: Starting backfill for 212 symbols across resolutions ['15']", "module": "data_sync_service", "funcName": "backfill_symbols", "lineNo": 214}
{"timestamp": "2026-09-16T05:08:34.856227+00:00", "level": "INFO", "logger": "trade_system.interfaces.live.data_sync_service", "message": "--- Syncing 15-minute data for 212 symbols ---", "module": "data_sync_service", "funcName": "backfill_symbols", "lineNo": 224}
{"timestamp": "2026-09-16T05:08:34.856909+00:00", "level": "INFO", "logger": "trade_system.domains.trading.infrastructure.brokers.legacy.fyers", "message": "Authenticating with Fyers.", "module": "fyers", "funcName": "authenticate", "lineNo": 250}
{"timestamp": "2026-09-16T05:08:34.955860+00:00", "level": "INFO", "logger": "trade_system.domains.trading.infrastructure.brokers.legacy.fyers", "message": "Fyers authentication successful.", "module": "fyers", "funcName": "authenticate", "lineNo": 256}
{"timestamp": "2026-09-16T05:08:34.957149+00:00", "level": "INFO", "logger": "trade_system.domains.trading.infrastructure.brokers.legacy.fyers", "message": "Fetching historical data for NSE:FINNIFTY-INDEX (15) from 2026-09-15 to 2026-09-16", "module": "fyers", "funcName": "fetch_history", "lineNo": 372}
{"timestamp": "2026-09-16T05:08:35.096975+00:00", "level": "INFO", "logger": "trade_system.interfaces.live.data_sync_service", "message": "Backfilled 31 15-minute bars for NSE:FINNIFTY-INDEX (from 2026-09-15)", "module": "data_sync_service", "funcName": "_backfill_symbol", "lineNo": 324}
{"timestamp": "2026-09-16T05:08:35.351366+00:00", "level": "INFO", "logger": "trade_system.domains.trading.infrastructure.brokers.legacy.fyers", "message": "Fetching historical data for NSE:NIFTYFPI-EQ (15) from 2026-07-20 to 2026-09-16", "module": "fyers", "funcName": "fetch_history", "lineNo": 372}
{"timestamp": "2026-09-16T05:08:35.419783+00:00", "level": "ERROR", "logger": "trade_system.domains.trading.infrastructure.brokers.legacy.fyers", "message": "Failed to fetch FYERS history: Invalid symbol provided", "module": "fyers", "funcName": "fetch_history", "lineNo": 387}
{"timestamp": "2026-09-16T05:08:35.466389+00:00", "level": "INFO", "logger": "trade_system.domains.trading.infrastructure.brokers.legacy.fyers", "message": "Fetching historical data for NSE:360ONE-EQ (15) from 2026-09-16 to 2026-09-16", "module": "fyers", "funcName": "fetch_history", "lineNo": 372}
{"timestamp": "2026-09-16T05:08:35.533180+00:00", "level": "INFO", "logger": "trade_system.interfaces.live.data_sync_service", "message": "Backfilled 6 15-minute bars for NSE:360ONE-EQ (from 2026-09-16)", "module": "data_sync_service", "funcName": "_backfill_symbol", "lineNo": 324}
{"timestamp": "2026-09-16T05:08:35.788220+00:00", "level": "INFO", "logger": "trade_system.domains.trading.infrastructure.brokers.legacy.fyers", "message": "Fetching historical data for NSE:ABCAPITAL-EQ (15) from 2026-09-16 to 2026-09-16", "module": "fyers", "funcName": "fetch_history", "lineNo": 372}
{"timestamp": "2026-09-16T05:08:35.873691+00:00", "level": "INFO", "logger": "trade_system.interfaces.live.data_sync_service", "message": "Backfilled 6 15-minute bars for NSE:ABCAPITAL-EQ (from 2026-09-16)", "module": "data_sync_service", "funcName": "_backfill_symbol", "lineNo": 324}
{"timestamp": "2026-09-16T05:08:36.129991+00:00", "level": "INFO", "logger": "trade_system.domains.trading.infrastructure.brokers.legacy.fyers", "message": "Fetching historical data for NSE:ADANIENSOL-EQ (15) from 2026-09-16 to 2026-09-16", "module": "fyers", "funcName": "fetch_history", "lineNo": 372}
{"timestamp": "2026-09-16T05:08:36.240237+00:00", "level": "INFO", "logger": "trade_system.interfaces.live.data_sync_service", "message": "Backfilled 6 15-minute bars for NSE:ADANIENSOL-EQ (from 2026-09-16)", "module": "data_sync_service", "funcName": "_backfill_symbol", "lineNo": 324}
{"timestamp": "2026-09-16T05:08:36.496480+00:00", "level": "INFO", "logger": "trade_system.domains.trading.infrastructure.brokers.legacy.fyers", "message": "Fetching historical data for NSE:ABB-EQ (15) from 2026-09-16 to 2026-09-16", "module": "fyers", "funcName": "fetch_history", "lineNo": 372}
{"timestamp": "2026-09-16T05:08:36.563373+00:00", "level": "INFO", "logger": "trade_system.interfaces.live.data_sync_service", "message": "Backfilled 6 15-minute bars for NSE:ABB-EQ (from 2026-09-16)", "module": "data_sync_service", "funcName": "_backfill_symbol", "lineNo": 324}
{"timestamp": "2026-09-16T05:08:36.819587+00:00", "level": "INFO", "logger": "trade_system.domains.trading.infrastructure.brokers.legacy.fyers", "message": "Fetching historical data for NSE:ADANIPORTS-EQ (15) from 2026-09-16 to 2026-09-16", "module": "fyers", "funcName": "fetch_history", "lineNo": 372}
{"timestamp": "2026-09-16T05:08:36.887897+00:00", "level": "INFO", "logger": "trade_system.interfaces.live.data_sync_service", "message": "Backfilled 6 15-minute bars for NSE:ADANIPORTS-EQ (from 2026-09-16)", "module": "data_sync_service", "funcName": "_backfill_symbol", "lineNo": 324}
{"timestamp": "2026-09-16T05:08:37.140437+00:00", "level": "INFO", "logger": "trade_system.domains.trading.infrastructure.brokers.legacy.fyers", "message": "Fetching historical data for NSE:AMBER-EQ (15) from 2026-09-16 to 2026-09-16", "module": "fyers", "funcName": "fetch_history", "lineNo": 372}
{"timestamp": "2026-09-16T05:08:37.208261+00:00", "level": "INFO", "logger": "trade_system.interfaces.live.data_sync_service", "message": "Backfilled 6 15-minute bars for NSE:AMBER-EQ (from 2026-09-16)", "module": "data_sync_service", "funcName": "_backfill_symbol", "lineNo": 324}
{"timestamp": "2026-09-16T05:08:37.463956+00:00", "level": "INFO", "logger": "trade_system.domains.trading.infrastructure.brokers.legacy.fyers", "message": "Fetching historical data for NSE:ASIANPAINT-EQ (15) from 2026-09-16 to 2026-09-16", "module": "fyers", "funcName": "fetch_history", "lineNo": 372}
{"timestamp": "2026-09-16T05:08:37.530362+00:00", "level": "INFO", "logger": "trade_system.interfaces.live.data_sync_service", "message": "Backfilled 6 15-minute bars for NSE:ASIANPAINT-EQ (from 2026-09-16)", "module": "data_sync_service", "funcName": "_backfill_symbol", "lineNo": 324}
{"timestamp": "2026-09-16T05:08:37.786535+00:00", "level": "INFO", "logger": "trade_system.domains.trading.infrastructure.brokers.legacy.fyers", "message": "Fetching historical data for NSE:AMBUJACEM-EQ (15) from 2026-09-16 to 2026-09-16", "module": "fyers", "funcName": "fetch_history", "lineNo": 372}
{"timestamp": "2026-09-16T05:08:37.855822+00:00", "level": "INFO", "logger": "trade_system.interfaces.live.data_sync_service", "message": "Backfilled 6 15-minute bars for NSE:AMBUJACEM-EQ (from 2026-09-16)", "module": "data_sync_service", "funcName": "_backfill_symbol", "lineNo": 324}
{"timestamp": "2026-09-16T05:08:38.111906+00:00", "level": "INFO", "logger": "trade_system.domains.trading.infrastructure.brokers.legacy.fyers", "message": "Fetching historical data for NSE:ADANIENT-EQ (15) from 2026-09-15 to 2026-09-16", "module": "fyers", "funcName": "fetch_history", "lineNo": 372}
{"timestamp": "2026-09-16T05:08:38.186048+00:00", "level": "INFO", "logger": "trade_system.interfaces.live.data_sync_service", "message": "Backfilled 31 15-minute bars for NSE:ADANIENT-EQ (from 2026-09-15)", "module": "data_sync_service", "funcName": "_backfill_symbol", "lineNo": 324}
{"timestamp": "2026-09-16T05:08:38.440313+00:00", "level": "INFO", "logger": "trade_system.domains.trading.infrastructure.brokers.legacy.fyers", "message": "Fetching historical data for NSE:BAJAJ-AUTO-EQ (15) from 2026-09-15 to 2026-09-16", "module": "fyers", "funcName": "fetch_history", "lineNo": 372}
{"timestamp": "2026-09-16T05:08:38.506704+00:00", "level": "INFO", "logger": "trade_system.interfaces.live.data_sync_service", "message": "Backfilled 31 15-minute bars for NSE:BAJAJ-AUTO-EQ (from 2026-09-15)", "module": "data_sync_service", "funcName": "_backfill_symbol", "lineNo": 324}
{"timestamp": "2026-09-16T05:08:38.762838+00:00", "level": "INFO", "logger": "trade_system.domains.trading.infrastructure.brokers.legacy.fyers", "message": "Fetching historical data for NSE:BAJAJHLDNG-EQ (15) from 2026-09-15 to 2026-09-16", "module": "fyers", "funcName": "fetch_history", "lineNo": 372}
{"timestamp": "2026-09-16T05:08:38.832441+00:00", "level": "INFO", "logger": "trade_system.interfaces.live.data_sync_service", "message": "Backfilled 31 15-minute bars for NSE:BAJAJHLDNG-EQ (from 2026-09-15)", "module": "data_sync_service", "funcName": "_backfill_symbol", "lineNo": 324}
{"timestamp": "2026-09-16T05:08:39.085375+00:00", "level": "INFO", "logger": "trade_system.domains.trading.infrastructure.brokers.legacy.fyers", "message": "Fetching historical data for NSE:APLAPOLLO-EQ (15) from 2026-09-15 to 2026-09-16", "module": "fyers", "funcName": "fetch_history", "lineNo": 372}
{"timestamp": "2026-09-16T05:08:39.152779+00:00", "level": "INFO", "logger": "trade_system.interfaces.live.data_sync_service", "message": "Backfilled 31 15-minute bars for NSE:APLAPOLLO-EQ (from 2026-09-15)", "module": "data_sync_service", "funcName": "_backfill_symbol", "lineNo": 324}
{"timestamp": "2026-09-16T05:08:39.408893+00:00", "level": "INFO", "logger": "trade_system.domains.trading.infrastructure.brokers.legacy.fyers", "message": "Fetching historical data for NSE:ADANIGREEN-EQ (15) from 2026-09-15 to 2026-09-16", "module": "fyers", "funcName": "fetch_history", "lineNo": 372}
{"timestamp": "2026-09-16T05:08:39.476093+00:00", "level": "INFO", "logger": "trade_system.interfaces.live.data_sync_service", "message": "Backfilled 31 15-minute bars for NSE:ADANIGREEN-EQ (from 2026-09-15)", "module": "data_sync_service", "funcName": "_backfill_symbol", "lineNo": 324}
{"timestamp": "2026-09-16T05:08:39.732230+00:00", "level": "INFO", "logger": "trade_system.domains.trading.infrastructure.brokers.legacy.fyers", "message": "Fetching historical data for NSE:AUROPHARMA-EQ (15) from 2026-09-15 to 2026-09-16", "module": "fyers", "funcName": "fetch_history", "lineNo": 372}
{"timestamp": "2026-09-16T05:08:39.803183+00:00", "level": "INFO", "logger": "trade_system.interfaces.live.data_sync_service", "message": "Backfilled 31 15-minute bars for NSE:AUROPHARMA-EQ (from 2026-09-15)", "module": "data_sync_service", "funcName": "_backfill_symbol", "lineNo": 324}
{"timestamp": "2026-09-16T05:08:40.059309+00:00", "level": "INFO", "logger": "trade_system.domains.trading.infrastructure.brokers.legacy.fyers", "message": "Fetching historical data for NSE:AXISBANK-EQ (15) from 2026-09-15 to 2026-09-16", "module": "fyers", "funcName": "fetch_history", "lineNo": 372}
{"timestamp": "2026-09-16T05:08:40.128587+00:00", "level": "INFO", "logger": "trade_system.interfaces.live.data_sync_service", "message": "Backfilled 31 15-minute bars for NSE:AXISBANK-EQ (from 2026-09-15)", "module": "data_sync_service", "funcName": "_backfill_symbol", "lineNo": 324}
{"timestamp": "2026-09-16T05:08:40.381565+00:00", "level": "INFO", "logger": "trade_system.domains.trading.infrastructure.brokers.legacy.fyers", "message": "Fetching historical data for NSE:BOSCHLTD-EQ (15) from 2026-09-15 to 2026-09-16", "module": "fyers", "funcName": "fetch_history", "lineNo": 372}
{"timestamp": "2026-09-16T05:08:40.506917+00:00", "level": "INFO", "logger": "trade_system.interfaces.live.data_sync_service", "message": "Backfilled 31 15-minute bars for NSE:BOSCHLTD-EQ (from 2026-09-15)", "module": "data_sync_service", "funcName": "_backfill_symbol", "lineNo": 324}
{"timestamp": "2026-09-16T05:08:40.761167+00:00", "level": "INFO", "logger": "trade_system.domains.trading.infrastructure.brokers.legacy.fyers", "message": "Fetching historical data for NSE:BRITANNIA-EQ (15) from 2026-09-15 to 2026-09-16", "module": "fyers", "funcName": "fetch_history", "lineNo": 372}
{"timestamp": "2026-09-16T05:08:40.829599+00:00", "level": "INFO", "logger": "trade_system.interfaces.live.data_sync_service", "message": "Backfilled 31 15-minute bars for NSE:BRITANNIA-EQ (from 2026-09-15)", "module": "data_sync_service", "funcName": "_backfill_symbol", "lineNo": 324}
{"timestamp": "2026-09-16T05:08:41.085772+00:00", "level": "INFO", "logger": "trade_system.domains.trading.infrastructure.brokers.legacy.fyers", "message": "Fetching historical data for NSE:CDSL-EQ (15) from 2026-09-15 to 2026-09-16", "module": "fyers", "funcName": "fetch_history", "lineNo": 372}
{"timestamp": "2026-09-16T05:08:41.157830+00:00", "level": "INFO", "logger": "trade_system.interfaces.live.data_sync_service", "message": "Backfilled 31 15-minute bars for NSE:CDSL-EQ (from 2026-09-15)", "module": "data_sync_service", "funcName": "_backfill_symbol", "lineNo": 324}
{"timestamp": "2026-09-16T05:08:41.413959+00:00", "level": "INFO", "logger": "trade_system.domains.trading.infrastructure.brokers.legacy.fyers", "message": "Fetching historical data for NSE:BANDHANBNK-EQ (15) from 2026-09-15 to 2026-09-16", "module": "fyers", "funcName": "fetch_history", "lineNo": 372}
{"timestamp": "2026-09-16T05:08:41.480285+00:00", "level": "INFO", "logger": "trade_system.interfaces.live.data_sync_service", "message": "Backfilled 31 15-minute bars for NSE:BANDHANBNK-EQ (from 2026-09-15)", "module": "data_sync_service", "funcName": "_backfill_symbol", "lineNo": 324}
{"timestamp": "2026-09-16T05:08:41.731814+00:00", "level": "INFO", "logger": "trade_system.domains.trading.infrastructure.brokers.legacy.fyers", "message": "Fetching historical data for NSE:BANKBARODA-EQ (15) from 2026-09-15 to 2026-09-16", "module": "fyers", "funcName": "fetch_history", "lineNo": 372}
{"timestamp": "2026-09-16T05:08:41.801484+00:00", "level": "INFO", "logger": "trade_system.interfaces.live.data_sync_service", "message": "Backfilled 31 15-minute bars for NSE:BANKBARODA-EQ (from 2026-09-15)", "module": "data_sync_service", "funcName": "_backfill_symbol", "lineNo": 324}
{"timestamp": "2026-09-16T05:08:42.057539+00:00", "level": "INFO", "logger": "trade_system.domains.trading.infrastructure.brokers.legacy.fyers", "message": "Fetching historical data for NSE:BDL-EQ (15) from 2026-09-15 to 2026-09-16", "module": "fyers", "funcName": "fetch_history", "lineNo": 372}
{"timestamp": "2026-09-16T05:08:42.128040+00:00", "level": "INFO", "logger": "trade_system.interfaces.live.data_sync_service", "message": "Backfilled 31 15-minute bars for NSE:BDL-EQ (from 2026-09-15)", "module": "data_sync_service", "funcName": "_backfill_symbol", "lineNo": 324}
{"timestamp": "2026-09-16T05:08:42.384145+00:00", "level": "INFO", "logger": "trade_system.domains.trading.infrastructure.brokers.legacy.fyers", "message": "Fetching historical data for NSE:BHARATFORG-EQ (15) from 2026-09-15 to 2026-09-16", "module": "fyers", "funcName": "fetch_history", "lineNo": 372}
{"timestamp": "2026-09-16T05:08:42.453533+00:00", "level": "INFO", "logger": "trade_system.interfaces.live.data_sync_service", "message": "Backfilled 31 15-minute bars for NSE:BHARATFORG-EQ (from 2026-09-15)", "module": "data_sync_service", "funcName": "_backfill_symbol", "lineNo": 324}
{"timestamp": "2026-09-16T05:08:42.704845+00:00", "level": "INFO", "logger": "trade_system.domains.trading.infrastructure.brokers.legacy.fyers", "message": "Fetching historical data for NSE:COALINDIA-EQ (15) from 2026-09-15 to 2026-09-16", "module": "fyers", "funcName": "fetch_history", "lineNo": 372}
{"timestamp": "2026-09-16T05:08:42.773419+00:00", "level": "INFO", "logger": "trade_system.interfaces.live.data_sync_service", "message": "Backfilled 31 15-minute bars for NSE:COALINDIA-EQ (from 2026-09-15)", "module": "data_sync_service", "funcName": "_backfill_symbol", "lineNo": 324}
{"timestamp": "2026-09-16T05:08:43.027834+00:00", "level": "INFO", "logger": "trade_system.domains.trading.infrastructure.brokers.legacy.fyers", "message": "Fetching historical data for NSE:BHARTIARTL-EQ (15) from 2026-09-15 to 2026-09-16", "module": "fyers", "funcName": "fetch_history", "lineNo": 372}
{"timestamp": "2026-09-16T05:08:43.096871+00:00", "level": "INFO", "logger": "trade_system.interfaces.live.data_sync_service", "message": "Backfilled 31 15-minute bars for NSE:BHARTIARTL-EQ (from 2026-09-15)", "module": "data_sync_service", "funcName": "_backfill_symbol", "lineNo": 324}
{"timestamp": "2026-09-16T05:08:43.349370+00:00", "level": "INFO", "logger": "trade_system.domains.trading.infrastructure.brokers.legacy.fyers", "message": "Fetching historical data for NSE:BLUESTARCO-EQ (15) from 2026-09-15 to 2026-09-16", "module": "fyers", "funcName": "fetch_history", "lineNo": 372}
{"timestamp": "2026-09-16T05:08:43.429400+00:00", "level": "INFO", "logger": "trade_system.interfaces.live.data_sync_service", "message": "Backfilled 31 15-minute bars for NSE:BLUESTARCO-EQ (from 2026-09-15)", "module": "data_sync_service", "funcName": "_backfill_symbol", "lineNo": 324}
{"timestamp": "2026-09-16T05:08:43.685610+00:00", "level": "INFO", "logger": "trade_system.domains.trading.infrastructure.brokers.legacy.fyers", "message": "Fetching historical data for NSE:BPCL-EQ (15) from 2026-09-15 to 2026-09-16", "module": "fyers", "funcName": "fetch_history", "lineNo": 372}
{"timestamp": "2026-09-16T05:08:43.754353+00:00", "level": "INFO", "logger": "trade_system.interfaces.live.data_sync_service", "message": "Backfilled 31 15-minute bars for NSE:BPCL-EQ (from 2026-09-15)", "module": "data_sync_service", "funcName": "_backfill_symbol", "lineNo": 324}
{"timestamp": "2026-09-16T05:08:44.010575+00:00", "level": "INFO", "logger": "trade_system.domains.trading.infrastructure.brokers.legacy.fyers", "message": "Fetching historical data for NSE:ALKEM-EQ (15) from 2026-09-15 to 2026-09-16", "module": "fyers", "funcName": "fetch_history", "lineNo": 372}
{"timestamp": "2026-09-16T05:08:44.078781+00:00", "level": "INFO", "logger": "trade_system.interfaces.live.data_sync_service", "message": "Backfilled 31 15-minute bars for NSE:ALKEM-EQ (from 2026-09-15)", "module": "data_sync_service", "funcName": "_backfill_symbol", "lineNo": 324}
{"timestamp": "2026-09-16T05:08:44.334892+00:00", "level": "INFO", "logger": "trade_system.domains.trading.infrastructure.brokers.legacy.fyers", "message": "Fetching historical data for NSE:CAMS-EQ (15) from 2026-09-15 to 2026-09-16", "module": "fyers", "funcName": "fetch_history", "lineNo": 372}
{"timestamp": "2026-09-16T05:08:44.406738+00:00", "level": "INFO", "logger": "trade_system.interfaces.live.data_sync_service", "message": "Backfilled 31 15-minute bars for NSE:CAMS-EQ (from 2026-09-15)", "module": "data_sync_service", "funcName": "_backfill_symbol", "lineNo": 324}
{"timestamp": "2026-09-16T05:08:44.659896+00:00", "level": "INFO", "logger": "trade_system.domains.trading.infrastructure.brokers.legacy.fyers", "message": "Fetching historical data for NSE:CHOLAFIN-EQ (15) from 2026-09-15 to 2026-09-16", "module": "fyers", "funcName": "fetch_history", "lineNo": 372}
{"timestamp": "2026-09-16T05:08:44.728722+00:00", "level": "INFO", "logger": "trade_system.interfaces.live.data_sync_service", "message": "Backfilled 31 15-minute bars for NSE:CHOLAFIN-EQ (from 2026-09-15)", "module": "data_sync_service", "funcName": "_backfill_symbol", "lineNo": 324}
{"timestamp": "2026-09-16T05:08:44.982552+00:00", "level": "INFO", "logger": "trade_system.domains.trading.infrastructure.brokers.legacy.fyers", "message": "Fetching historical data for NSE:CIPLA-EQ (15) from 2026-09-15 to 2026-09-16", "module": "fyers", "funcName": "fetch_history", "lineNo": 372}
{"timestamp": "2026-09-16T05:08:45.052669+00:00", "level": "INFO", "logger": "trade_system.interfaces.live.data_sync_service", "message": "Backfilled 31 15-minute bars for NSE:CIPLA-EQ (from 2026-09-15)", "module": "data_sync_service", "funcName": "_backfill_symbol", "lineNo": 324}
{"timestamp": "2026-09-16T05:08:45.308805+00:00", "level": "INFO", "logger": "trade_system.domains.trading.infrastructure.brokers.legacy.fyers", "message": "Fetching historical data for NSE:COCHINSHIP-EQ (15) from 2026-09-15 to 2026-09-16", "module": "fyers", "funcName": "fetch_history", "lineNo": 372}
{"timestamp": "2026-09-16T05:08:45.383007+00:00", "level": "INFO", "logger": "trade_system.interfaces.live.data_sync_service", "message": "Backfilled 31 15-minute bars for NSE:COCHINSHIP-EQ (from 2026-09-15)", "module": "data_sync_service", "funcName": "_backfill_symbol", "lineNo": 324}
{"timestamp": "2026-09-16T05:08:45.639128+00:00", "level": "INFO", "logger": "trade_system.domains.trading.infrastructure.brokers.legacy.fyers", "message": "Fetching historical data for NSE:COLPAL-EQ (15) from 2026-09-15 to 2026-09-16", "module": "fyers", "funcName": "fetch_history", "lineNo": 372}
{"timestamp": "2026-09-16T05:08:45.713229+00:00", "level": "INFO", "logger": "trade_system.interfaces.live.data_sync_service", "message": "Backfilled 31 15-minute bars for NSE:COLPAL-EQ (from 2026-09-15)", "module": "data_sync_service", "funcName": "_backfill_symbol", "lineNo": 324}
{"timestamp": "2026-09-16T05:08:45.969324+00:00", "level": "INFO", "logger": "trade_system.domains.trading.infrastructure.brokers.legacy.fyers", "message": "Fetching historical data for NSE:COFORGE-EQ (15) from 2026-09-15 to 2026-09-16", "module": "fyers", "funcName": "fetch_history", "lineNo": 372}
{"timestamp": "2026-09-16T05:08:46.060967+00:00", "level": "INFO", "logger": "trade_system.interfaces.live.data_sync_service", "message": "Backfilled 31 15-minute bars for NSE:COFORGE-EQ (from 2026-09-15)", "module": "data_sync_service", "funcName": "_backfill_symbol", "lineNo": 324}
{"timestamp": "2026-09-16T05:08:46.317573+00:00", "level": "INFO", "logger": "trade_system.domains.trading.infrastructure.brokers.legacy.fyers", "message": "Fetching historical data for NSE:CROMPTON-EQ (15) from 2026-09-15 to 2026-09-16", "module": "fyers", "funcName": "fetch_history", "lineNo": 372}
{"timestamp": "2026-09-16T05:08:46.404002+00:00", "level": "INFO", "logger": "trade_system.interfaces.live.data_sync_service", "message": "Backfilled 31 15-minute bars for NSE:CROMPTON-EQ (from 2026-09-15)", "module": "data_sync_service", "funcName": "_backfill_symbol", "lineNo": 324}
{"timestamp": "2026-09-16T05:08:46.660175+00:00", "level": "INFO", "logger": "trade_system.domains.trading.infrastructure.brokers.legacy.fyers", "message": "Fetching historical data for NSE:CONCOR-EQ (15) from 2026-09-15 to 2026-09-16", "module": "fyers", "funcName": "fetch_history", "lineNo": 372}
{"timestamp": "2026-09-16T05:08:46.735815+00:00", "level": "INFO", "logger": "trade_system.interfaces.live.data_sync_service", "message": "Backfilled 31 15-minute bars for NSE:CONCOR-EQ (from 2026-09-15)", "module": "data_sync_service", "funcName": "_backfill_symbol", "lineNo": 324}
{"timestamp": "2026-09-16T05:08:46.988524+00:00", "level": "INFO", "logger": "trade_system.domains.trading.infrastructure.brokers.legacy.fyers", "message": "Fetching historical data for NSE:DABUR-EQ (15) from 2026-09-15 to 2026-09-16", "module": "fyers", "funcName": "fetch_history", "lineNo": 372}
{"timestamp": "2026-09-16T05:08:47.064061+00:00", "level": "INFO", "logger": "trade_system.interfaces.live.data_sync_service", "message": "Backfilled 31 15-minute bars for NSE:DABUR-EQ (from 2026-09-15)", "module": "data_sync_service", "funcName": "_backfill_symbol", "lineNo": 324}
{"timestamp": "2026-09-16T05:08:47.321984+00:00", "level": "INFO", "logger": "trade_system.domains.trading.infrastructure.brokers.legacy.fyers", "message": "Fetching historical data for NSE:ANGELONE-EQ (15) from 2026-09-15 to 2026-09-16", "module": "fyers", "funcName": "fetch_history", "lineNo": 372}
{"timestamp": "2026-09-16T05:08:47.415025+00:00", "level": "INFO", "logger": "trade_system.interfaces.live.data_sync_service", "message": "Backfilled 31 15-minute bars for NSE:ANGELONE-EQ (from 2026-09-15)", "module": "data_sync_service", "funcName": "_backfill_symbol", "lineNo": 324}
{"timestamp": "2026-09-16T05:08:47.672554+00:00", "level": "INFO", "logger": "trade_system.domains.trading.infrastructure.brokers.legacy.fyers", "message": "Fetching historical data for NSE:APOLLOHOSP-EQ (15) from 2026-09-15 to 2026-09-16", "module": "fyers", "funcName": "fetch_history", "lineNo": 372}
{"timestamp": "2026-09-16T05:08:47.753766+00:00", "level": "INFO", "logger": "trade_system.interfaces.live.data_sync_service", "message": "Backfilled 31 15-minute bars for NSE:APOLLOHOSP-EQ (from 2026-09-15)", "module": "data_sync_service", "funcName": "_backfill_symbol", "lineNo": 324}
{"timestamp": "2026-09-16T05:08:48.007277+00:00", "level": "INFO", "logger": "trade_system.domains.trading.infrastructure.brokers.legacy.fyers", "message": "Fetching historical data for NSE:DELHIVERY-EQ (15) from 2026-09-15 to 2026-09-16", "module": "fyers", "funcName": "fetch_history", "lineNo": 372}
{"timestamp": "2026-09-16T05:08:48.078932+00:00", "level": "INFO", "logger": "trade_system.interfaces.live.data_sync_service", "message": "Backfilled 31 15-minute bars for NSE:DELHIVERY-EQ (from 2026-09-15)", "module": "data_sync_service", "funcName": "_backfill_symbol", "lineNo": 324}
{"timestamp": "2026-09-16T05:08:48.335995+00:00", "level": "INFO", "logger": "trade_system.domains.trading.infrastructure.brokers.legacy.fyers", "message": "Fetching historical data for NSE:DIVISLAB-EQ (15) from 2026-09-15 to 2026-09-16", "module": "fyers", "funcName": "fetch_history", "lineNo": 372}
{"timestamp": "2026-09-16T05:08:48.442390+00:00", "level": "INFO", "logger": "trade_system.interfaces.live.data_sync_service", "message": "Backfilled 31 15-minute bars for NSE:DIVISLAB-EQ (from 2026-09-15)", "module": "data_sync_service", "funcName": "_backfill_symbol", "lineNo": 324}
{"timestamp": "2026-09-16T05:08:48.699429+00:00", "level": "INFO", "logger": "trade_system.domains.trading.infrastructure.brokers.legacy.fyers", "message": "Fetching historical data for NSE:DLF-EQ (15) from 2026-09-15 to 2026-09-16", "module": "fyers", "funcName": "fetch_history", "lineNo": 372}
{"timestamp": "2026-09-16T05:08:48.777221+00:00", "level": "INFO", "logger": "trade_system.interfaces.live.data_sync_service", "message": "Backfilled 31 15-minute bars for NSE:DLF-EQ (from 2026-09-15)", "module": "data_sync_service", "funcName": "_backfill_symbol", "lineNo": 324}
{"timestamp": "2026-09-16T05:08:49.033853+00:00", "level": "INFO", "logger": "trade_system.domains.trading.infrastructure.brokers.legacy.fyers", "message": "Fetching historical data for NSE:DMART-EQ (15) from 2026-09-15 to 2026-09-16", "module": "fyers", "funcName": "fetch_history", "lineNo": 372}
{"timestamp": "2026-09-16T05:08:49.110302+00:00", "level": "INFO", "logger": "trade_system.interfaces.live.data_sync_service", "message": "Backfilled 31 15-minute bars for NSE:DMART-EQ (from 2026-09-15)", "module": "data_sync_service", "funcName": "_backfill_symbol", "lineNo": 324}
{"timestamp": "2026-09-16T05:08:49.376757+00:00", "level": "INFO", "logger": "trade_system.domains.trading.infrastructure.brokers.legacy.fyers", "message": "Fetching historical data for NSE:DRREDDY-EQ (15) from 2026-09-15 to 2026-09-16", "module": "fyers", "funcName": "fetch_history", "lineNo": 372}
{"timestamp": "2026-09-16T05:08:49.468181+00:00", "level": "INFO", "logger": "trade_system.interfaces.live.data_sync_service", "message": "Backfilled 31 15-minute bars for NSE:DRREDDY-EQ (from 2026-09-15)", "module": "data_sync_service", "funcName": "_backfill_symbol", "lineNo": 324}
{"timestamp": "2026-09-16T05:08:49.721699+00:00", "level": "INFO", "logger": "trade_system.domains.trading.infrastructure.brokers.legacy.fyers", "message": "Fetching historical data for NSE:DIXON-EQ (15) from 2026-09-15 to 2026-09-16", "module": "fyers", "funcName": "fetch_history", "lineNo": 372}
{"timestamp": "2026-09-16T05:08:49.812243+00:00", "level": "INFO", "logger": "trade_system.interfaces.live.data_sync_service", "message": "Backfilled 31 15-minute bars for NSE:DIXON-EQ (from 2026-09-15)", "module": "data_sync_service", "funcName": "_backfill_symbol", "lineNo": 324}
{"timestamp": "2026-09-16T05:08:50.065873+00:00", "level": "INFO", "logger": "trade_system.domains.trading.infrastructure.brokers.legacy.fyers", "message": "Fetching historical data for NSE:ETERNAL-EQ (15) from 2026-09-15 to 2026-09-16", "module": "fyers", "funcName": "fetch_history", "lineNo": 372}
{"timestamp": "2026-09-16T05:08:50.140641+00:00", "level": "INFO", "logger": "trade_system.interfaces.live.data_sync_service", "message": "Backfilled 31 15-minute bars for NSE:ETERNAL-EQ (from 2026-09-15)", "module": "data_sync_service", "funcName": "_backfill_symbol", "lineNo": 324}
{"timestamp": "2026-09-16T05:08:50.396921+00:00", "level": "INFO", "logger": "trade_system.domains.trading.infrastructure.brokers.legacy.fyers", "message": "Fetching historical data for NSE:FORCEMOT-EQ (15) from 2026-09-15 to 2026-09-16", "module": "fyers", "funcName": "fetch_history", "lineNo": 372}
{"timestamp": "2026-09-16T05:08:50.512670+00:00", "level": "INFO", "logger": "trade_system.interfaces.live.data_sync_service", "message": "Backfilled 31 15-minute bars for NSE:FORCEMOT-EQ (from 2026-09-15)", "module": "data_sync_service", "funcName": "_backfill_symbol", "lineNo": 324}
{"timestamp": "2026-09-16T05:08:50.768908+00:00", "level": "INFO", "logger": "trade_system.domains.trading.infrastructure.brokers.legacy.fyers", "message": "Fetching historical data for NSE:FORTIS-EQ (15) from 2026-09-15 to 2026-09-16", "module": "fyers", "funcName": "fetch_history", "lineNo": 372}
{"timestamp": "2026-09-16T05:08:50.851119+00:00", "level": "INFO", "logger": "trade_system.interfaces.live.data_sync_service", "message": "Backfilled 31 15-minute bars for NSE:FORTIS-EQ (from 2026-09-15)", "module": "data_sync_service", "funcName": "_backfill_symbol", "lineNo": 324}
{"timestamp": "2026-09-16T05:08:51.102873+00:00", "level": "INFO", "logger": "trade_system.domains.trading.infrastructure.brokers.legacy.fyers", "message": "Fetching historical data for NSE:GLENMARK-EQ (15) from 2026-09-15 to 2026-09-16", "module": "fyers", "funcName": "fetch_history", "lineNo": 372}
{"timestamp": "2026-09-16T05:08:51.171908+00:00", "level": "INFO", "logger": "trade_system.interfaces.live.data_sync_service", "message": "Backfilled 31 15-minute bars for NSE:GLENMARK-EQ (from 2026-09-15)", "module": "data_sync_service", "funcName": "_backfill_symbol", "lineNo": 324}
{"timestamp": "2026-09-16T05:08:51.428008+00:00", "level": "INFO", "logger": "trade_system.domains.trading.infrastructure.brokers.legacy.fyers", "message": "Fetching historical data for NSE:GODFRYPHLP-EQ (15) from 2026-09-15 to 2026-09-16", "module": "fyers", "funcName": "fetch_history", "lineNo": 372}
{"timestamp": "2026-09-16T05:08:51.503518+00:00", "level": "INFO", "logger": "trade_system.interfaces.live.data_sync_service", "message": "Backfilled 31 15-minute bars for NSE:GODFRYPHLP-EQ (from 2026-09-15)", "module": "data_sync_service", "funcName": "_backfill_symbol", "lineNo": 324}
{"timestamp": "2026-09-16T05:08:51.759570+00:00", "level": "INFO", "logger": "trade_system.domains.trading.infrastructure.brokers.legacy.fyers", "message": "Fetching historical data for NSE:BANKINDIA-EQ (15) from 2026-09-15 to 2026-09-16", "module": "fyers", "funcName": "fetch_history", "lineNo": 372}
{"timestamp": "2026-09-16T05:08:51.829279+00:00", "level": "INFO", "logger": "trade_system.interfaces.live.data_sync_service", "message": "Backfilled 31 15-minute bars for NSE:BANKINDIA-EQ (from 2026-09-15)", "module": "data_sync_service", "funcName": "_backfill_symbol", "lineNo": 324}
{"timestamp": "2026-09-16T05:08:52.082559+00:00", "level": "INFO", "logger": "trade_system.domains.trading.infrastructure.brokers.legacy.fyers", "message": "Fetching historical data for NSE:GODREJPROP-EQ (15) from 2026-09-15 to 2026-09-16", "module": "fyers", "funcName": "fetch_history", "lineNo": 372}
{"timestamp": "2026-09-16T05:08:52.150971+00:00", "level": "INFO", "logger": "trade_system.interfaces.live.data_sync_service", "message": "Backfilled 31 15-minute bars for NSE:GODREJPROP-EQ (from 2026-09-15)", "module": "data_sync_service", "funcName": "_backfill_symbol", "lineNo": 324}
{"timestamp": "2026-09-16T05:08:52.410701+00:00", "level": "INFO", "logger": "trade_system.domains.trading.infrastructure.brokers.legacy.fyers", "message": "Fetching historical data for NSE:GODREJCP-EQ (15) from 2026-09-15 to 2026-09-16", "module": "fyers", "funcName": "fetch_history", "lineNo": 372}
{"timestamp": "2026-09-16T05:08:52.482598+00:00", "level": "INFO", "logger": "trade_system.interfaces.live.data_sync_service", "message": "Backfilled 31 15-minute bars for NSE:GODREJCP-EQ (from 2026-09-15)", "module": "data_sync_service", "funcName": "_backfill_symbol", "lineNo": 324}
{"timestamp": "2026-09-16T05:08:52.738668+00:00", "level": "INFO", "logger": "trade_system.domains.trading.infrastructure.brokers.legacy.fyers", "message": "Fetching historical data for NSE:HCLTECH-EQ (15) from 2026-09-15 to 2026-09-16", "module": "fyers", "funcName": "fetch_history", "lineNo": 372}
{"timestamp": "2026-09-16T05:08:52.817233+00:00", "level": "INFO", "logger": "trade_system.interfaces.live.data_sync_service", "message": "Backfilled 31 15-minute bars for NSE:HCLTECH-EQ (from 2026-09-15)", "module": "data_sync_service", "funcName": "_backfill_symbol", "lineNo": 324}
{"timestamp": "2026-09-16T05:08:53.073301+00:00", "level": "INFO", "logger": "trade_system.domains.trading.infrastructure.brokers.legacy.fyers", "message": "Fetching historical data for NSE:HDFCBANK-EQ (15) from 2026-09-15 to 2026-09-16", "module": "fyers", "funcName": "fetch_history", "lineNo": 372}
{"timestamp": "2026-09-16T05:08:53.149484+00:00", "level": "INFO", "logger": "trade_system.interfaces.live.data_sync_service", "message": "Backfilled 31 15-minute bars for NSE:HDFCBANK-EQ (from 2026-09-15)", "module": "data_sync_service", "funcName": "_backfill_symbol", "lineNo": 324}
{"timestamp": "2026-09-16T05:08:53.405929+00:00", "level": "INFO", "logger": "trade_system.domains.trading.infrastructure.brokers.legacy.fyers", "message": "Fetching historical data for NSE:GRASIM-EQ (15) from 2026-09-15 to 2026-09-16", "module": "fyers", "funcName": "fetch_history", "lineNo": 372}
{"timestamp": "2026-09-16T05:08:53.479194+00:00", "level": "INFO", "logger": "trade_system.interfaces.live.data_sync_service", "message": "Backfilled 31 15-minute bars for NSE:GRASIM-EQ (from 2026-09-15)", "module": "data_sync_service", "funcName": "_backfill_symbol", "lineNo": 324}
{"timestamp": "2026-09-16T05:08:53.735176+00:00", "level": "INFO", "logger": "trade_system.domains.trading.infrastructure.brokers.legacy.fyers", "message": "Fetching historical data for NSE:GVT&D-EQ (15) from 2026-09-15 to 2026-09-16", "module": "fyers", "funcName": "fetch_history", "lineNo": 372}
{"timestamp": "2026-09-16T05:08:53.803833+00:00", "level": "INFO", "logger": "trade_system.interfaces.live.data_sync_service", "message": "Backfilled 31 15-minute bars for NSE:GVT&D-EQ (from 2026-09-15)", "module": "data_sync_service", "funcName": "_backfill_symbol", "lineNo": 324}
{"timestamp": "2026-09-16T05:08:54.059847+00:00", "level": "INFO", "logger": "trade_system.domains.trading.infrastructure.brokers.legacy.fyers", "message": "Fetching historical data for NSE:HAVELLS-EQ (15) from 2026-09-15 to 2026-09-16", "module": "fyers", "funcName": "fetch_history", "lineNo": 372}
{"timestamp": "2026-09-16T05:08:54.127683+00:00", "level": "INFO", "logger": "trade_system.interfaces.live.data_sync_service", "message": "Backfilled 31 15-minute bars for NSE:HAVELLS-EQ (from 2026-09-15)", "module": "data_sync_service", "funcName": "_backfill_symbol", "lineNo": 324}
{"timestamp": "2026-09-16T05:08:54.383299+00:00", "level": "INFO", "logger": "trade_system.domains.trading.infrastructure.brokers.legacy.fyers", "message": "Fetching historical data for NSE:HDFCLIFE-EQ (15) from 2026-09-15 to 2026-09-16", "module": "fyers", "funcName": "fetch_history", "lineNo": 372}
{"timestamp": "2026-09-16T05:08:54.471591+00:00", "level": "INFO", "logger": "trade_system.interfaces.live.data_sync_service", "message": "Backfilled 31 15-minute bars for NSE:HDFCLIFE-EQ (from 2026-09-15)", "module": "data_sync_service", "funcName": "_backfill_symbol", "lineNo": 324}
{"timestamp": "2026-09-16T05:08:54.727763+00:00", "level": "INFO", "logger": "trade_system.domains.trading.infrastructure.brokers.legacy.fyers", "message": "Fetching historical data for NSE:BEL-EQ (15) from 2026-09-15 to 2026-09-16", "module": "fyers", "funcName": "fetch_history", "lineNo": 372}
{"timestamp": "2026-09-16T05:08:54.805274+00:00", "level": "INFO", "logger": "trade_system.interfaces.live.data_sync_service", "message": "Backfilled 31 15-minute bars for NSE:BEL-EQ (from 2026-09-15)", "module": "data_sync_service", "funcName": "_backfill_symbol", "lineNo": 324}
{"timestamp": "2026-09-16T05:08:55.061200+00:00", "level": "INFO", "logger": "trade_system.domains.trading.infrastructure.brokers.legacy.fyers", "message": "Fetching historical data for NSE:BHEL-EQ (15) from 2026-09-15 to 2026-09-16", "module": "fyers", "funcName": "fetch_history", "lineNo": 372}
{"timestamp": "2026-09-16T05:08:55.132242+00:00", "level": "INFO", "logger": "trade_system.interfaces.live.data_sync_service", "message": "Backfilled 31 15-minute bars for NSE:BHEL-EQ (from 2026-09-15)", "module": "data_sync_service", "funcName": "_backfill_symbol", "lineNo": 324}
{"timestamp": "2026-09-16T05:08:55.388408+00:00", "level": "INFO", "logger": "trade_system.domains.trading.infrastructure.brokers.legacy.fyers", "message": "Fetching historical data for NSE:HINDALCO-EQ (15) from 2026-09-15 to 2026-09-16", "module": "fyers", "funcName": "fetch_history", "lineNo": 372}
{"timestamp": "2026-09-16T05:08:55.464766+00:00", "level": "INFO", "logger": "trade_system.interfaces.live.data_sync_service", "message": "Backfilled 31 15-minute bars for NSE:HINDALCO-EQ (from 2026-09-15)", "module": "data_sync_service", "funcName": "_backfill_symbol", "lineNo": 324}
{"timestamp": "2026-09-16T05:08:55.720946+00:00", "level": "INFO", "logger": "trade_system.domains.trading.infrastructure.brokers.legacy.fyers", "message": "Fetching historical data for NSE:BIOCON-EQ (15) from 2026-09-15 to 2026-09-16", "module": "fyers", "funcName": "fetch_history", "lineNo": 372}
{"timestamp": "2026-09-16T05:08:55.798984+00:00", "level": "INFO", "logger": "trade_system.interfaces.live.data_sync_service", "message": "Backfilled 31 15-minute bars for NSE:BIOCON-EQ (from 2026-09-15)", "module": "data_sync_service", "funcName": "_backfill_symbol", "lineNo": 324}
{"timestamp": "2026-09-16T05:08:56.055077+00:00", "level": "INFO", "logger": "trade_system.domains.trading.infrastructure.brokers.legacy.fyers", "message": "Fetching historical data for NSE:HINDUNILVR-EQ (15) from 2026-09-15 to 2026-09-16", "module": "fyers", "funcName": "fetch_history", "lineNo": 372}
{"timestamp": "2026-09-16T05:08:56.131929+00:00", "level": "INFO", "logger": "trade_system.interfaces.live.data_sync_service", "message": "Backfilled 31 15-minute bars for NSE:HINDUNILVR-EQ (from 2026-09-15)", "module": "data_sync_service", "funcName": "_backfill_symbol", "lineNo": 324}
{"timestamp": "2026-09-16T05:08:56.388123+00:00", "level": "INFO", "logger": "trade_system.domains.trading.infrastructure.brokers.legacy.fyers", "message": "Fetching historical data for NSE:HINDZINC-EQ (15) from 2026-09-15 to 2026-09-16", "module": "fyers", "funcName": "fetch_history", "lineNo": 372}
{"timestamp": "2026-09-16T05:08:56.457005+00:00", "level": "INFO", "logger": "trade_system.interfaces.live.data_sync_service", "message": "Backfilled 31 15-minute bars for NSE:HINDZINC-EQ (from 2026-09-15)", "module": "data_sync_service", "funcName": "_backfill_symbol", "lineNo": 324}
{"timestamp": "2026-09-16T05:08:56.710183+00:00", "level": "INFO", "logger": "trade_system.domains.trading.infrastructure.brokers.legacy.fyers", "message": "Fetching historical data for NSE:IDFCFIRSTB-EQ (15) from 2026-09-15 to 2026-09-16", "module": "fyers", "funcName": "fetch_history", "lineNo": 372}
{"timestamp": "2026-09-16T05:08:56.779063+00:00", "level": "INFO", "logger": "trade_system.interfaces.live.data_sync_service", "message": "Backfilled 31 15-minute bars for NSE:IDFCFIRSTB-EQ (from 2026-09-15)", "module": "data_sync_service", "funcName": "_backfill_symbol", "lineNo": 324}
{"timestamp": "2026-09-16T05:08:57.032728+00:00", "level": "INFO", "logger": "trade_system.domains.trading.infrastructure.brokers.legacy.fyers", "message": "Fetching historical data for NSE:INDUSINDBK-EQ (15) from 2026-09-15 to 2026-09-16", "module": "fyers", "funcName": "fetch_history", "lineNo": 372}
{"timestamp": "2026-09-16T05:08:57.104189+00:00", "level": "INFO", "logger": "trade_system.interfaces.live.data_sync_service", "message": "Backfilled 31 15-minute bars for NSE:INDUSINDBK-EQ (from 2026-09-15)", "module": "data_sync_service", "funcName": "_backfill_symbol", "lineNo": 324}
{"timestamp": "2026-09-16T05:08:57.360418+00:00", "level": "INFO", "logger": "trade_system.domains.trading.infrastructure.brokers.legacy.fyers", "message": "Fetching historical data for NSE:ICICIGI-EQ (15) from 2026-09-15 to 2026-09-16", "module": "fyers", "funcName": "fetch_history", "lineNo": 372}
{"timestamp": "2026-09-16T05:08:57.428771+00:00", "level": "INFO", "logger": "trade_system.interfaces.live.data_sync_service", "message": "Backfilled 31 15-minute bars for NSE:ICICIGI-EQ (from 2026-09-15)", "module": "data_sync_service", "funcName": "_backfill_symbol", "lineNo": 324}
{"timestamp": "2026-09-16T05:08:57.683855+00:00", "level": "INFO", "logger": "trade_system.domains.trading.infrastructure.brokers.legacy.fyers", "message": "Fetching historical data for NSE:CGPOWER-EQ (15) from 2026-09-15 to 2026-09-16", "module": "fyers", "funcName": "fetch_history", "lineNo": 372}
{"timestamp": "2026-09-16T05:08:57.752882+00:00", "level": "INFO", "logger": "trade_system.interfaces.live.data_sync_service", "message": "Backfilled 31 15-minute bars for NSE:CGPOWER-EQ (from 2026-09-15)", "module": "data_sync_service", "funcName": "_backfill_symbol", "lineNo": 324}
{"timestamp": "2026-09-16T05:08:58.008906+00:00", "level": "INFO", "logger": "trade_system.domains.trading.infrastructure.brokers.legacy.fyers", "message": "Fetching historical data for NSE:IRFC-EQ (15) from 2026-09-15 to 2026-09-16", "module": "fyers", "funcName": "fetch_history", "lineNo": 372}
{"timestamp": "2026-09-16T05:08:58.077584+00:00", "level": "INFO", "logger": "trade_system.interfaces.live.data_sync_service", "message": "Backfilled 31 15-minute bars for NSE:IRFC-EQ (from 2026-09-15)", "module": "data_sync_service", "funcName": "_backfill_symbol", "lineNo": 324}
{"timestamp": "2026-09-16T05:08:58.333736+00:00", "level": "INFO", "logger": "trade_system.domains.trading.infrastructure.brokers.legacy.fyers", "message": "Fetching historical data for NSE:JINDALSTEL-EQ (15) from 2026-09-15 to 2026-09-16", "module": "fyers", "funcName": "fetch_history", "lineNo": 372}
{"timestamp": "2026-09-16T05:08:58.404106+00:00", "level": "INFO", "logger": "trade_system.interfaces.live.data_sync_service", "message": "Backfilled 31 15-minute bars for NSE:JINDALSTEL-EQ (from 2026-09-15)", "module": "data_sync_service", "funcName": "_backfill_symbol", "lineNo": 324}
{"timestamp": "2026-09-16T05:08:58.660190+00:00", "level": "INFO", "logger": "trade_system.domains.trading.infrastructure.brokers.legacy.fyers", "message": "Fetching historical data for NSE:JIOFIN-EQ (15) from 2026-09-15 to 2026-09-16", "module": "fyers", "funcName": "fetch_history", "lineNo": 372}
{"timestamp": "2026-09-16T05:08:58.734383+00:00", "level": "INFO", "logger": "trade_system.interfaces.live.data_sync_service", "message": "Backfilled 31 15-minute bars for NSE:JIOFIN-EQ (from 2026-09-15)", "module": "data_sync_service", "funcName": "_backfill_symbol", "lineNo": 324}
{"timestamp": "2026-09-16T05:08:58.988246+00:00", "level": "INFO", "logger": "trade_system.domains.trading.infrastructure.brokers.legacy.fyers", "message": "Fetching historical data for NSE:IEX-EQ (15) from 2026-09-15 to 2026-09-16", "module": "fyers", "funcName": "fetch_history", "lineNo": 372}
{"timestamp": "2026-09-16T05:08:59.070931+00:00", "level": "INFO", "logger": "trade_system.interfaces.live.data_sync_service", "message": "Backfilled 31 15-minute bars for NSE:IEX-EQ (from 2026-09-15)", "module": "data_sync_service", "funcName": "_backfill_symbol", "lineNo": 324}
{"timestamp": "2026-09-16T05:08:59.324081+00:00", "level": "INFO", "logger": "trade_system.domains.trading.infrastructure.brokers.legacy.fyers", "message": "Fetching historical data for NSE:INDHOTEL-EQ (15) from 2026-09-15 to 2026-09-16", "module": "fyers", "funcName": "fetch_history", "lineNo": 372}
{"timestamp": "2026-09-16T05:08:59.394167+00:00", "level": "INFO", "logger": "trade_system.interfaces.live.data_sync_service", "message": "Backfilled 31 15-minute bars for NSE:INDHOTEL-EQ (from 2026-09-15)", "module": "data_sync_service", "funcName": "_backfill_symbol", "lineNo": 324}
{"timestamp": "2026-09-16T05:08:59.647967+00:00", "level": "INFO", "logger": "trade_system.domains.trading.infrastructure.brokers.legacy.fyers", "message": "Fetching historical data for NSE:INDIANB-EQ (15) from 2026-09-15 to 2026-09-16", "module": "fyers", "funcName": "fetch_history", "lineNo": 372}
{"timestamp": "2026-09-16T05:08:59.715610+00:00", "level": "INFO", "logger": "trade_system.interfaces.live.data_sync_service", "message": "Backfilled 31 15-minute bars for NSE:INDIANB-EQ (from 2026-09-15)", "module": "data_sync_service", "funcName": "_backfill_symbol", "lineNo": 324}
{"timestamp": "2026-09-16T05:08:59.971729+00:00", "level": "INFO", "logger": "trade_system.domains.trading.infrastructure.brokers.legacy.fyers", "message": "Fetching historical data for NSE:JSWENERGY-EQ (15) from 2026-09-15 to 2026-09-16", "module": "fyers", "funcName": "fetch_history", "lineNo": 372}
{"timestamp": "2026-09-16T05:09:00.074574+00:00", "level": "INFO", "logger": "trade_system.interfaces.live.data_sync_service", "message": "Backfilled 31 15-minute bars for NSE:JSWENERGY-EQ (from 2026-09-15)", "module": "data_sync_service", "funcName": "_backfill_symbol", "lineNo": 324}
{"timestamp": "2026-09-16T05:09:00.330191+00:00", "level": "INFO", "logger": "trade_system.domains.trading.infrastructure.brokers.legacy.fyers", "message": "Fetching historical data for NSE:JSWSTEEL-EQ (15) from 2026-09-15 to 2026-09-16", "module": "fyers", "funcName": "fetch_history", "lineNo": 372}
{"timestamp": "2026-09-16T05:09:00.418724+00:00", "level": "INFO", "logger": "trade_system.interfaces.live.data_sync_service", "message": "Backfilled 31 15-minute bars for NSE:JSWSTEEL-EQ (from 2026-09-15)", "module": "data_sync_service", "funcName": "_backfill_symbol", "lineNo": 324}
{"timestamp": "2026-09-16T05:09:00.674797+00:00", "level": "INFO", "logger": "trade_system.domains.trading.infrastructure.brokers.legacy.fyers", "message": "Fetching historical data for NSE:KAYNES-EQ (15) from 2026-09-15 to 2026-09-16", "module": "fyers", "funcName": "fetch_history", "lineNo": 372}
{"timestamp": "2026-09-16T05:09:00.746618+00:00", "level": "INFO", "logger": "trade_system.interfaces.live.data_sync_service", "message": "Backfilled 31 15-minute bars for NSE:KAYNES-EQ (from 2026-09-15)", "module": "data_sync_service", "funcName": "_backfill_symbol", "lineNo": 324}
{"timestamp": "2026-09-16T05:09:00.998309+00:00", "level": "INFO", "logger": "trade_system.domains.trading.infrastructure.brokers.legacy.fyers", "message": "Fetching historical data for NSE:KEI-EQ (15) from 2026-09-15 to 2026-09-16", "module": "fyers", "funcName": "fetch_history", "lineNo": 372}
{"timestamp": "2026-09-16T05:09:01.066698+00:00", "level": "INFO", "logger": "trade_system.interfaces.live.data_sync_service", "message": "Backfilled 31 15-minute bars for NSE:KEI-EQ (from 2026-09-15)", "module": "data_sync_service", "funcName": "_backfill_symbol", "lineNo": 324}
{"timestamp": "2026-09-16T05:09:01.322877+00:00", "level": "INFO", "logger": "trade_system.domains.trading.infrastructure.brokers.legacy.fyers", "message": "Fetching historical data for NSE:INFY-EQ (15) from 2026-09-15 to 2026-09-16", "module": "fyers", "funcName": "fetch_history", "lineNo": 372}
{"timestamp": "2026-09-16T05:09:01.396829+00:00", "level": "INFO", "logger": "trade_system.interfaces.live.data_sync_service", "message": "Backfilled 31 15-minute bars for NSE:INFY-EQ (from 2026-09-15)", "module": "data_sync_service", "funcName": "_backfill_symbol", "lineNo": 324}
{"timestamp": "2026-09-16T05:09:01.650011+00:00", "level": "INFO", "logger": "trade_system.domains.trading.infrastructure.brokers.legacy.fyers", "message": "Fetching historical data for NSE:INOXWIND-EQ (15) from 2026-09-15 to 2026-09-16", "module": "fyers", "funcName": "fetch_history", "lineNo": 372}
{"timestamp": "2026-09-16T05:09:01.745143+00:00", "level": "INFO", "logger": "trade_system.interfaces.live.data_sync_service", "message": "Backfilled 31 15-minute bars for NSE:INOXWIND-EQ (from 2026-09-15)", "module": "data_sync_service", "funcName": "_backfill_symbol", "lineNo": 324}
{"timestamp": "2026-09-16T05:09:02.001295+00:00", "level": "INFO", "logger": "trade_system.domains.trading.infrastructure.brokers.legacy.fyers", "message": "Fetching historical data for NSE:ITC-EQ (15) from 2026-09-15 to 2026-09-16", "module": "fyers", "funcName": "fetch_history", "lineNo": 372}
{"timestamp": "2026-09-16T05:09:02.071283+00:00", "level": "INFO", "logger": "trade_system.interfaces.live.data_sync_service", "message": "Backfilled 31 15-minute bars for NSE:ITC-EQ (from 2026-09-15)", "module": "data_sync_service", "funcName": "_backfill_symbol", "lineNo": 324}
{"timestamp": "2026-09-16T05:09:02.327325+00:00", "level": "INFO", "logger": "trade_system.domains.trading.infrastructure.brokers.legacy.fyers", "message": "Fetching historical data for NSE:KPITTECH-EQ (15) from 2026-09-16 to 2026-09-16", "module": "fyers", "funcName": "fetch_history", "lineNo": 372}
{"timestamp": "2026-09-16T05:09:02.395093+00:00", "level": "INFO", "logger": "trade_system.interfaces.live.data_sync_service", "message": "Backfilled 6 15-minute bars for NSE:KPITTECH-EQ (from 2026-09-16)", "module": "data_sync_service", "funcName": "_backfill_symbol", "lineNo": 324}
{"timestamp": "2026-09-16T05:09:02.649994+00:00", "level": "INFO", "logger": "trade_system.domains.trading.infrastructure.brokers.legacy.fyers", "message": "Fetching historical data for NSE:JUBLFOOD-EQ (15) from 2026-09-16 to 2026-09-16", "module": "fyers", "funcName": "fetch_history", "lineNo": 372}
{"timestamp": "2026-09-16T05:09:02.712155+00:00", "level": "INFO", "logger": "trade_system.interfaces.live.data_sync_service", "message": "Backfilled 6 15-minute bars for NSE:JUBLFOOD-EQ (from 2026-09-16)", "module": "data_sync_service", "funcName": "_backfill_symbol", "lineNo": 324}
{"timestamp": "2026-09-16T05:09:02.968357+00:00", "level": "INFO", "logger": "trade_system.domains.trading.infrastructure.brokers.legacy.fyers", "message": "Fetching historical data for NSE:LT-EQ (15) from 2026-09-16 to 2026-09-16", "module": "fyers", "funcName": "fetch_history", "lineNo": 372}
{"timestamp": "2026-09-16T05:09:03.048943+00:00", "level": "INFO", "logger": "trade_system.interfaces.live.data_sync_service", "message": "Backfilled 6 15-minute bars for NSE:LT-EQ (from 2026-09-16)", "module": "data_sync_service", "funcName": "_backfill_symbol", "lineNo": 324}
{"timestamp": "2026-09-16T05:09:03.303870+00:00", "level": "INFO", "logger": "trade_system.domains.trading.infrastructure.brokers.legacy.fyers", "message": "Fetching historical data for NSE:M&M-EQ (15) from 2026-09-16 to 2026-09-16", "module": "fyers", "funcName": "fetch_history", "lineNo": 372}
{"timestamp": "2026-09-16T05:09:03.372094+00:00", "level": "INFO", "logger": "trade_system.interfaces.live.data_sync_service", "message": "Backfilled 6 15-minute bars for NSE:M&M-EQ (from 2026-09-16)", "module": "data_sync_service", "funcName": "_backfill_symbol", "lineNo": 324}
{"timestamp": "2026-09-16T05:09:03.623787+00:00", "level": "INFO", "logger": "trade_system.domains.trading.infrastructure.brokers.legacy.fyers", "message": "Fetching historical data for NSE:KALYANKJIL-EQ (15) from 2026-09-16 to 2026-09-16", "module": "fyers", "funcName": "fetch_history", "lineNo": 372}
{"timestamp": "2026-09-16T05:09:03.692667+00:00", "level": "INFO", "logger": "trade_system.interfaces.live.data_sync_service", "message": "Backfilled 6 15-minute bars for NSE:KALYANKJIL-EQ (from 2026-09-16)", "module": "data_sync_service", "funcName": "_backfill_symbol", "lineNo": 324}
{"timestamp": "2026-09-16T05:09:03.948322+00:00", "level": "INFO", "logger": "trade_system.domains.trading.infrastructure.brokers.legacy.fyers", "message": "Fetching historical data for NSE:MANKIND-EQ (15) from 2026-09-16 to 2026-09-16", "module": "fyers", "funcName": "fetch_history", "lineNo": 372}
{"timestamp": "2026-09-16T05:09:04.023276+00:00", "level": "INFO", "logger": "trade_system.interfaces.live.data_sync_service", "message": "Backfilled 6 15-minute bars for NSE:MANKIND-EQ (from 2026-09-16)", "module": "data_sync_service", "funcName": "_backfill_symbol", "lineNo": 324}
{"timestamp": "2026-09-16T05:09:04.279148+00:00", "level": "INFO", "logger": "trade_system.domains.trading.infrastructure.brokers.legacy.fyers", "message": "Fetching historical data for NSE:MARICO-EQ (15) from 2026-09-16 to 2026-09-16", "module": "fyers", "funcName": "fetch_history", "lineNo": 372}
{"timestamp": "2026-09-16T05:09:04.360155+00:00", "level": "INFO", "logger": "trade_system.interfaces.live.data_sync_service", "message": "Backfilled 6 15-minute bars for NSE:MARICO-EQ (from 2026-09-16)", "module": "data_sync_service", "funcName": "_backfill_symbol", "lineNo": 324}
{"timestamp": "2026-09-16T05:09:04.611424+00:00", "level": "INFO", "logger": "trade_system.domains.trading.infrastructure.brokers.legacy.fyers", "message": "Fetching historical data for NSE:ADANIPOWER-EQ (15) from 2026-09-16 to 2026-09-16", "module": "fyers", "funcName": "fetch_history", "lineNo": 372}
{"timestamp": "2026-09-16T05:09:04.699473+00:00", "level": "INFO", "logger": "trade_system.interfaces.live.data_sync_service", "message": "Backfilled 6 15-minute bars for NSE:ADANIPOWER-EQ (from 2026-09-16)", "module": "data_sync_service", "funcName": "_backfill_symbol", "lineNo": 324}
{"timestamp": "2026-09-16T05:09:04.951639+00:00", "level": "INFO", "logger": "trade_system.domains.trading.infrastructure.brokers.legacy.fyers", "message": "Fetching historical data for NSE:MCX-EQ (15) from 2026-09-16 to 2026-09-16", "module": "fyers", "funcName": "fetch_history", "lineNo": 372}
{"timestamp": "2026-09-16T05:09:05.020150+00:00", "level": "INFO", "logger": "trade_system.interfaces.live.data_sync_service", "message": "Backfilled 6 15-minute bars for NSE:MCX-EQ (from 2026-09-16)", "module": "data_sync_service", "funcName": "_backfill_symbol", "lineNo": 324}
{"timestamp": "2026-09-16T05:09:05.276223+00:00", "level": "INFO", "logger": "trade_system.domains.trading.infrastructure.brokers.legacy.fyers", "message": "Fetching historical data for NSE:NAM-INDIA-EQ (15) from 2026-09-16 to 2026-09-16", "module": "fyers", "funcName": "fetch_history", "lineNo": 372}
{"timestamp": "2026-09-16T05:09:05.350276+00:00", "level": "INFO", "logger": "trade_system.interfaces.live.data_sync_service", "message": "Backfilled 6 15-minute bars for NSE:NAM-INDIA-EQ (from 2026-09-16)", "module": "data_sync_service", "funcName": "_backfill_symbol", "lineNo": 324}
{"timestamp": "2026-09-16T05:09:05.604942+00:00", "level": "INFO", "logger": "trade_system.domains.trading.infrastructure.brokers.legacy.fyers", "message": "Fetching historical data for NSE:KFINTECH-EQ (15) from 2026-09-16 to 2026-09-16", "module": "fyers", "funcName": "fetch_history", "lineNo": 372}
{"timestamp": "2026-09-16T05:09:05.670332+00:00", "level": "INFO", "logger": "trade_system.interfaces.live.data_sync_service", "message": "Backfilled 6 15-minute bars for NSE:KFINTECH-EQ (from 2026-09-16)", "module": "data_sync_service", "funcName": "_backfill_symbol", "lineNo": 324}
{"timestamp": "2026-09-16T05:09:05.925220+00:00", "level": "INFO", "logger": "trade_system.domains.trading.infrastructure.brokers.legacy.fyers", "message": "Fetching historical data for NSE:NESTLEIND-EQ (15) from 2026-09-16 to 2026-09-16", "module": "fyers", "funcName": "fetch_history", "lineNo": 372}
{"timestamp": "2026-09-16T05:09:05.993376+00:00", "level": "INFO", "logger": "trade_system.interfaces.live.data_sync_service", "message": "Backfilled 6 15-minute bars for NSE:NESTLEIND-EQ (from 2026-09-16)", "module": "data_sync_service", "funcName": "_backfill_symbol", "lineNo": 324}
{"timestamp": "2026-09-16T05:09:06.245407+00:00", "level": "INFO", "logger": "trade_system.domains.trading.infrastructure.brokers.legacy.fyers", "message": "Fetching historical data for NSE:EICHERMOT-EQ (15) from 2026-09-16 to 2026-09-16", "module": "fyers", "funcName": "fetch_history", "lineNo": 372}
{"timestamp": "2026-09-16T05:09:06.316100+00:00", "level": "INFO", "logger": "trade_system.interfaces.live.data_sync_service", "message": "Backfilled 6 15-minute bars for NSE:EICHERMOT-EQ (from 2026-09-16)", "module": "data_sync_service", "funcName": "_backfill_symbol", "lineNo": 324}
{"timestamp": "2026-09-16T05:09:06.572295+00:00", "level": "INFO", "logger": "trade_system.domains.trading.infrastructure.brokers.legacy.fyers", "message": "Fetching historical data for NSE:LODHA-EQ (15) from 2026-09-16 to 2026-09-16", "module": "fyers", "funcName": "fetch_history", "lineNo": 372}
{"timestamp": "2026-09-16T05:09:06.638226+00:00", "level": "INFO", "logger": "trade_system.interfaces.live.data_sync_service", "message": "Backfilled 6 15-minute bars for NSE:LODHA-EQ (from 2026-09-16)", "module": "data_sync_service", "funcName": "_backfill_symbol", "lineNo": 324}
{"timestamp": "2026-09-16T05:09:06.890112+00:00", "level": "INFO", "logger": "trade_system.domains.trading.infrastructure.brokers.legacy.fyers", "message": "Fetching historical data for NSE:FEDERALBNK-EQ (15) from 2026-09-16 to 2026-09-16", "module": "fyers", "funcName": "fetch_history", "lineNo": 372}
{"timestamp": "2026-09-16T05:09:06.959697+00:00", "level": "INFO", "logger": "trade_system.interfaces.live.data_sync_service", "message": "Backfilled 6 15-minute bars for NSE:FEDERALBNK-EQ (from 2026-09-16)", "module": "data_sync_service", "funcName": "_backfill_symbol", "lineNo": 324}
{"timestamp": "2026-09-16T05:09:07.215816+00:00", "level": "INFO", "logger": "trade_system.domains.trading.infrastructure.brokers.legacy.fyers", "message": "Fetching historical data for NSE:OBEROIRLTY-EQ (15) from 2026-09-16 to 2026-09-16", "module": "fyers", "funcName": "fetch_history", "lineNo": 372}
{"timestamp": "2026-09-16T05:09:07.288906+00:00", "level": "INFO", "logger": "trade_system.interfaces.live.data_sync_service", "message": "Backfilled 6 15-minute bars for NSE:OBEROIRLTY-EQ (from 2026-09-16)", "module": "data_sync_service", "funcName": "_backfill_symbol", "lineNo": 324}
{"timestamp": "2026-09-16T05:09:07.540473+00:00", "level": "INFO", "logger": "trade_system.domains.trading.infrastructure.brokers.legacy.fyers", "message": "Fetching historical data for NSE:LTM-EQ (15) from 2026-09-16 to 2026-09-16", "module": "fyers", "funcName": "fetch_history", "lineNo": 372}
{"timestamp": "2026-09-16T05:09:07.607327+00:00", "level": "INFO", "logger": "trade_system.interfaces.live.data_sync_service", "message": "Backfilled 6 15-minute bars for NSE:LTM-EQ (from 2026-09-16)", "module": "data_sync_service", "funcName": "_backfill_symbol", "lineNo": 324}
{"timestamp": "2026-09-16T05:09:07.861479+00:00", "level": "INFO", "logger": "trade_system.domains.trading.infrastructure.brokers.legacy.fyers", "message": "Fetching historical data for NSE:LUPIN-EQ (15) from 2026-09-16 to 2026-09-16", "module": "fyers", "funcName": "fetch_history", "lineNo": 372}
{"timestamp": "2026-09-16T05:09:07.932801+00:00", "level": "INFO", "logger": "trade_system.interfaces.live.data_sync_service", "message": "Backfilled 6 15-minute bars for NSE:LUPIN-EQ (from 2026-09-16)", "module": "data_sync_service", "funcName": "_backfill_symbol", "lineNo": 324}
{"timestamp": "2026-09-16T05:09:08.188862+00:00", "level": "INFO", "logger": "trade_system.domains.trading.infrastructure.brokers.legacy.fyers", "message": "Fetching historical data for NSE:PAGEIND-EQ (15) from 2026-09-16 to 2026-09-16", "module": "fyers", "funcName": "fetch_history", "lineNo": 372}
{"timestamp": "2026-09-16T05:09:08.258533+00:00", "level": "INFO", "logger": "trade_system.interfaces.live.data_sync_service", "message": "Backfilled 6 15-minute bars for NSE:PAGEIND-EQ (from 2026-09-16)", "module": "data_sync_service", "funcName": "_backfill_symbol", "lineNo": 324}
{"timestamp": "2026-09-16T05:09:08.514694+00:00", "level": "INFO", "logger": "trade_system.domains.trading.infrastructure.brokers.legacy.fyers", "message": "Fetching historical data for NSE:MANAPPURAM-EQ (15) from 2026-09-16 to 2026-09-16", "module": "fyers", "funcName": "fetch_history", "lineNo": 372}
{"timestamp": "2026-09-16T05:09:08.595452+00:00", "level": "INFO", "logger": "trade_system.interfaces.live.data_sync_service", "message": "Backfilled 6 15-minute bars for NSE:MANAPPURAM-EQ (from 2026-09-16)", "module": "data_sync_service", "funcName": "_backfill_symbol", "lineNo": 324}
{"timestamp": "2026-09-16T05:09:08.851510+00:00", "level": "INFO", "logger": "trade_system.domains.trading.infrastructure.brokers.legacy.fyers", "message": "Fetching historical data for NSE:PAYTM-EQ (15) from 2026-09-16 to 2026-09-16", "module": "fyers", "funcName": "fetch_history", "lineNo": 372}
{"timestamp": "2026-09-16T05:09:08.919193+00:00", "level": "INFO", "logger": "trade_system.interfaces.live.data_sync_service", "message": "Backfilled 6 15-minute bars for NSE:PAYTM-EQ (from 2026-09-16)", "module": "data_sync_service", "funcName": "_backfill_symbol", "lineNo": 324}
{"timestamp": "2026-09-16T05:09:09.173321+00:00", "level": "INFO", "logger": "trade_system.domains.trading.infrastructure.brokers.legacy.fyers", "message": "Fetching historical data for NSE:PFC-EQ (15) from 2026-09-16 to 2026-09-16", "module": "fyers", "funcName": "fetch_history", "lineNo": 372}
{"timestamp": "2026-09-16T05:09:09.236970+00:00", "level": "INFO", "logger": "trade_system.interfaces.live.data_sync_service", "message": "Backfilled 6 15-minute bars for NSE:PFC-EQ (from 2026-09-16)", "module": "data_sync_service", "funcName": "_backfill_symbol", "lineNo": 324}
{"timestamp": "2026-09-16T05:09:09.490804+00:00", "level": "INFO", "logger": "trade_system.domains.trading.infrastructure.brokers.legacy.fyers", "message": "Fetching historical data for NSE:PGEL-EQ (15) from 2026-09-16 to 2026-09-16", "module": "fyers", "funcName": "fetch_history", "lineNo": 372}
{"timestamp": "2026-09-16T05:09:09.557597+00:00", "level": "INFO", "logger": "trade_system.interfaces.live.data_sync_service", "message": "Backfilled 6 15-minute bars for NSE:PGEL-EQ (from 2026-09-16)", "module": "data_sync_service", "funcName": "_backfill_symbol", "lineNo": 324}
{"timestamp": "2026-09-16T05:09:09.810962+00:00", "level": "INFO", "logger": "trade_system.domains.trading.infrastructure.brokers.legacy.fyers", "message": "Fetching historical data for NSE:MARUTI-EQ (15) from 2026-09-16 to 2026-09-16", "module": "fyers", "funcName": "fetch_history", "lineNo": 372}
{"timestamp": "2026-09-16T05:09:09.877301+00:00", "level": "INFO", "logger": "trade_system.interfaces.live.data_sync_service", "message": "Backfilled 6 15-minute bars for NSE:MARUTI-EQ (from 2026-09-16)", "module": "data_sync_service", "funcName": "_backfill_symbol", "lineNo": 324}
{"timestamp": "2026-09-16T05:09:10.132020+00:00", "level": "INFO", "logger": "trade_system.domains.trading.infrastructure.brokers.legacy.fyers", "message": "Fetching historical data for NSE:MAXHEALTH-EQ (15) from 2026-09-16 to 2026-09-16", "module": "fyers", "funcName": "fetch_history", "lineNo": 372}
{"timestamp": "2026-09-16T05:09:10.202882+00:00", "level": "INFO", "logger": "trade_system.interfaces.live.data_sync_service", "message": "Backfilled 6 15-minute bars for NSE:MAXHEALTH-EQ (from 2026-09-16)", "module": "data_sync_service", "funcName": "_backfill_symbol", "lineNo": 324}
{"timestamp": "2026-09-16T05:09:10.456132+00:00", "level": "INFO", "logger": "trade_system.domains.trading.infrastructure.brokers.legacy.fyers", "message": "Fetching historical data for NSE:PHOENIXLTD-EQ (15) from 2026-09-16 to 2026-09-16", "module": "fyers", "funcName": "fetch_history", "lineNo": 372}
{"timestamp": "2026-09-16T05:09:10.547683+00:00", "level": "INFO", "logger": "trade_system.interfaces.live.data_sync_service", "message": "Backfilled 6 15-minute bars for NSE:PHOENIXLTD-EQ (from 2026-09-16)", "module": "data_sync_service", "funcName": "_backfill_symbol", "lineNo": 324}
{"timestamp": "2026-09-16T05:09:10.802105+00:00", "level": "INFO", "logger": "trade_system.domains.trading.infrastructure.brokers.legacy.fyers", "message": "Fetching historical data for NSE:PNB-EQ (15) from 2026-09-16 to 2026-09-16", "module": "fyers", "funcName": "fetch_history", "lineNo": 372}
{"timestamp": "2026-09-16T05:09:10.873425+00:00", "level": "INFO", "logger": "trade_system.interfaces.live.data_sync_service", "message": "Backfilled 6 15-minute bars for NSE:PNB-EQ (from 2026-09-16)", "module": "data_sync_service", "funcName": "_backfill_symbol", "lineNo": 324}
{"timestamp": "2026-09-16T05:09:11.129514+00:00", "level": "INFO", "logger": "trade_system.domains.trading.infrastructure.brokers.legacy.fyers", "message": "Fetching historical data for NSE:MOTHERSON-EQ (15) from 2026-09-16 to 2026-09-16", "module": "fyers", "funcName": "fetch_history", "lineNo": 372}
{"timestamp": "2026-09-16T05:09:11.215281+00:00", "level": "INFO", "logger": "trade_system.interfaces.live.data_sync_service", "message": "Backfilled 6 15-minute bars for NSE:MOTHERSON-EQ (from 2026-09-16)", "module": "data_sync_service", "funcName": "_backfill_symbol", "lineNo": 324}
{"timestamp": "2026-09-16T05:09:11.471347+00:00", "level": "INFO", "logger": "trade_system.domains.trading.infrastructure.brokers.legacy.fyers", "message": "Fetching historical data for NSE:POLYCAB-EQ (15) from 2026-09-16 to 2026-09-16", "module": "fyers", "funcName": "fetch_history", "lineNo": 372}
{"timestamp": "2026-09-16T05:09:11.557838+00:00", "level": "INFO", "logger": "trade_system.interfaces.live.data_sync_service", "message": "Backfilled 6 15-minute bars for NSE:POLYCAB-EQ (from 2026-09-16)", "module": "data_sync_service", "funcName": "_backfill_symbol", "lineNo": 324}
{"timestamp": "2026-09-16T05:09:11.813913+00:00", "level": "INFO", "logger": "trade_system.domains.trading.infrastructure.brokers.legacy.fyers", "message": "Fetching historical data for NSE:POWERINDIA-EQ (15) from 2026-09-16 to 2026-09-16", "module": "fyers", "funcName": "fetch_history", "lineNo": 372}
{"timestamp": "2026-09-16T05:09:11.886823+00:00", "level": "INFO", "logger": "trade_system.interfaces.live.data_sync_service", "message": "Backfilled 6 15-minute bars for NSE:POWERINDIA-EQ (from 2026-09-16)", "module": "data_sync_service", "funcName": "_backfill_symbol", "lineNo": 324}
{"timestamp": "2026-09-16T05:09:12.143182+00:00", "level": "INFO", "logger": "trade_system.domains.trading.infrastructure.brokers.legacy.fyers", "message": "Fetching historical data for NSE:NMDC-EQ (15) from 2026-09-16 to 2026-09-16", "module": "fyers", "funcName": "fetch_history", "lineNo": 372}
{"timestamp": "2026-09-16T05:09:12.222043+00:00", "level": "INFO", "logger": "trade_system.interfaces.live.data_sync_service", "message": "Backfilled 6 15-minute bars for NSE:NMDC-EQ (from 2026-09-16)", "module": "data_sync_service", "funcName": "_backfill_symbol", "lineNo": 324}
{"timestamp": "2026-09-16T05:09:12.478059+00:00", "level": "INFO", "logger": "trade_system.domains.trading.infrastructure.brokers.legacy.fyers", "message": "Fetching historical data for NSE:OFSS-EQ (15) from 2026-09-16 to 2026-09-16", "module": "fyers", "funcName": "fetch_history", "lineNo": 372}
{"timestamp": "2026-09-16T05:09:12.548335+00:00", "level": "INFO", "logger": "trade_system.interfaces.live.data_sync_service", "message": "Backfilled 6 15-minute bars for NSE:OFSS-EQ (from 2026-09-16)", "module": "data_sync_service", "funcName": "_backfill_symbol", "lineNo": 324}
{"timestamp": "2026-09-16T05:09:12.804493+00:00", "level": "INFO", "logger": "trade_system.domains.trading.infrastructure.brokers.legacy.fyers", "message": "Fetching historical data for NSE:PRESTIGE-EQ (15) from 2026-09-16 to 2026-09-16", "module": "fyers", "funcName": "fetch_history", "lineNo": 372}
{"timestamp": "2026-09-16T05:09:12.869705+00:00", "level": "INFO", "logger": "trade_system.interfaces.live.data_sync_service", "message": "Backfilled 6 15-minute bars for NSE:PRESTIGE-EQ (from 2026-09-16)", "module": "data_sync_service", "funcName": "_backfill_symbol", "lineNo": 324}
{"timestamp": "2026-09-16T05:09:13.123850+00:00", "level": "INFO", "logger": "trade_system.domains.trading.infrastructure.brokers.legacy.fyers", "message": "Fetching historical data for NSE:OIL-EQ (15) from 2026-09-16 to 2026-09-16", "module": "fyers", "funcName": "fetch_history", "lineNo": 372}
{"timestamp": "2026-09-16T05:09:13.193827+00:00", "level": "INFO", "logger": "trade_system.interfaces.live.data_sync_service", "message": "Backfilled 6 15-minute bars for NSE:OIL-EQ (from 2026-09-16)", "module": "data_sync_service", "funcName": "_backfill_symbol", "lineNo": 324}
{"timestamp": "2026-09-16T05:09:13.448575+00:00", "level": "INFO", "logger": "trade_system.domains.trading.infrastructure.brokers.legacy.fyers", "message": "Fetching historical data for NSE:ONGC-EQ (15) from 2026-09-16 to 2026-09-16", "module": "fyers", "funcName": "fetch_history", "lineNo": 372}
{"timestamp": "2026-09-16T05:09:13.518763+00:00", "level": "INFO", "logger": "trade_system.interfaces.live.data_sync_service", "message": "Backfilled 6 15-minute bars for NSE:ONGC-EQ (from 2026-09-16)", "module": "data_sync_service", "funcName": "_backfill_symbol", "lineNo": 324}
{"timestamp": "2026-09-16T05:09:13.774791+00:00", "level": "INFO", "logger": "trade_system.domains.trading.infrastructure.brokers.legacy.fyers", "message": "Fetching historical data for NSE:PATANJALI-EQ (15) from 2026-09-16 to 2026-09-16", "module": "fyers", "funcName": "fetch_history", "lineNo": 372}
{"timestamp": "2026-09-16T05:09:13.847164+00:00", "level": "INFO", "logger": "trade_system.interfaces.live.data_sync_service", "message": "Backfilled 6 15-minute bars for NSE:PATANJALI-EQ (from 2026-09-16)", "module": "data_sync_service", "funcName": "_backfill_symbol", "lineNo": 324}
{"timestamp": "2026-09-16T05:09:14.103340+00:00", "level": "INFO", "logger": "trade_system.domains.trading.infrastructure.brokers.legacy.fyers", "message": "Fetching historical data for NSE:RECLTD-EQ (15) from 2026-09-16 to 2026-09-16", "module": "fyers", "funcName": "fetch_history", "lineNo": 372}
{"timestamp": "2026-09-16T05:09:14.177877+00:00", "level": "INFO", "logger": "trade_system.interfaces.live.data_sync_service", "message": "Backfilled 6 15-minute bars for NSE:RECLTD-EQ (from 2026-09-16)", "module": "data_sync_service", "funcName": "_backfill_symbol", "lineNo": 324}
{"timestamp": "2026-09-16T05:09:14.433944+00:00", "level": "INFO", "logger": "trade_system.domains.trading.infrastructure.brokers.legacy.fyers", "message": "Fetching historical data for NSE:SBILIFE-EQ (15) from 2026-09-16 to 2026-09-16", "module": "fyers", "funcName": "fetch_history", "lineNo": 372}
{"timestamp": "2026-09-16T05:09:14.503011+00:00", "level": "INFO", "logger": "trade_system.interfaces.live.data_sync_service", "message": "Backfilled 6 15-minute bars for NSE:SBILIFE-EQ (from 2026-09-16)", "module": "data_sync_service", "funcName": "_backfill_symbol", "lineNo": 324}
{"timestamp": "2026-09-16T05:09:14.759112+00:00", "level": "INFO", "logger": "trade_system.domains.trading.infrastructure.brokers.legacy.fyers", "message": "Fetching historical data for NSE:GMRAIRPORT-EQ (15) from 2026-09-16 to 2026-09-16", "module": "fyers", "funcName": "fetch_history", "lineNo": 372}
{"timestamp": "2026-09-16T05:09:14.826510+00:00", "level": "INFO", "logger": "trade_system.interfaces.live.data_sync_service", "message": "Backfilled 6 15-minute bars for NSE:GMRAIRPORT-EQ (from 2026-09-16)", "module": "data_sync_service", "funcName": "_backfill_symbol", "lineNo": 324}
{"timestamp": "2026-09-16T05:09:15.078052+00:00", "level": "INFO", "logger": "trade_system.domains.trading.infrastructure.brokers.legacy.fyers", "message": "Fetching historical data for NSE:SBIN-EQ (15) from 2026-09-16 to 2026-09-16", "module": "fyers", "funcName": "fetch_history", "lineNo": 372}
{"timestamp": "2026-09-16T05:09:15.147044+00:00", "level": "INFO", "logger": "trade_system.interfaces.live.data_sync_service", "message": "Backfilled 6 15-minute bars for NSE:SBIN-EQ (from 2026-09-16)", "module": "data_sync_service", "funcName": "_backfill_symbol", "lineNo": 324}
{"timestamp": "2026-09-16T05:09:15.398290+00:00", "level": "INFO", "logger": "trade_system.domains.trading.infrastructure.brokers.legacy.fyers", "message": "Fetching historical data for NSE:SHREECEM-EQ (15) from 2026-09-16 to 2026-09-16", "module": "fyers", "funcName": "fetch_history", "lineNo": 372}
{"timestamp": "2026-09-16T05:09:15.464553+00:00", "level": "INFO", "logger": "trade_system.interfaces.live.data_sync_service", "message": "Backfilled 6 15-minute bars for NSE:SHREECEM-EQ (from 2026-09-16)", "module": "data_sync_service", "funcName": "_backfill_symbol", "lineNo": 324}
{"timestamp": "2026-09-16T05:09:15.720774+00:00", "level": "INFO", "logger": "trade_system.domains.trading.infrastructure.brokers.legacy.fyers", "message": "Fetching historical data for NSE:TATACONSUM-EQ (15) from 2026-09-16 to 2026-09-16", "module": "fyers", "funcName": "fetch_history", "lineNo": 372}
{"timestamp": "2026-09-16T05:09:15.794686+00:00", "level": "INFO", "logger": "trade_system.interfaces.live.data_sync_service", "message": "Backfilled 6 15-minute bars for NSE:TATACONSUM-EQ (from 2026-09-16)", "module": "data_sync_service", "funcName": "_backfill_symbol", "lineNo": 324}
{"timestamp": "2026-09-16T05:09:16.049455+00:00", "level": "INFO", "logger": "trade_system.domains.trading.infrastructure.brokers.legacy.fyers", "message": "Fetching historical data for NSE:PETRONET-EQ (15) from 2026-09-16 to 2026-09-16", "module": "fyers", "funcName": "fetch_history", "lineNo": 372}
{"timestamp": "2026-09-16T05:09:16.114106+00:00", "level": "INFO", "logger": "trade_system.interfaces.live.data_sync_service", "message": "Backfilled 6 15-minute bars for NSE:PETRONET-EQ (from 2026-09-16)", "module": "data_sync_service", "funcName": "_backfill_symbol", "lineNo": 324}
{"timestamp": "2026-09-16T05:09:16.370184+00:00", "level": "INFO", "logger": "trade_system.domains.trading.infrastructure.brokers.legacy.fyers", "message": "Fetching historical data for NSE:TATAELXSI-EQ (15) from 2026-09-16 to 2026-09-16", "module": "fyers", "funcName": "fetch_history", "lineNo": 372}
{"timestamp": "2026-09-16T05:09:16.438220+00:00", "level": "INFO", "logger": "trade_system.interfaces.live.data_sync_service", "message": "Backfilled 6 15-minute bars for NSE:TATAELXSI-EQ (from 2026-09-16)", "module": "data_sync_service", "funcName": "_backfill_symbol", "lineNo": 324}
{"timestamp": "2026-09-16T05:09:16.694560+00:00", "level": "INFO", "logger": "trade_system.domains.trading.infrastructure.brokers.legacy.fyers", "message": "Fetching historical data for NSE:TATASTEEL-EQ (15) from 2026-09-16 to 2026-09-16", "module": "fyers", "funcName": "fetch_history", "lineNo": 372}
{"timestamp": "2026-09-16T05:09:16.762713+00:00", "level": "INFO", "logger": "trade_system.interfaces.live.data_sync_service", "message": "Backfilled 6 15-minute bars for NSE:TATASTEEL-EQ (from 2026-09-16)", "module": "data_sync_service", "funcName": "_backfill_symbol", "lineNo": 324}
{"timestamp": "2026-09-16T05:09:17.018938+00:00", "level": "INFO", "logger": "trade_system.domains.trading.infrastructure.brokers.legacy.fyers", "message": "Fetching historical data for NSE:TMPV-EQ (15) from 2026-09-16 to 2026-09-16", "module": "fyers", "funcName": "fetch_history", "lineNo": 372}
{"timestamp": "2026-09-16T05:09:17.084934+00:00", "level": "INFO", "logger": "trade_system.interfaces.live.data_sync_service", "message": "Backfilled 6 15-minute bars for NSE:TMPV-EQ (from 2026-09-16)", "module": "data_sync_service", "funcName": "_backfill_symbol", "lineNo": 324}
{"timestamp": "2026-09-16T05:09:17.340117+00:00", "level": "INFO", "logger": "trade_system.domains.trading.infrastructure.brokers.legacy.fyers", "message": "Fetching historical data for NSE:UPL-EQ (15) from 2026-09-16 to 2026-09-16", "module": "fyers", "funcName": "fetch_history", "lineNo": 372}
{"timestamp": "2026-09-16T05:09:17.408278+00:00", "level": "INFO", "logger": "trade_system.interfaces.live.data_sync_service", "message": "Backfilled 6 15-minute bars for NSE:UPL-EQ (from 2026-09-16)", "module": "data_sync_service", "funcName": "_backfill_symbol", "lineNo": 324}
{"timestamp": "2026-09-16T05:09:17.661365+00:00", "level": "INFO", "logger": "trade_system.domains.trading.infrastructure.brokers.legacy.fyers", "message": "Fetching historical data for NSE:PIDILITIND-EQ (15) from 2026-09-16 to 2026-09-16", "module": "fyers", "funcName": "fetch_history", "lineNo": 372}
{"timestamp": "2026-09-16T05:09:17.733853+00:00", "level": "INFO", "logger": "trade_system.interfaces.live.data_sync_service", "message": "Backfilled 6 15-minute bars for NSE:PIDILITIND-EQ (from 2026-09-16)", "module": "data_sync_service", "funcName": "_backfill_symbol", "lineNo": 324}
{"timestamp": "2026-09-16T05:09:17.990078+00:00", "level": "INFO", "logger": "trade_system.domains.trading.infrastructure.brokers.legacy.fyers", "message": "Fetching historical data for NSE:WAAREEENER-EQ (15) from 2026-09-16 to 2026-09-16", "module": "fyers", "funcName": "fetch_history", "lineNo": 372}
{"timestamp": "2026-09-16T05:09:18.063411+00:00", "level": "INFO", "logger": "trade_system.interfaces.live.data_sync_service", "message": "Backfilled 6 15-minute bars for NSE:WAAREEENER-EQ (from 2026-09-16)", "module": "data_sync_service", "funcName": "_backfill_symbol", "lineNo": 324}
{"timestamp": "2026-09-16T05:09:18.319582+00:00", "level": "INFO", "logger": "trade_system.domains.trading.infrastructure.brokers.legacy.fyers", "message": "Fetching historical data for NSE:PIIND-EQ (15) from 2026-09-16 to 2026-09-16", "module": "fyers", "funcName": "fetch_history", "lineNo": 372}
{"timestamp": "2026-09-16T05:09:18.385146+00:00", "level": "INFO", "logger": "trade_system.interfaces.live.data_sync_service", "message": "Backfilled 6 15-minute bars for NSE:PIIND-EQ (from 2026-09-16)", "module": "data_sync_service", "funcName": "_backfill_symbol", "lineNo": 324}
{"timestamp": "2026-09-16T05:09:18.642282+00:00", "level": "INFO", "logger": "trade_system.domains.trading.infrastructure.brokers.legacy.fyers", "message": "Fetching historical data for NSE:BAJAJFINSV-EQ (15) from 2026-09-16 to 2026-09-16", "module": "fyers", "funcName": "fetch_history", "lineNo": 372}
{"timestamp": "2026-09-16T05:09:18.723557+00:00", "level": "INFO", "logger": "trade_system.interfaces.live.data_sync_service", "message": "Backfilled 6 15-minute bars for NSE:BAJAJFINSV-EQ (from 2026-09-16)", "module": "data_sync_service", "funcName": "_backfill_symbol", "lineNo": 324}
{"timestamp": "2026-09-16T05:09:18.978487+00:00", "level": "INFO", "logger": "trade_system.domains.trading.infrastructure.brokers.legacy.fyers", "message": "Fetching historical data for NSE:POLICYBZR-EQ (15) from 2026-09-16 to 2026-09-16", "module": "fyers", "funcName": "fetch_history", "lineNo": 372}
{"timestamp": "2026-09-16T05:09:19.290706+00:00", "level": "INFO", "logger": "trade_system.interfaces.live.data_sync_service", "message": "Backfilled 6 15-minute bars for NSE:POLICYBZR-EQ (from 2026-09-16)", "module": "data_sync_service", "funcName": "_backfill_symbol", "lineNo": 324}
{"timestamp": "2026-09-16T05:09:19.544795+00:00", "level": "INFO", "logger": "trade_system.domains.trading.infrastructure.brokers.legacy.fyers", "message": "Fetching historical data for NSE:PREMIERENE-EQ (15) from 2026-09-16 to 2026-09-16", "module": "fyers", "funcName": "fetch_history", "lineNo": 372}
{"timestamp": "2026-09-16T05:09:19.644680+00:00", "level": "INFO", "logger": "trade_system.interfaces.live.data_sync_service", "message": "Backfilled 6 15-minute bars for NSE:PREMIERENE-EQ (from 2026-09-16)", "module": "data_sync_service", "funcName": "_backfill_symbol", "lineNo": 324}
{"timestamp": "2026-09-16T05:09:19.897756+00:00", "level": "INFO", "logger": "trade_system.domains.trading.infrastructure.brokers.legacy.fyers", "message": "Fetching historical data for NSE:RADICO-EQ (15) from 2026-09-16 to 2026-09-16", "module": "fyers", "funcName": "fetch_history", "lineNo": 372}
{"timestamp": "2026-09-16T05:09:19.971392+00:00", "level": "INFO", "logger": "trade_system.interfaces.live.data_sync_service", "message": "Backfilled 6 15-minute bars for NSE:RADICO-EQ (from 2026-09-16)", "module": "data_sync_service", "funcName": "_backfill_symbol", "lineNo": 324}
{"timestamp": "2026-09-16T05:09:20.226926+00:00", "level": "INFO", "logger": "trade_system.domains.trading.infrastructure.brokers.legacy.fyers", "message": "Fetching historical data for NSE:RBLBANK-EQ (15) from 2026-09-16 to 2026-09-16", "module": "fyers", "funcName": "fetch_history", "lineNo": 372}
{"timestamp": "2026-09-16T05:09:20.295040+00:00", "level": "INFO", "logger": "trade_system.interfaces.live.data_sync_service", "message": "Backfilled 6 15-minute bars for NSE:RBLBANK-EQ (from 2026-09-16)", "module": "data_sync_service", "funcName": "_backfill_symbol", "lineNo": 324}
{"timestamp": "2026-09-16T05:09:20.551269+00:00", "level": "INFO", "logger": "trade_system.domains.trading.infrastructure.brokers.legacy.fyers", "message": "Fetching historical data for NSE:SAIL-EQ (15) from 2026-09-16 to 2026-09-16", "module": "fyers", "funcName": "fetch_history", "lineNo": 372}
{"timestamp": "2026-09-16T05:09:20.628180+00:00", "level": "INFO", "logger": "trade_system.interfaces.live.data_sync_service", "message": "Backfilled 6 15-minute bars for NSE:SAIL-EQ (from 2026-09-16)", "module": "data_sync_service", "funcName": "_backfill_symbol", "lineNo": 324}
{"timestamp": "2026-09-16T05:09:20.888642+00:00", "level": "INFO", "logger": "trade_system.domains.trading.infrastructure.brokers.legacy.fyers", "message": "Fetching historical data for NSE:SOLARINDS-EQ (15) from 2026-09-16 to 2026-09-16", "module": "fyers", "funcName": "fetch_history", "lineNo": 372}
{"timestamp": "2026-09-16T05:09:20.980123+00:00", "level": "INFO", "logger": "trade_system.interfaces.live.data_sync_service", "message": "Backfilled 6 15-minute bars for NSE:SOLARINDS-EQ (from 2026-09-16)", "module": "data_sync_service", "funcName": "_backfill_symbol", "lineNo": 324}
{"timestamp": "2026-09-16T05:09:21.236592+00:00", "level": "INFO", "logger": "trade_system.domains.trading.infrastructure.brokers.legacy.fyers", "message": "Fetching historical data for NSE:SUNPHARMA-EQ (15) from 2026-09-16 to 2026-09-16", "module": "fyers", "funcName": "fetch_history", "lineNo": 372}
{"timestamp": "2026-09-16T05:09:21.304771+00:00", "level": "INFO", "logger": "trade_system.interfaces.live.data_sync_service", "message": "Backfilled 6 15-minute bars for NSE:SUNPHARMA-EQ (from 2026-09-16)", "module": "data_sync_service", "funcName": "_backfill_symbol", "lineNo": 324}
{"timestamp": "2026-09-16T05:09:21.560999+00:00", "level": "INFO", "logger": "trade_system.domains.trading.infrastructure.brokers.legacy.fyers", "message": "Fetching historical data for NSE:SUPREMEIND-EQ (15) from 2026-09-16 to 2026-09-16", "module": "fyers", "funcName": "fetch_history", "lineNo": 372}
{"timestamp": "2026-09-16T05:09:21.632302+00:00", "level": "INFO", "logger": "trade_system.interfaces.live.data_sync_service", "message": "Backfilled 6 15-minute bars for NSE:SUPREMEIND-EQ (from 2026-09-16)", "module": "data_sync_service", "funcName": "_backfill_symbol", "lineNo": 324}
{"timestamp": "2026-09-16T05:09:21.889862+00:00", "level": "INFO", "logger": "trade_system.domains.trading.infrastructure.brokers.legacy.fyers", "message": "Fetching historical data for NSE:SUZLON-EQ (15) from 2026-09-16 to 2026-09-16", "module": "fyers", "funcName": "fetch_history", "lineNo": 372}
{"timestamp": "2026-09-16T05:09:21.966165+00:00", "level": "INFO", "logger": "trade_system.interfaces.live.data_sync_service", "message": "Backfilled 6 15-minute bars for NSE:SUZLON-EQ (from 2026-09-16)", "module": "data_sync_service", "funcName": "_backfill_symbol", "lineNo": 324}
{"timestamp": "2026-09-16T05:09:22.222360+00:00", "level": "INFO", "logger": "trade_system.domains.trading.infrastructure.brokers.legacy.fyers", "message": "Fetching historical data for NSE:SWIGGY-EQ (15) from 2026-09-16 to 2026-09-16", "module": "fyers", "funcName": "fetch_history", "lineNo": 372}
{"timestamp": "2026-09-16T05:09:22.289923+00:00", "level": "INFO", "logger": "trade_system.interfaces.live.data_sync_service", "message": "Backfilled 6 15-minute bars for NSE:SWIGGY-EQ (from 2026-09-16)", "module": "data_sync_service", "funcName": "_backfill_symbol", "lineNo": 324}
{"timestamp": "2026-09-16T05:09:22.546060+00:00", "level": "INFO", "logger": "trade_system.domains.trading.infrastructure.brokers.legacy.fyers", "message": "Fetching historical data for NSE:TATAPOWER-EQ (15) from 2026-09-16 to 2026-09-16", "module": "fyers", "funcName": "fetch_history", "lineNo": 372}
{"timestamp": "2026-09-16T05:09:22.618647+00:00", "level": "INFO", "logger": "trade_system.interfaces.live.data_sync_service", "message": "Backfilled 6 15-minute bars for NSE:TATAPOWER-EQ (from 2026-09-16)", "module": "data_sync_service", "funcName": "_backfill_symbol", "lineNo": 324}
{"timestamp": "2026-09-16T05:09:22.874867+00:00", "level": "INFO", "logger": "trade_system.domains.trading.infrastructure.brokers.legacy.fyers", "message": "Fetching historical data for NSE:TCS-EQ (15) from 2026-09-15 to 2026-09-16", "module": "fyers", "funcName": "fetch_history", "lineNo": 372}
{"timestamp": "2026-09-16T05:09:22.941955+00:00", "level": "INFO", "logger": "trade_system.interfaces.live.data_sync_service", "message": "Backfilled 31 15-minute bars for NSE:TCS-EQ (from 2026-09-15)", "module": "data_sync_service", "funcName": "_backfill_symbol", "lineNo": 324}
{"timestamp": "2026-09-16T05:09:23.198196+00:00", "level": "INFO", "logger": "trade_system.domains.trading.infrastructure.brokers.legacy.fyers", "message": "Fetching historical data for NSE:TIINDIA-EQ (15) from 2026-09-16 to 2026-09-16", "module": "fyers", "funcName": "fetch_history", "lineNo": 372}
{"timestamp": "2026-09-16T05:09:23.264937+00:00", "level": "INFO", "logger": "trade_system.interfaces.live.data_sync_service", "message": "Backfilled 6 15-minute bars for NSE:TIINDIA-EQ (from 2026-09-16)", "module": "data_sync_service", "funcName": "_backfill_symbol", "lineNo": 324}
{"timestamp": "2026-09-16T05:09:23.521111+00:00", "level": "INFO", "logger": "trade_system.domains.trading.infrastructure.brokers.legacy.fyers", "message": "Fetching historical data for NSE:TITAN-EQ (15) from 2026-09-16 to 2026-09-16", "module": "fyers", "funcName": "fetch_history", "lineNo": 372}
{"timestamp": "2026-09-16T05:09:23.592021+00:00", "level": "INFO", "logger": "trade_system.interfaces.live.data_sync_service", "message": "Backfilled 6 15-minute bars for NSE:TITAN-EQ (from 2026-09-16)", "module": "data_sync_service", "funcName": "_backfill_symbol", "lineNo": 324}
{"timestamp": "2026-09-16T05:09:23.848242+00:00", "level": "INFO", "logger": "trade_system.domains.trading.infrastructure.brokers.legacy.fyers", "message": "Fetching historical data for NSE:TVSMOTOR-EQ (15) from 2026-09-16 to 2026-09-16", "module": "fyers", "funcName": "fetch_history", "lineNo": 372}
{"timestamp": "2026-09-16T05:09:23.916945+00:00", "level": "INFO", "logger": "trade_system.interfaces.live.data_sync_service", "message": "Backfilled 6 15-minute bars for NSE:TVSMOTOR-EQ (from 2026-09-16)", "module": "data_sync_service", "funcName": "_backfill_symbol", "lineNo": 324}
{"timestamp": "2026-09-16T05:09:24.173063+00:00", "level": "INFO", "logger": "trade_system.domains.trading.infrastructure.brokers.legacy.fyers", "message": "Fetching historical data for NSE:UNIONBANK-EQ (15) from 2026-09-16 to 2026-09-16", "module": "fyers", "funcName": "fetch_history", "lineNo": 372}
{"timestamp": "2026-09-16T05:09:24.244730+00:00", "level": "INFO", "logger": "trade_system.interfaces.live.data_sync_service", "message": "Backfilled 6 15-minute bars for NSE:UNIONBANK-EQ (from 2026-09-16)", "module": "data_sync_service", "funcName": "_backfill_symbol", "lineNo": 324}
{"timestamp": "2026-09-16T05:09:24.500809+00:00", "level": "INFO", "logger": "trade_system.domains.trading.infrastructure.brokers.legacy.fyers", "message": "Fetching historical data for NSE:VBL-EQ (15) from 2026-09-16 to 2026-09-16", "module": "fyers", "funcName": "fetch_history", "lineNo": 372}
{"timestamp": "2026-09-16T05:09:24.586940+00:00", "level": "INFO", "logger": "trade_system.interfaces.live.data_sync_service", "message": "Backfilled 6 15-minute bars for NSE:VBL-EQ (from 2026-09-16)", "module": "data_sync_service", "funcName": "_backfill_symbol", "lineNo": 324}
{"timestamp": "2026-09-16T05:09:24.843255+00:00", "level": "INFO", "logger": "trade_system.domains.trading.infrastructure.brokers.legacy.fyers", "message": "Fetching historical data for NSE:VEDL-EQ (15) from 2026-09-16 to 2026-09-16", "module": "fyers", "funcName": "fetch_history", "lineNo": 372}
{"timestamp": "2026-09-16T05:09:24.908999+00:00", "level": "INFO", "logger": "trade_system.interfaces.live.data_sync_service", "message": "Backfilled 6 15-minute bars for NSE:VEDL-EQ (from 2026-09-16)", "module": "data_sync_service", "funcName": "_backfill_symbol", "lineNo": 324}
{"timestamp": "2026-09-16T05:09:25.161560+00:00", "level": "INFO", "logger": "trade_system.domains.trading.infrastructure.brokers.legacy.fyers", "message": "Fetching historical data for NSE:ZYDUSLIFE-EQ (15) from 2026-09-16 to 2026-09-16", "module": "fyers", "funcName": "fetch_history", "lineNo": 372}
{"timestamp": "2026-09-16T05:09:25.261311+00:00", "level": "INFO", "logger": "trade_system.interfaces.live.data_sync_service", "message": "Backfilled 6 15-minute bars for NSE:ZYDUSLIFE-EQ (from 2026-09-16)", "module": "data_sync_service", "funcName": "_backfill_symbol", "lineNo": 324}
{"timestamp": "2026-09-16T05:09:25.516375+00:00", "level": "INFO", "logger": "trade_system.domains.trading.infrastructure.brokers.legacy.fyers", "message": "Fetching historical data for NSE:HEROMOTOCO-EQ (15) from 2026-09-16 to 2026-09-16", "module": "fyers", "funcName": "fetch_history", "lineNo": 372}
{"timestamp": "2026-09-16T05:09:25.659796+00:00", "level": "INFO", "logger": "trade_system.interfaces.live.data_sync_service", "message": "Backfilled 6 15-minute bars for NSE:HEROMOTOCO-EQ (from 2026-09-16)", "module": "data_sync_service", "funcName": "_backfill_symbol", "lineNo": 324}
{"timestamp": "2026-09-16T05:09:25.912469+00:00", "level": "INFO", "logger": "trade_system.domains.trading.infrastructure.brokers.legacy.fyers", "message": "Fetching historical data for NSE:HYUNDAI-EQ (15) from 2026-09-16 to 2026-09-16", "module": "fyers", "funcName": "fetch_history", "lineNo": 372}
{"timestamp": "2026-09-16T05:09:25.982845+00:00", "level": "INFO", "logger": "trade_system.interfaces.live.data_sync_service", "message": "Backfilled 6 15-minute bars for NSE:HYUNDAI-EQ (from 2026-09-16)", "module": "data_sync_service", "funcName": "_backfill_symbol", "lineNo": 324}
{"timestamp": "2026-09-16T05:09:26.239142+00:00", "level": "INFO", "logger": "trade_system.domains.trading.infrastructure.brokers.legacy.fyers", "message": "Fetching historical data for NSE:ICICIBANK-EQ (15) from 2026-09-15 to 2026-09-16", "module": "fyers", "funcName": "fetch_history", "lineNo": 372}
{"timestamp": "2026-09-16T05:09:26.312355+00:00", "level": "INFO", "logger": "trade_system.interfaces.live.data_sync_service", "message": "Backfilled 31 15-minute bars for NSE:ICICIBANK-EQ (from 2026-09-15)", "module": "data_sync_service", "funcName": "_backfill_symbol", "lineNo": 324}
{"timestamp": "2026-09-16T05:09:26.565411+00:00", "level": "INFO", "logger": "trade_system.domains.trading.infrastructure.brokers.legacy.fyers", "message": "Fetching historical data for NSE:INDIGO-EQ (15) from 2026-09-16 to 2026-09-16", "module": "fyers", "funcName": "fetch_history", "lineNo": 372}
{"timestamp": "2026-09-16T05:09:26.635776+00:00", "level": "INFO", "logger": "trade_system.interfaces.live.data_sync_service", "message": "Backfilled 6 15-minute bars for NSE:INDIGO-EQ (from 2026-09-16)", "module": "data_sync_service", "funcName": "_backfill_symbol", "lineNo": 324}
{"timestamp": "2026-09-16T05:09:26.892017+00:00", "level": "INFO", "logger": "trade_system.domains.trading.infrastructure.brokers.legacy.fyers", "message": "Fetching historical data for NSE:BSE-EQ (15) from 2026-09-16 to 2026-09-16", "module": "fyers", "funcName": "fetch_history", "lineNo": 372}
{"timestamp": "2026-09-16T05:09:26.970770+00:00", "level": "INFO", "logger": "trade_system.interfaces.live.data_sync_service", "message": "Backfilled 6 15-minute bars for NSE:BSE-EQ (from 2026-09-16)", "module": "data_sync_service", "funcName": "_backfill_symbol", "lineNo": 324}
{"timestamp": "2026-09-16T05:09:27.227193+00:00", "level": "INFO", "logger": "trade_system.domains.trading.infrastructure.brokers.legacy.fyers", "message": "Fetching historical data for NSE:LICHSGFIN-EQ (15) from 2026-09-16 to 2026-09-16", "module": "fyers", "funcName": "fetch_history", "lineNo": 372}
{"timestamp": "2026-09-16T05:09:27.299635+00:00", "level": "INFO", "logger": "trade_system.interfaces.live.data_sync_service", "message": "Backfilled 6 15-minute bars for NSE:LICHSGFIN-EQ (from 2026-09-16)", "module": "data_sync_service", "funcName": "_backfill_symbol", "lineNo": 324}
{"timestamp": "2026-09-16T05:09:27.555822+00:00", "level": "INFO", "logger": "trade_system.domains.trading.infrastructure.brokers.legacy.fyers", "message": "Fetching historical data for NSE:LTF-EQ (15) from 2026-09-16 to 2026-09-16", "module": "fyers", "funcName": "fetch_history", "lineNo": 372}
{"timestamp": "2026-09-16T05:09:27.650645+00:00", "level": "INFO", "logger": "trade_system.interfaces.live.data_sync_service", "message": "Backfilled 6 15-minute bars for NSE:LTF-EQ (from 2026-09-16)", "module": "data_sync_service", "funcName": "_backfill_symbol", "lineNo": 324}
{"timestamp": "2026-09-16T05:09:27.906825+00:00", "level": "INFO", "logger": "trade_system.domains.trading.infrastructure.brokers.legacy.fyers", "message": "Fetching historical data for NSE:HDFCAMC-EQ (15) from 2026-09-16 to 2026-09-16", "module": "fyers", "funcName": "fetch_history", "lineNo": 372}
{"timestamp": "2026-09-16T05:09:28.090137+00:00", "level": "INFO", "logger": "trade_system.interfaces.live.data_sync_service", "message": "Backfilled 6 15-minute bars for NSE:HDFCAMC-EQ (from 2026-09-16)", "module": "data_sync_service", "funcName": "_backfill_symbol", "lineNo": 324}
{"timestamp": "2026-09-16T05:09:28.344715+00:00", "level": "INFO", "logger": "trade_system.domains.trading.infrastructure.brokers.legacy.fyers", "message": "Fetching historical data for NSE:MOTILALOFS-EQ (15) from 2026-09-16 to 2026-09-16", "module": "fyers", "funcName": "fetch_history", "lineNo": 372}
{"timestamp": "2026-09-16T05:09:28.410886+00:00", "level": "INFO", "logger": "trade_system.interfaces.live.data_sync_service", "message": "Backfilled 6 15-minute bars for NSE:MOTILALOFS-EQ (from 2026-09-16)", "module": "data_sync_service", "funcName": "_backfill_symbol", "lineNo": 324}
{"timestamp": "2026-09-16T05:09:28.665536+00:00", "level": "INFO", "logger": "trade_system.domains.trading.infrastructure.brokers.legacy.fyers", "message": "Fetching historical data for NSE:MPHASIS-EQ (15) from 2026-09-16 to 2026-09-16", "module": "fyers", "funcName": "fetch_history", "lineNo": 372}
{"timestamp": "2026-09-16T05:09:28.735124+00:00", "level": "INFO", "logger": "trade_system.interfaces.live.data_sync_service", "message": "Backfilled 6 15-minute bars for NSE:MPHASIS-EQ (from 2026-09-16)", "module": "data_sync_service", "funcName": "_backfill_symbol", "lineNo": 324}
{"timestamp": "2026-09-16T05:09:28.991397+00:00", "level": "INFO", "logger": "trade_system.domains.trading.infrastructure.brokers.legacy.fyers", "message": "Fetching historical data for NSE:NATIONALUM-EQ (15) from 2026-09-16 to 2026-09-16", "module": "fyers", "funcName": "fetch_history", "lineNo": 372}
{"timestamp": "2026-09-16T05:09:29.059934+00:00", "level": "INFO", "logger": "trade_system.interfaces.live.data_sync_service", "message": "Backfilled 6 15-minute bars for NSE:NATIONALUM-EQ (from 2026-09-16)", "module": "data_sync_service", "funcName": "_backfill_symbol", "lineNo": 324}
{"timestamp": "2026-09-16T05:09:29.311057+00:00", "level": "INFO", "logger": "trade_system.domains.trading.infrastructure.brokers.legacy.fyers", "message": "Fetching historical data for NSE:NBCC-EQ (15) from 2026-09-16 to 2026-09-16", "module": "fyers", "funcName": "fetch_history", "lineNo": 372}
{"timestamp": "2026-09-16T05:09:29.386030+00:00", "level": "INFO", "logger": "trade_system.interfaces.live.data_sync_service", "message": "Backfilled 6 15-minute bars for NSE:NBCC-EQ (from 2026-09-16)", "module": "data_sync_service", "funcName": "_backfill_symbol", "lineNo": 324}
{"timestamp": "2026-09-16T05:09:29.641529+00:00", "level": "INFO", "logger": "trade_system.domains.trading.infrastructure.brokers.legacy.fyers", "message": "Fetching historical data for NSE:NYKAA-EQ (15) from 2026-09-16 to 2026-09-16", "module": "fyers", "funcName": "fetch_history", "lineNo": 372}
{"timestamp": "2026-09-16T05:09:29.725297+00:00", "level": "INFO", "logger": "trade_system.interfaces.live.data_sync_service", "message": "Backfilled 6 15-minute bars for NSE:NYKAA-EQ (from 2026-09-16)", "module": "data_sync_service", "funcName": "_backfill_symbol", "lineNo": 324}
{"timestamp": "2026-09-16T05:09:29.979845+00:00", "level": "INFO", "logger": "trade_system.domains.trading.infrastructure.brokers.legacy.fyers", "message": "Fetching historical data for NSE:ICICIPRULI-EQ (15) from 2026-09-16 to 2026-09-16", "module": "fyers", "funcName": "fetch_history", "lineNo": 372}
{"timestamp": "2026-09-16T05:09:30.046955+00:00", "level": "INFO", "logger": "trade_system.interfaces.live.data_sync_service", "message": "Backfilled 6 15-minute bars for NSE:ICICIPRULI-EQ (from 2026-09-16)", "module": "data_sync_service", "funcName": "_backfill_symbol", "lineNo": 324}
{"timestamp": "2026-09-16T05:09:30.301329+00:00", "level": "INFO", "logger": "trade_system.domains.trading.infrastructure.brokers.legacy.fyers", "message": "Fetching historical data for NSE:PERSISTENT-EQ (15) from 2026-09-16 to 2026-09-16", "module": "fyers", "funcName": "fetch_history", "lineNo": 372}
{"timestamp": "2026-09-16T05:09:30.375865+00:00", "level": "INFO", "logger": "trade_system.interfaces.live.data_sync_service", "message": "Backfilled 6 15-minute bars for NSE:PERSISTENT-EQ (from 2026-09-16)", "module": "data_sync_service", "funcName": "_backfill_symbol", "lineNo": 324}
{"timestamp": "2026-09-16T05:09:30.629292+00:00", "level": "INFO", "logger": "trade_system.domains.trading.infrastructure.brokers.legacy.fyers", "message": "Fetching historical data for NSE:PNBHOUSING-EQ (15) from 2026-09-16 to 2026-09-16", "module": "fyers", "funcName": "fetch_history", "lineNo": 372}
{"timestamp": "2026-09-16T05:09:30.708511+00:00", "level": "INFO", "logger": "trade_system.interfaces.live.data_sync_service", "message": "Backfilled 6 15-minute bars for NSE:PNBHOUSING-EQ (from 2026-09-16)", "module": "data_sync_service", "funcName": "_backfill_symbol", "lineNo": 324}
{"timestamp": "2026-09-16T05:09:30.964632+00:00", "level": "INFO", "logger": "trade_system.domains.trading.infrastructure.brokers.legacy.fyers", "message": "Fetching historical data for NSE:POWERGRID-EQ (15) from 2026-09-16 to 2026-09-16", "module": "fyers", "funcName": "fetch_history", "lineNo": 372}
{"timestamp": "2026-09-16T05:09:31.028008+00:00", "level": "INFO", "logger": "trade_system.interfaces.live.data_sync_service", "message": "Backfilled 6 15-minute bars for NSE:POWERGRID-EQ (from 2026-09-16)", "module": "data_sync_service", "funcName": "_backfill_symbol", "lineNo": 324}
{"timestamp": "2026-09-16T05:09:31.282777+00:00", "level": "INFO", "logger": "trade_system.domains.trading.infrastructure.brokers.legacy.fyers", "message": "Fetching historical data for NSE:LAURUSLABS-EQ (15) from 2026-09-16 to 2026-09-16", "module": "fyers", "funcName": "fetch_history", "lineNo": 372}
{"timestamp": "2026-09-16T05:09:31.354695+00:00", "level": "INFO", "logger": "trade_system.interfaces.live.data_sync_service", "message": "Backfilled 6 15-minute bars for NSE:LAURUSLABS-EQ (from 2026-09-16)", "module": "data_sync_service", "funcName": "_backfill_symbol", "lineNo": 324}
{"timestamp": "2026-09-16T05:09:31.610924+00:00", "level": "INFO", "logger": "trade_system.domains.trading.infrastructure.brokers.legacy.fyers", "message": "Fetching historical data for NSE:RELIANCE-EQ (15) from 2026-09-15 to 2026-09-16", "module": "fyers", "funcName": "fetch_history", "lineNo": 372}
{"timestamp": "2026-09-16T05:09:31.693800+00:00", "level": "INFO", "logger": "trade_system.interfaces.live.data_sync_service", "message": "Backfilled 31 15-minute bars for NSE:RELIANCE-EQ (from 2026-09-15)", "module": "data_sync_service", "funcName": "_backfill_symbol", "lineNo": 324}
{"timestamp": "2026-09-16T05:09:31.950007+00:00", "level": "INFO", "logger": "trade_system.domains.trading.infrastructure.brokers.legacy.fyers", "message": "Fetching historical data for NSE:MAZDOCK-EQ (15) from 2026-09-16 to 2026-09-16", "module": "fyers", "funcName": "fetch_history", "lineNo": 372}
{"timestamp": "2026-09-16T05:09:32.031102+00:00", "level": "INFO", "logger": "trade_system.interfaces.live.data_sync_service", "message": "Backfilled 6 15-minute bars for NSE:MAZDOCK-EQ (from 2026-09-16)", "module": "data_sync_service", "funcName": "_backfill_symbol", "lineNo": 324}
{"timestamp": "2026-09-16T05:09:32.283546+00:00", "level": "INFO", "logger": "trade_system.domains.trading.infrastructure.brokers.legacy.fyers", "message": "Fetching historical data for NSE:SONACOMS-EQ (15) from 2026-09-16 to 2026-09-16", "module": "fyers", "funcName": "fetch_history", "lineNo": 372}
{"timestamp": "2026-09-16T05:09:32.350932+00:00", "level": "INFO", "logger": "trade_system.interfaces.live.data_sync_service", "message": "Backfilled 6 15-minute bars for NSE:SONACOMS-EQ (from 2026-09-16)", "module": "data_sync_service", "funcName": "_backfill_symbol", "lineNo": 324}
{"timestamp": "2026-09-16T05:09:32.607159+00:00", "level": "INFO", "logger": "trade_system.domains.trading.infrastructure.brokers.legacy.fyers", "message": "Fetching historical data for NSE:NAUKRI-EQ (15) from 2026-09-16 to 2026-09-16", "module": "fyers", "funcName": "fetch_history", "lineNo": 372}
{"timestamp": "2026-09-16T05:09:32.677181+00:00", "level": "INFO", "logger": "trade_system.interfaces.live.data_sync_service", "message": "Backfilled 6 15-minute bars for NSE:NAUKRI-EQ (from 2026-09-16)", "module": "data_sync_service", "funcName": "_backfill_symbol", "lineNo": 324}
{"timestamp": "2026-09-16T05:09:32.933286+00:00", "level": "INFO", "logger": "trade_system.domains.trading.infrastructure.brokers.legacy.fyers", "message": "Fetching historical data for NSE:SRF-EQ (15) from 2026-09-16 to 2026-09-16", "module": "fyers", "funcName": "fetch_history", "lineNo": 372}
{"timestamp": "2026-09-16T05:09:32.999993+00:00", "level": "INFO", "logger": "trade_system.interfaces.live.data_sync_service", "message": "Backfilled 6 15-minute bars for NSE:SRF-EQ (from 2026-09-16)", "module": "data_sync_service", "funcName": "_backfill_symbol", "lineNo": 324}
{"timestamp": "2026-09-16T05:09:33.256163+00:00", "level": "INFO", "logger": "trade_system.domains.trading.infrastructure.brokers.legacy.fyers", "message": "Fetching historical data for NSE:TECHM-EQ (15) from 2026-09-16 to 2026-09-16", "module": "fyers", "funcName": "fetch_history", "lineNo": 372}
{"timestamp": "2026-09-16T05:09:33.330086+00:00", "level": "INFO", "logger": "trade_system.interfaces.live.data_sync_service", "message": "Backfilled 6 15-minute bars for NSE:TECHM-EQ (from 2026-09-16)", "module": "data_sync_service", "funcName": "_backfill_symbol", "lineNo": 324}
{"timestamp": "2026-09-16T05:09:33.586315+00:00", "level": "INFO", "logger": "trade_system.domains.trading.infrastructure.brokers.legacy.fyers", "message": "Fetching historical data for NSE:ULTRACEMCO-EQ (15) from 2026-09-16 to 2026-09-16", "module": "fyers", "funcName": "fetch_history", "lineNo": 372}
{"timestamp": "2026-09-16T05:09:33.655633+00:00", "level": "INFO", "logger": "trade_system.interfaces.live.data_sync_service", "message": "Backfilled 6 15-minute bars for NSE:ULTRACEMCO-EQ (from 2026-09-16)", "module": "data_sync_service", "funcName": "_backfill_symbol", "lineNo": 324}
{"timestamp": "2026-09-16T05:09:33.912040+00:00", "level": "INFO", "logger": "trade_system.domains.trading.infrastructure.brokers.legacy.fyers", "message": "Fetching historical data for NSE:UNOMINDA-EQ (15) from 2026-09-16 to 2026-09-16", "module": "fyers", "funcName": "fetch_history", "lineNo": 372}
{"timestamp": "2026-09-16T05:09:33.988317+00:00", "level": "INFO", "logger": "trade_system.interfaces.live.data_sync_service", "message": "Backfilled 6 15-minute bars for NSE:UNOMINDA-EQ (from 2026-09-16)", "module": "data_sync_service", "funcName": "_backfill_symbol", "lineNo": 324}
{"timestamp": "2026-09-16T05:09:34.244532+00:00", "level": "INFO", "logger": "trade_system.domains.trading.infrastructure.brokers.legacy.fyers", "message": "Fetching historical data for NSE:VMM-EQ (15) from 2026-09-16 to 2026-09-16", "module": "fyers", "funcName": "fetch_history", "lineNo": 372}
{"timestamp": "2026-09-16T05:09:34.311889+00:00", "level": "INFO", "logger": "trade_system.interfaces.live.data_sync_service", "message": "Backfilled 6 15-minute bars for NSE:VMM-EQ (from 2026-09-16)", "module": "data_sync_service", "funcName": "_backfill_symbol", "lineNo": 324}
{"timestamp": "2026-09-16T05:09:34.569598+00:00", "level": "INFO", "logger": "trade_system.domains.trading.infrastructure.brokers.legacy.fyers", "message": "Fetching historical data for NSE:WIPRO-EQ (15) from 2026-09-16 to 2026-09-16", "module": "fyers", "funcName": "fetch_history", "lineNo": 372}
{"timestamp": "2026-09-16T05:09:34.647593+00:00", "level": "INFO", "logger": "trade_system.interfaces.live.data_sync_service", "message": "Backfilled 6 15-minute bars for NSE:WIPRO-EQ (from 2026-09-16)", "module": "data_sync_service", "funcName": "_backfill_symbol", "lineNo": 324}
{"timestamp": "2026-09-16T05:09:34.903700+00:00", "level": "INFO", "logger": "trade_system.domains.trading.infrastructure.brokers.legacy.fyers", "message": "Fetching historical data for NSE:ASTRAL-EQ (15) from 2026-09-16 to 2026-09-16", "module": "fyers", "funcName": "fetch_history", "lineNo": 372}
{"timestamp": "2026-09-16T05:09:34.969058+00:00", "level": "INFO", "logger": "trade_system.interfaces.live.data_sync_service", "message": "Backfilled 6 15-minute bars for NSE:ASTRAL-EQ (from 2026-09-16)", "module": "data_sync_service", "funcName": "_backfill_symbol", "lineNo": 324}
{"timestamp": "2026-09-16T05:09:35.225308+00:00", "level": "INFO", "logger": "trade_system.domains.trading.infrastructure.brokers.legacy.fyers", "message": "Fetching historical data for NSE:BAJFINANCE-EQ (15) from 2026-09-16 to 2026-09-16", "module": "fyers", "funcName": "fetch_history", "lineNo": 372}
{"timestamp": "2026-09-16T05:09:35.295570+00:00", "level": "INFO", "logger": "trade_system.interfaces.live.data_sync_service", "message": "Backfilled 6 15-minute bars for NSE:BAJFINANCE-EQ (from 2026-09-16)", "module": "data_sync_service", "funcName": "_backfill_symbol", "lineNo": 324}
{"timestamp": "2026-09-16T05:09:35.551841+00:00", "level": "INFO", "logger": "trade_system.domains.trading.infrastructure.brokers.legacy.fyers", "message": "Fetching historical data for NSE:UNITDSPR-EQ (15) from 2026-09-16 to 2026-09-16", "module": "fyers", "funcName": "fetch_history", "lineNo": 372}
{"timestamp": "2026-09-16T05:09:35.623239+00:00", "level": "INFO", "logger": "trade_system.interfaces.live.data_sync_service", "message": "Backfilled 6 15-minute bars for NSE:UNITDSPR-EQ (from 2026-09-16)", "module": "data_sync_service", "funcName": "_backfill_symbol", "lineNo": 324}
{"timestamp": "2026-09-16T05:09:35.878043+00:00", "level": "INFO", "logger": "trade_system.domains.trading.infrastructure.brokers.legacy.fyers", "message": "Fetching historical data for NSE:ASHOKLEY-EQ (15) from 2026-09-16 to 2026-09-16", "module": "fyers", "funcName": "fetch_history", "lineNo": 372}
{"timestamp": "2026-09-16T05:09:35.943055+00:00", "level": "INFO", "logger": "trade_system.interfaces.live.data_sync_service", "message": "Backfilled 6 15-minute bars for NSE:ASHOKLEY-EQ (from 2026-09-16)", "module": "data_sync_service", "funcName": "_backfill_symbol", "lineNo": 324}
{"timestamp": "2026-09-16T05:09:36.197690+00:00", "level": "INFO", "logger": "trade_system.domains.trading.infrastructure.brokers.legacy.fyers", "message": "Fetching historical data for NSE:MUTHOOTFIN-EQ (15) from 2026-09-16 to 2026-09-16", "module": "fyers", "funcName": "fetch_history", "lineNo": 372}
{"timestamp": "2026-09-16T05:09:36.270354+00:00", "level": "INFO", "logger": "trade_system.interfaces.live.data_sync_service", "message": "Backfilled 6 15-minute bars for NSE:MUTHOOTFIN-EQ (from 2026-09-16)", "module": "data_sync_service", "funcName": "_backfill_symbol", "lineNo": 324}
{"timestamp": "2026-09-16T05:09:36.526555+00:00", "level": "INFO", "logger": "trade_system.domains.trading.infrastructure.brokers.legacy.fyers", "message": "Fetching historical data for NSE:CUMMINSIND-EQ (15) from 2026-09-16 to 2026-09-16", "module": "fyers", "funcName": "fetch_history", "lineNo": 372}
{"timestamp": "2026-09-16T05:09:36.593730+00:00", "level": "INFO", "logger": "trade_system.interfaces.live.data_sync_service", "message": "Backfilled 6 15-minute bars for NSE:CUMMINSIND-EQ (from 2026-09-16)", "module": "data_sync_service", "funcName": "_backfill_symbol", "lineNo": 324}
{"timestamp": "2026-09-16T05:09:36.849643+00:00", "level": "INFO", "logger": "trade_system.domains.trading.infrastructure.brokers.legacy.fyers", "message": "Fetching historical data for NSE:GAIL-EQ (15) from 2026-09-16 to 2026-09-16", "module": "fyers", "funcName": "fetch_history", "lineNo": 372}
{"timestamp": "2026-09-16T05:09:36.916343+00:00", "level": "INFO", "logger": "trade_system.interfaces.live.data_sync_service", "message": "Backfilled 6 15-minute bars for NSE:GAIL-EQ (from 2026-09-16)", "module": "data_sync_service", "funcName": "_backfill_symbol", "lineNo": 324}
{"timestamp": "2026-09-16T05:09:37.172519+00:00", "level": "INFO", "logger": "trade_system.domains.trading.infrastructure.brokers.legacy.fyers", "message": "Fetching historical data for NSE:SIEMENS-EQ (15) from 2026-09-16 to 2026-09-16", "module": "fyers", "funcName": "fetch_history", "lineNo": 372}
{"timestamp": "2026-09-16T05:09:37.258469+00:00", "level": "INFO", "logger": "trade_system.interfaces.live.data_sync_service", "message": "Backfilled 6 15-minute bars for NSE:SIEMENS-EQ (from 2026-09-16)", "module": "data_sync_service", "funcName": "_backfill_symbol", "lineNo": 324}
{"timestamp": "2026-09-16T05:09:37.512482+00:00", "level": "INFO", "logger": "trade_system.domains.trading.infrastructure.brokers.legacy.fyers", "message": "Fetching historical data for NSE:MFSL-EQ (15) from 2026-09-16 to 2026-09-16", "module": "fyers", "funcName": "fetch_history", "lineNo": 372}
{"timestamp": "2026-09-16T05:09:37.629024+00:00", "level": "INFO", "logger": "trade_system.interfaces.live.data_sync_service", "message": "Backfilled 6 15-minute bars for NSE:MFSL-EQ (from 2026-09-16)", "module": "data_sync_service", "funcName": "_backfill_symbol", "lineNo": 324}
{"timestamp": "2026-09-16T05:09:37.885208+00:00", "level": "INFO", "logger": "trade_system.domains.trading.infrastructure.brokers.legacy.fyers", "message": "Fetching historical data for NSE:NHPC-EQ (15) from 2026-09-16 to 2026-09-16", "module": "fyers", "funcName": "fetch_history", "lineNo": 372}
{"timestamp": "2026-09-16T05:09:37.951649+00:00", "level": "INFO", "logger": "trade_system.interfaces.live.data_sync_service", "message": "Backfilled 6 15-minute bars for NSE:NHPC-EQ (from 2026-09-16)", "module": "data_sync_service", "funcName": "_backfill_symbol", "lineNo": 324}
{"timestamp": "2026-09-16T05:09:38.207941+00:00", "level": "INFO", "logger": "trade_system.domains.trading.infrastructure.brokers.legacy.fyers", "message": "Fetching historical data for NSE:NTPC-EQ (15) from 2026-09-16 to 2026-09-16", "module": "fyers", "funcName": "fetch_history", "lineNo": 372}
{"timestamp": "2026-09-16T05:09:38.278682+00:00", "level": "INFO", "logger": "trade_system.interfaces.live.data_sync_service", "message": "Backfilled 6 15-minute bars for NSE:NTPC-EQ (from 2026-09-16)", "module": "data_sync_service", "funcName": "_backfill_symbol", "lineNo": 324}
{"timestamp": "2026-09-16T05:09:38.532268+00:00", "level": "INFO", "logger": "trade_system.domains.trading.infrastructure.brokers.legacy.fyers", "message": "Fetching historical data for NSE:TORNTPHARM-EQ (15) from 2026-09-16 to 2026-09-16", "module": "fyers", "funcName": "fetch_history", "lineNo": 372}
{"timestamp": "2026-09-16T05:09:38.598958+00:00", "level": "INFO", "logger": "trade_system.interfaces.live.data_sync_service", "message": "Backfilled 6 15-minute bars for NSE:TORNTPHARM-EQ (from 2026-09-16)", "module": "data_sync_service", "funcName": "_backfill_symbol", "lineNo": 324}
{"timestamp": "2026-09-16T05:09:38.852820+00:00", "level": "INFO", "logger": "trade_system.domains.trading.infrastructure.brokers.legacy.fyers", "message": "Fetching historical data for NSE:RVNL-EQ (15) from 2026-09-16 to 2026-09-16", "module": "fyers", "funcName": "fetch_history", "lineNo": 372}
{"timestamp": "2026-09-16T05:09:38.922818+00:00", "level": "INFO", "logger": "trade_system.interfaces.live.data_sync_service", "message": "Backfilled 6 15-minute bars for NSE:RVNL-EQ (from 2026-09-16)", "module": "data_sync_service", "funcName": "_backfill_symbol", "lineNo": 324}
{"timestamp": "2026-09-16T05:09:39.175354+00:00", "level": "INFO", "logger": "trade_system.domains.trading.infrastructure.brokers.legacy.fyers", "message": "Fetching historical data for NSE:KOTAKBANK-EQ (15) from 2026-09-16 to 2026-09-16", "module": "fyers", "funcName": "fetch_history", "lineNo": 372}
{"timestamp": "2026-09-16T05:09:39.242838+00:00", "level": "INFO", "logger": "trade_system.interfaces.live.data_sync_service", "message": "Backfilled 6 15-minute bars for NSE:KOTAKBANK-EQ (from 2026-09-16)", "module": "data_sync_service", "funcName": "_backfill_symbol", "lineNo": 324}
{"timestamp": "2026-09-16T05:09:39.499047+00:00", "level": "INFO", "logger": "trade_system.domains.trading.infrastructure.brokers.legacy.fyers", "message": "Fetching historical data for NSE:LICI-EQ (15) from 2026-09-16 to 2026-09-16", "module": "fyers", "funcName": "fetch_history", "lineNo": 372}
{"timestamp": "2026-09-16T05:09:39.567338+00:00", "level": "INFO", "logger": "trade_system.interfaces.live.data_sync_service", "message": "Backfilled 6 15-minute bars for NSE:LICI-EQ (from 2026-09-16)", "module": "data_sync_service", "funcName": "_backfill_symbol", "lineNo": 324}
{"timestamp": "2026-09-16T05:09:39.823543+00:00", "level": "INFO", "logger": "trade_system.domains.trading.infrastructure.brokers.legacy.fyers", "message": "Fetching historical data for NSE:AUBANK-EQ (15) from 2026-09-16 to 2026-09-16", "module": "fyers", "funcName": "fetch_history", "lineNo": 372}
{"timestamp": "2026-09-16T05:09:39.915791+00:00", "level": "INFO", "logger": "trade_system.interfaces.live.data_sync_service", "message": "Backfilled 6 15-minute bars for NSE:AUBANK-EQ (from 2026-09-16)", "module": "data_sync_service", "funcName": "_backfill_symbol", "lineNo": 324}
{"timestamp": "2026-09-16T05:09:40.172004+00:00", "level": "INFO", "logger": "trade_system.domains.trading.infrastructure.brokers.legacy.fyers", "message": "Fetching historical data for NSE:HAL-EQ (15) from 2026-09-16 to 2026-09-16", "module": "fyers", "funcName": "fetch_history", "lineNo": 372}
{"timestamp": "2026-09-16T05:09:40.251707+00:00", "level": "INFO", "logger": "trade_system.interfaces.live.data_sync_service", "message": "Backfilled 6 15-minute bars for NSE:HAL-EQ (from 2026-09-16)", "module": "data_sync_service", "funcName": "_backfill_symbol", "lineNo": 324}
{"timestamp": "2026-09-16T05:09:40.507985+00:00", "level": "INFO", "logger": "trade_system.domains.trading.infrastructure.brokers.legacy.fyers", "message": "Fetching historical data for NSE:IDEA-EQ (15) from 2026-09-16 to 2026-09-16", "module": "fyers", "funcName": "fetch_history", "lineNo": 372}
{"timestamp": "2026-09-16T05:09:40.574991+00:00", "level": "INFO", "logger": "trade_system.interfaces.live.data_sync_service", "message": "Backfilled 6 15-minute bars for NSE:IDEA-EQ (from 2026-09-16)", "module": "data_sync_service", "funcName": "_backfill_symbol", "lineNo": 324}
{"timestamp": "2026-09-16T05:09:40.829455+00:00", "level": "INFO", "logger": "trade_system.domains.trading.infrastructure.brokers.legacy.fyers", "message": "Fetching historical data for NSE:INDUSTOWER-EQ (15) from 2026-09-16 to 2026-09-16", "module": "fyers", "funcName": "fetch_history", "lineNo": 372}
{"timestamp": "2026-09-16T05:09:40.902183+00:00", "level": "INFO", "logger": "trade_system.interfaces.live.data_sync_service", "message": "Backfilled 6 15-minute bars for NSE:INDUSTOWER-EQ (from 2026-09-16)", "module": "data_sync_service", "funcName": "_backfill_symbol", "lineNo": 324}
{"timestamp": "2026-09-16T05:09:41.156470+00:00", "level": "INFO", "logger": "trade_system.domains.trading.infrastructure.brokers.legacy.fyers", "message": "Fetching historical data for NSE:IOC-EQ (15) from 2026-09-16 to 2026-09-16", "module": "fyers", "funcName": "fetch_history", "lineNo": 372}
{"timestamp": "2026-09-16T05:09:41.225207+00:00", "level": "INFO", "logger": "trade_system.interfaces.live.data_sync_service", "message": "Backfilled 6 15-minute bars for NSE:IOC-EQ (from 2026-09-16)", "module": "data_sync_service", "funcName": "_backfill_symbol", "lineNo": 324}
{"timestamp": "2026-09-16T05:09:41.479341+00:00", "level": "INFO", "logger": "trade_system.domains.trading.infrastructure.brokers.legacy.fyers", "message": "Fetching historical data for NSE:IREDA-EQ (15) from 2026-09-16 to 2026-09-16", "module": "fyers", "funcName": "fetch_history", "lineNo": 372}
{"timestamp": "2026-09-16T05:09:41.545622+00:00", "level": "INFO", "logger": "trade_system.interfaces.live.data_sync_service", "message": "Backfilled 6 15-minute bars for NSE:IREDA-EQ (from 2026-09-16)", "module": "data_sync_service", "funcName": "_backfill_symbol", "lineNo": 324}
{"timestamp": "2026-09-16T05:09:41.801746+00:00", "level": "INFO", "logger": "trade_system.domains.trading.infrastructure.brokers.legacy.fyers", "message": "Fetching historical data for NSE:TRENT-EQ (15) from 2026-09-16 to 2026-09-16", "module": "fyers", "funcName": "fetch_history", "lineNo": 372}
{"timestamp": "2026-09-16T05:09:41.866945+00:00", "level": "INFO", "logger": "trade_system.interfaces.live.data_sync_service", "message": "Backfilled 6 15-minute bars for NSE:TRENT-EQ (from 2026-09-16)", "module": "data_sync_service", "funcName": "_backfill_symbol", "lineNo": 324}
{"timestamp": "2026-09-16T05:09:42.119622+00:00", "level": "INFO", "logger": "trade_system.domains.trading.infrastructure.brokers.legacy.fyers", "message": "Fetching historical data for NSE:SBICARD-EQ (15) from 2026-09-16 to 2026-09-16", "module": "fyers", "funcName": "fetch_history", "lineNo": 372}
{"timestamp": "2026-09-16T05:09:42.188075+00:00", "level": "INFO", "logger": "trade_system.interfaces.live.data_sync_service", "message": "Backfilled 6 15-minute bars for NSE:SBICARD-EQ (from 2026-09-16)", "module": "data_sync_service", "funcName": "_backfill_symbol", "lineNo": 324}
{"timestamp": "2026-09-16T05:09:42.444136+00:00", "level": "INFO", "logger": "trade_system.domains.trading.infrastructure.brokers.legacy.fyers", "message": "Fetching historical data for NSE:SHRIRAMFIN-EQ (15) from 2026-09-16 to 2026-09-16", "module": "fyers", "funcName": "fetch_history", "lineNo": 372}
{"timestamp": "2026-09-16T05:09:42.511252+00:00", "level": "INFO", "logger": "trade_system.interfaces.live.data_sync_service", "message": "Backfilled 6 15-minute bars for NSE:SHRIRAMFIN-EQ (from 2026-09-16)", "module": "data_sync_service", "funcName": "_backfill_symbol", "lineNo": 324}
{"timestamp": "2026-09-16T05:09:42.767475+00:00", "level": "INFO", "logger": "trade_system.domains.trading.infrastructure.brokers.legacy.fyers", "message": "Fetching historical data for NSE:CANBK-EQ (15) from 2026-09-16 to 2026-09-16", "module": "fyers", "funcName": "fetch_history", "lineNo": 372}
{"timestamp": "2026-09-16T05:09:42.836313+00:00", "level": "INFO", "logger": "trade_system.interfaces.live.data_sync_service", "message": "Backfilled 6 15-minute bars for NSE:CANBK-EQ (from 2026-09-16)", "module": "data_sync_service", "funcName": "_backfill_symbol", "lineNo": 324}
{"timestamp": "2026-09-16T05:09:43.092072+00:00", "level": "INFO", "logger": "trade_system.domains.trading.infrastructure.brokers.legacy.fyers", "message": "Fetching historical data for NSE:YESBANK-EQ (15) from 2026-09-16 to 2026-09-16", "module": "fyers", "funcName": "fetch_history", "lineNo": 372}
{"timestamp": "2026-09-16T05:09:43.172313+00:00", "level": "INFO", "logger": "trade_system.interfaces.live.data_sync_service", "message": "Backfilled 6 15-minute bars for NSE:YESBANK-EQ (from 2026-09-16)", "module": "data_sync_service", "funcName": "_backfill_symbol", "lineNo": 324}
{"timestamp": "2026-09-16T05:09:43.426978+00:00", "level": "INFO", "logger": "trade_system.domains.trading.infrastructure.brokers.legacy.fyers", "message": "Fetching historical data for NSE:VOLTAS-EQ (15) from 2026-09-16 to 2026-09-16", "module": "fyers", "funcName": "fetch_history", "lineNo": 372}
{"timestamp": "2026-09-16T05:09:43.502479+00:00", "level": "INFO", "logger": "trade_system.interfaces.live.data_sync_service", "message": "Backfilled 6 15-minute bars for NSE:VOLTAS-EQ (from 2026-09-16)", "module": "data_sync_service", "funcName": "_backfill_symbol", "lineNo": 324}
{"timestamp": "2026-09-16T05:09:43.758723+00:00", "level": "INFO", "logger": "trade_system.domains.trading.infrastructure.brokers.legacy.fyers", "message": "Fetching historical data for NSE:HINDPETRO-EQ (15) from 2026-09-16 to 2026-09-16", "module": "fyers", "funcName": "fetch_history", "lineNo": 372}
{"timestamp": "2026-09-16T05:09:43.824996+00:00", "level": "INFO", "logger": "trade_system.interfaces.live.data_sync_service", "message": "Backfilled 6 15-minute bars for NSE:HINDPETRO-EQ (from 2026-09-16)", "module": "data_sync_service", "funcName": "_backfill_symbol", "lineNo": 324}
{"timestamp": "2026-09-16T05:09:44.080500+00:00", "level": "INFO", "logger": "trade_system.domains.trading.infrastructure.brokers.legacy.fyers", "message": "Fetching historical data for NSE:ATHERENERG-EQ (15) from 2026-09-16 to 2026-09-16", "module": "fyers", "funcName": "fetch_history", "lineNo": 372}
{"timestamp": "2026-09-16T05:09:44.147767+00:00", "level": "INFO", "logger": "trade_system.interfaces.live.data_sync_service", "message": "Backfilled 6 15-minute bars for NSE:ATHERENERG-EQ (from 2026-09-16)", "module": "data_sync_service", "funcName": "_backfill_symbol", "lineNo": 324}
{"timestamp": "2026-09-16T05:09:44.402646+00:00", "level": "INFO", "logger": "trade_system.domains.trading.infrastructure.brokers.legacy.fyers", "message": "Fetching historical data for NSE:MAHABANK-EQ (15) from 2026-09-16 to 2026-09-16", "module": "fyers", "funcName": "fetch_history", "lineNo": 372}
{"timestamp": "2026-09-16T05:09:44.470100+00:00", "level": "INFO", "logger": "trade_system.interfaces.live.data_sync_service", "message": "Backfilled 6 15-minute bars for NSE:MAHABANK-EQ (from 2026-09-16)", "module": "data_sync_service", "funcName": "_backfill_symbol", "lineNo": 324}
{"timestamp": "2026-09-16T05:09:44.723530+00:00", "level": "INFO", "logger": "trade_system.domains.trading.infrastructure.brokers.legacy.fyers", "message": "Fetching historical data for NSE:SAGILITY-EQ (15) from 2026-09-16 to 2026-09-16", "module": "fyers", "funcName": "fetch_history", "lineNo": 372}
{"timestamp": "2026-09-16T05:09:44.796012+00:00", "level": "INFO", "logger": "trade_system.interfaces.live.data_sync_service", "message": "Backfilled 6 15-minute bars for NSE:SAGILITY-EQ (from 2026-09-16)", "module": "data_sync_service", "funcName": "_backfill_symbol", "lineNo": 324}
{"timestamp": "2026-09-16T05:09:45.051212+00:00", "level": "INFO", "logger": "trade_system.interfaces.live.data_sync_service", "message": "Finished 15-minute sync: 3191 rows written across 211/212 symbols", "module": "data_sync_service", "funcName": "backfill_symbols", "lineNo": 235}
{"timestamp": "2026-09-16T05:09:45.051418+00:00", "level": "INFO", "logger": "trade_system.domains.market_data.application.data_sanity_manager", "message": "\ud83e\ude79 Auto-healing 215 symbols for D resolution...", "module": "data_sanity_manager", "funcName": "ensure_data_sanity_and_heal", "lineNo": 172}
{"timestamp": "2026-09-16T05:09:45.051472+00:00", "level": "INFO", "logger": "trade_system.interfaces.live.data_sync_service", "message": "DataSyncService: Starting backfill for 215 symbols across resolutions ['D']", "module": "data_sync_service", "funcName": "backfill_symbols", "lineNo": 214}
{"timestamp": "2026-09-16T05:09:45.051513+00:00", "level": "INFO", "logger": "trade_system.interfaces.live.data_sync_service", "message": "--- Syncing Daily data for 215 symbols ---", "module": "data_sync_service", "funcName": "backfill_symbols", "lineNo": 224}
{"timestamp": "2026-09-16T05:09:45.052564+00:00", "level": "INFO", "logger": "trade_system.domains.trading.infrastructure.brokers.legacy.fyers", "message": "Fetching historical data for NSE:NIFTY50-INDEX (D) from 2026-09-16 to 2026-09-16", "module": "fyers", "funcName": "fetch_history", "lineNo": 372}
{"timestamp": "2026-09-16T05:09:45.119172+00:00", "level": "INFO", "logger": "trade_system.interfaces.live.data_sync_service", "message": "Backfilled 1 Daily bars for NSE:NIFTY50-INDEX (from 2026-09-16)", "module": "data_sync_service", "funcName": "_backfill_symbol", "lineNo": 324}
{"timestamp": "2026-09-16T05:09:45.374089+00:00", "level": "INFO", "logger": "trade_system.domains.trading.infrastructure.brokers.legacy.fyers", "message": "Fetching historical data for NSE:NIFTYBANK-INDEX (D) from 2026-09-16 to 2026-09-16", "module": "fyers", "funcName": "fetch_history", "lineNo": 372}
{"timestamp": "2026-09-16T05:09:45.465885+00:00", "level": "INFO", "logger": "trade_system.interfaces.live.data_sync_service", "message": "Backfilled 1 Daily bars for NSE:NIFTYBANK-INDEX (from 2026-09-16)", "module": "data_sync_service", "funcName": "_backfill_symbol", "lineNo": 324}
{"timestamp": "2026-09-16T05:09:45.720560+00:00", "level": "INFO", "logger": "trade_system.domains.trading.infrastructure.brokers.legacy.fyers", "message": "Fetching historical data for BSE:SENSEX-INDEX (D) from 2026-09-16 to 2026-09-16", "module": "fyers", "funcName": "fetch_history", "lineNo": 372}
{"timestamp": "2026-09-16T05:09:45.790921+00:00", "level": "INFO", "logger": "trade_system.interfaces.live.data_sync_service", "message": "Backfilled 1 Daily bars for BSE:SENSEX-INDEX (from 2026-09-16)", "module": "data_sync_service", "funcName": "_backfill_symbol", "lineNo": 324}
{"timestamp": "2026-09-16T05:09:46.045850+00:00", "level": "INFO", "logger": "trade_system.domains.trading.infrastructure.brokers.legacy.fyers", "message": "Fetching historical data for NSE:FINNIFTY-INDEX (D) from 2026-09-16 to 2026-09-16", "module": "fyers", "funcName": "fetch_history", "lineNo": 372}
{"timestamp": "2026-09-16T05:09:46.111548+00:00", "level": "INFO", "logger": "trade_system.interfaces.live.data_sync_service", "message": "Backfilled 1 Daily bars for NSE:FINNIFTY-INDEX (from 2026-09-16)", "module": "data_sync_service", "funcName": "_backfill_symbol", "lineNo": 324}
{"timestamp": "2026-09-16T05:09:46.367231+00:00", "level": "INFO", "logger": "trade_system.domains.trading.infrastructure.brokers.legacy.fyers", "message": "Fetching historical data for NSE:NIFTYFPI-EQ (D) from 2026-07-20 to 2026-09-16", "module": "fyers", "funcName": "fetch_history", "lineNo": 372}
{"timestamp": "2026-09-16T05:09:46.454283+00:00", "level": "ERROR", "logger": "trade_system.domains.trading.infrastructure.brokers.legacy.fyers", "message": "Failed to fetch FYERS history: Invalid symbol provided", "module": "fyers", "funcName": "fetch_history", "lineNo": 387}
{"timestamp": "2026-09-16T05:09:46.481032+00:00", "level": "INFO", "logger": "trade_system.domains.trading.infrastructure.brokers.legacy.fyers", "message": "Fetching historical data for NSE:360ONE-EQ (D) from 2026-09-16 to 2026-09-16", "module": "fyers", "funcName": "fetch_history", "lineNo": 372}
{"timestamp": "2026-09-16T05:09:46.544497+00:00", "level": "INFO", "logger": "trade_system.interfaces.live.data_sync_service", "message": "Backfilled 1 Daily bars for NSE:360ONE-EQ (from 2026-09-16)", "module": "data_sync_service", "funcName": "_backfill_symbol", "lineNo": 324}
{"timestamp": "2026-09-16T05:09:46.800332+00:00", "level": "INFO", "logger": "trade_system.domains.trading.infrastructure.brokers.legacy.fyers", "message": "Fetching historical data for NSE:ABCAPITAL-EQ (D) from 2026-09-16 to 2026-09-16", "module": "fyers", "funcName": "fetch_history", "lineNo": 372}
{"timestamp": "2026-09-16T05:09:46.866655+00:00", "level": "INFO", "logger": "trade_system.interfaces.live.data_sync_service", "message": "Backfilled 1 Daily bars for NSE:ABCAPITAL-EQ (from 2026-09-16)", "module": "data_sync_service", "funcName": "_backfill_symbol", "lineNo": 324}
{"timestamp": "2026-09-16T05:09:47.119274+00:00", "level": "INFO", "logger": "trade_system.domains.trading.infrastructure.brokers.legacy.fyers", "message": "Fetching historical data for NSE:ADANIENSOL-EQ (D) from 2026-09-16 to 2026-09-16", "module": "fyers", "funcName": "fetch_history", "lineNo": 372}
{"timestamp": "2026-09-16T05:09:47.185307+00:00", "level": "INFO", "logger": "trade_system.interfaces.live.data_sync_service", "message": "Backfilled 1 Daily bars for NSE:ADANIENSOL-EQ (from 2026-09-16)", "module": "data_sync_service", "funcName": "_backfill_symbol", "lineNo": 324}
{"timestamp": "2026-09-16T05:09:47.436965+00:00", "level": "INFO", "logger": "trade_system.domains.trading.infrastructure.brokers.legacy.fyers", "message": "Fetching historical data for NSE:ABB-EQ (D) from 2026-09-16 to 2026-09-16", "module": "fyers", "funcName": "fetch_history", "lineNo": 372}
{"timestamp": "2026-09-16T05:09:47.501333+00:00", "level": "INFO", "logger": "trade_system.interfaces.live.data_sync_service", "message": "Backfilled 1 Daily bars for NSE:ABB-EQ (from 2026-09-16)", "module": "data_sync_service", "funcName": "_backfill_symbol", "lineNo": 324}
{"timestamp": "2026-09-16T05:09:47.753860+00:00", "level": "INFO", "logger": "trade_system.domains.trading.infrastructure.brokers.legacy.fyers", "message": "Fetching historical data for NSE:ADANIPORTS-EQ (D) from 2026-09-16 to 2026-09-16", "module": "fyers", "funcName": "fetch_history", "lineNo": 372}
{"timestamp": "2026-09-16T05:09:47.817209+00:00", "level": "INFO", "logger": "trade_system.interfaces.live.data_sync_service", "message": "Backfilled 1 Daily bars for NSE:ADANIPORTS-EQ (from 2026-09-16)", "module": "data_sync_service", "funcName": "_backfill_symbol", "lineNo": 324}
{"timestamp": "2026-09-16T05:09:48.072316+00:00", "level": "INFO", "logger": "trade_system.domains.trading.infrastructure.brokers.legacy.fyers", "message": "Fetching historical data for NSE:AMBER-EQ (D) from 2026-09-16 to 2026-09-16", "module": "fyers", "funcName": "fetch_history", "lineNo": 372}
{"timestamp": "2026-09-16T05:09:48.134933+00:00", "level": "INFO", "logger": "trade_system.interfaces.live.data_sync_service", "message": "Backfilled 1 Daily bars for NSE:AMBER-EQ (from 2026-09-16)", "module": "data_sync_service", "funcName": "_backfill_symbol", "lineNo": 324}
{"timestamp": "2026-09-16T05:09:48.386930+00:00", "level": "INFO", "logger": "trade_system.domains.trading.infrastructure.brokers.legacy.fyers", "message": "Fetching historical data for NSE:ASIANPAINT-EQ (D) from 2026-09-16 to 2026-09-16", "module": "fyers", "funcName": "fetch_history", "lineNo": 372}
{"timestamp": "2026-09-16T05:09:48.450986+00:00", "level": "INFO", "logger": "trade_system.interfaces.live.data_sync_service", "message": "Backfilled 1 Daily bars for NSE:ASIANPAINT-EQ (from 2026-09-16)", "module": "data_sync_service", "funcName": "_backfill_symbol", "lineNo": 324}
{"timestamp": "2026-09-16T05:09:48.703338+00:00", "level": "INFO", "logger": "trade_system.domains.trading.infrastructure.brokers.legacy.fyers", "message": "Fetching historical data for NSE:AMBUJACEM-EQ (D) from 2026-09-16 to 2026-09-16", "module": "fyers", "funcName": "fetch_history", "lineNo": 372}
{"timestamp": "2026-09-16T05:09:48.774365+00:00", "level": "INFO", "logger": "trade_system.interfaces.live.data_sync_service", "message": "Backfilled 1 Daily bars for NSE:AMBUJACEM-EQ (from 2026-09-16)", "module": "data_sync_service", "funcName": "_backfill_symbol", "lineNo": 324}
{"timestamp": "2026-09-16T05:09:49.030145+00:00", "level": "INFO", "logger": "trade_system.domains.trading.infrastructure.brokers.legacy.fyers", "message": "Fetching historical data for NSE:ADANIENT-EQ (D) from 2026-09-16 to 2026-09-16", "module": "fyers", "funcName": "fetch_history", "lineNo": 372}
{"timestamp": "2026-09-16T05:09:49.102371+00:00", "level": "INFO", "logger": "trade_system.interfaces.live.data_sync_service", "message": "Backfilled 1 Daily bars for NSE:ADANIENT-EQ (from 2026-09-16)", "module": "data_sync_service", "funcName": "_backfill_symbol", "lineNo": 324}
{"timestamp": "2026-09-16T05:09:49.358166+00:00", "level": "INFO", "logger": "trade_system.domains.trading.infrastructure.brokers.legacy.fyers", "message": "Fetching historical data for NSE:BAJAJ-AUTO-EQ (D) from 2026-09-16 to 2026-09-16", "module": "fyers", "funcName": "fetch_history", "lineNo": 372}
{"timestamp": "2026-09-16T05:09:49.423329+00:00", "level": "INFO", "logger": "trade_system.interfaces.live.data_sync_service", "message": "Backfilled 1 Daily bars for NSE:BAJAJ-AUTO-EQ (from 2026-09-16)", "module": "data_sync_service", "funcName": "_backfill_symbol", "lineNo": 324}
{"timestamp": "2026-09-16T05:09:49.675352+00:00", "level": "INFO", "logger": "trade_system.domains.trading.infrastructure.brokers.legacy.fyers", "message": "Fetching historical data for NSE:BAJAJHLDNG-EQ (D) from 2026-09-16 to 2026-09-16", "module": "fyers", "funcName": "fetch_history", "lineNo": 372}
{"timestamp": "2026-09-16T05:09:49.737725+00:00", "level": "INFO", "logger": "trade_system.interfaces.live.data_sync_service", "message": "Backfilled 1 Daily bars for NSE:BAJAJHLDNG-EQ (from 2026-09-16)", "module": "data_sync_service", "funcName": "_backfill_symbol", "lineNo": 324}
{"timestamp": "2026-09-16T05:09:49.989551+00:00", "level": "INFO", "logger": "trade_system.domains.trading.infrastructure.brokers.legacy.fyers", "message": "Fetching historical data for NSE:APLAPOLLO-EQ (D) from 2026-09-16 to 2026-09-16", "module": "fyers", "funcName": "fetch_history", "lineNo": 372}
{"timestamp": "2026-09-16T05:09:50.051105+00:00", "level": "INFO", "logger": "trade_system.interfaces.live.data_sync_service", "message": "Backfilled 1 Daily bars for NSE:APLAPOLLO-EQ (from 2026-09-16)", "module": "data_sync_service", "funcName": "_backfill_symbol", "lineNo": 324}
{"timestamp": "2026-09-16T05:09:50.303577+00:00", "level": "INFO", "logger": "trade_system.domains.trading.infrastructure.brokers.legacy.fyers", "message": "Fetching historical data for NSE:ADANIGREEN-EQ (D) from 2026-09-16 to 2026-09-16", "module": "fyers", "funcName": "fetch_history", "lineNo": 372}
{"timestamp": "2026-09-16T05:09:50.367259+00:00", "level": "INFO", "logger": "trade_system.interfaces.live.data_sync_service", "message": "Backfilled 1 Daily bars for NSE:ADANIGREEN-EQ (from 2026-09-16)", "module": "data_sync_service", "funcName": "_backfill_symbol", "lineNo": 324}
{"timestamp": "2026-09-16T05:09:50.619317+00:00", "level": "INFO", "logger": "trade_system.domains.trading.infrastructure.brokers.legacy.fyers", "message": "Fetching historical data for NSE:AUROPHARMA-EQ (D) from 2026-09-16 to 2026-09-16", "module": "fyers", "funcName": "fetch_history", "lineNo": 372}
{"timestamp": "2026-09-16T05:09:50.685919+00:00", "level": "INFO", "logger": "trade_system.interfaces.live.data_sync_service", "message": "Backfilled 1 Daily bars for NSE:AUROPHARMA-EQ (from 2026-09-16)", "module": "data_sync_service", "funcName": "_backfill_symbol", "lineNo": 324}
{"timestamp": "2026-09-16T05:09:50.941607+00:00", "level": "INFO", "logger": "trade_system.domains.trading.infrastructure.brokers.legacy.fyers", "message": "Fetching historical data for NSE:AXISBANK-EQ (D) from 2026-09-16 to 2026-09-16", "module": "fyers", "funcName": "fetch_history", "lineNo": 372}
{"timestamp": "2026-09-16T05:09:51.004403+00:00", "level": "INFO", "logger": "trade_system.interfaces.live.data_sync_service", "message": "Backfilled 1 Daily bars for NSE:AXISBANK-EQ (from 2026-09-16)", "module": "data_sync_service", "funcName": "_backfill_symbol", "lineNo": 324}
{"timestamp": "2026-09-16T05:09:51.257191+00:00", "level": "INFO", "logger": "trade_system.domains.trading.infrastructure.brokers.legacy.fyers", "message": "Fetching historical data for NSE:BOSCHLTD-EQ (D) from 2026-09-16 to 2026-09-16", "module": "fyers", "funcName": "fetch_history", "lineNo": 372}
{"timestamp": "2026-09-16T05:09:51.319714+00:00", "level": "INFO", "logger": "trade_system.interfaces.live.data_sync_service", "message": "Backfilled 1 Daily bars for NSE:BOSCHLTD-EQ (from 2026-09-16)", "module": "data_sync_service", "funcName": "_backfill_symbol", "lineNo": 324}
{"timestamp": "2026-09-16T05:09:51.571685+00:00", "level": "INFO", "logger": "trade_system.domains.trading.infrastructure.brokers.legacy.fyers", "message": "Fetching historical data for NSE:BRITANNIA-EQ (D) from 2026-09-16 to 2026-09-16", "module": "fyers", "funcName": "fetch_history", "lineNo": 372}
{"timestamp": "2026-09-16T05:09:51.637251+00:00", "level": "INFO", "logger": "trade_system.interfaces.live.data_sync_service", "message": "Backfilled 1 Daily bars for NSE:BRITANNIA-EQ (from 2026-09-16)", "module": "data_sync_service", "funcName": "_backfill_symbol", "lineNo": 324}
{"timestamp": "2026-09-16T05:09:51.890393+00:00", "level": "INFO", "logger": "trade_system.domains.trading.infrastructure.brokers.legacy.fyers", "message": "Fetching historical data for NSE:CDSL-EQ (D) from 2026-09-16 to 2026-09-16", "module": "fyers", "funcName": "fetch_history", "lineNo": 372}
{"timestamp": "2026-09-16T05:09:51.957577+00:00", "level": "INFO", "logger": "trade_system.interfaces.live.data_sync_service", "message": "Backfilled 1 Daily bars for NSE:CDSL-EQ (from 2026-09-16)", "module": "data_sync_service", "funcName": "_backfill_symbol", "lineNo": 324}
{"timestamp": "2026-09-16T05:09:52.213258+00:00", "level": "INFO", "logger": "trade_system.domains.trading.infrastructure.brokers.legacy.fyers", "message": "Fetching historical data for NSE:BANDHANBNK-EQ (D) from 2026-09-16 to 2026-09-16", "module": "fyers", "funcName": "fetch_history", "lineNo": 372}
{"timestamp": "2026-09-16T05:09:52.281590+00:00", "level": "INFO", "logger": "trade_system.interfaces.live.data_sync_service", "message": "Backfilled 1 Daily bars for NSE:BANDHANBNK-EQ (from 2026-09-16)", "module": "data_sync_service", "funcName": "_backfill_symbol", "lineNo": 324}
{"timestamp": "2026-09-16T05:09:52.536031+00:00", "level": "INFO", "logger": "trade_system.domains.trading.infrastructure.brokers.legacy.fyers", "message": "Fetching historical data for NSE:BANKBARODA-EQ (D) from 2026-09-16 to 2026-09-16", "module": "fyers", "funcName": "fetch_history", "lineNo": 372}
{"timestamp": "2026-09-16T05:09:52.600256+00:00", "level": "INFO", "logger": "trade_system.interfaces.live.data_sync_service", "message": "Backfilled 1 Daily bars for NSE:BANKBARODA-EQ (from 2026-09-16)", "module": "data_sync_service", "funcName": "_backfill_symbol", "lineNo": 324}
{"timestamp": "2026-09-16T05:09:52.867319+00:00", "level": "INFO", "logger": "trade_system.domains.trading.infrastructure.brokers.legacy.fyers", "message": "Fetching historical data for NSE:BDL-EQ (D) from 2026-09-16 to 2026-09-16", "module": "fyers", "funcName": "fetch_history", "lineNo": 372}
{"timestamp": "2026-09-16T05:09:52.937057+00:00", "level": "INFO", "logger": "trade_system.interfaces.live.data_sync_service", "message": "Backfilled 1 Daily bars for NSE:BDL-EQ (from 2026-09-16)", "module": "data_sync_service", "funcName": "_backfill_symbol", "lineNo": 324}
{"timestamp": "2026-09-16T05:09:53.193172+00:00", "level": "INFO", "logger": "trade_system.domains.trading.infrastructure.brokers.legacy.fyers", "message": "Fetching historical data for NSE:BHARATFORG-EQ (D) from 2026-09-16 to 2026-09-16", "module": "fyers", "funcName": "fetch_history", "lineNo": 372}
{"timestamp": "2026-09-16T05:09:53.256495+00:00", "level": "INFO", "logger": "trade_system.interfaces.live.data_sync_service", "message": "Backfilled 1 Daily bars for NSE:BHARATFORG-EQ (from 2026-09-16)", "module": "data_sync_service", "funcName": "_backfill_symbol", "lineNo": 324}
{"timestamp": "2026-09-16T05:09:53.510149+00:00", "level": "INFO", "logger": "trade_system.domains.trading.infrastructure.brokers.legacy.fyers", "message": "Fetching historical data for NSE:COALINDIA-EQ (D) from 2026-09-16 to 2026-09-16", "module": "fyers", "funcName": "fetch_history", "lineNo": 372}
{"timestamp": "2026-09-16T05:09:53.580448+00:00", "level": "INFO", "logger": "trade_system.interfaces.live.data_sync_service", "message": "Backfilled 1 Daily bars for NSE:COALINDIA-EQ (from 2026-09-16)", "module": "data_sync_service", "funcName": "_backfill_symbol", "lineNo": 324}
{"timestamp": "2026-09-16T05:09:53.836159+00:00", "level": "INFO", "logger": "trade_system.domains.trading.infrastructure.brokers.legacy.fyers", "message": "Fetching historical data for NSE:BHARTIARTL-EQ (D) from 2026-09-16 to 2026-09-16", "module": "fyers", "funcName": "fetch_history", "lineNo": 372}
{"timestamp": "2026-09-16T05:09:53.901723+00:00", "level": "INFO", "logger": "trade_system.interfaces.live.data_sync_service", "message": "Backfilled 1 Daily bars for NSE:BHARTIARTL-EQ (from 2026-09-16)", "module": "data_sync_service", "funcName": "_backfill_symbol", "lineNo": 324}
{"timestamp": "2026-09-16T05:09:54.157529+00:00", "level": "INFO", "logger": "trade_system.domains.trading.infrastructure.brokers.legacy.fyers", "message": "Fetching historical data for NSE:BLUESTARCO-EQ (D) from 2026-09-16 to 2026-09-16", "module": "fyers", "funcName": "fetch_history", "lineNo": 372}
{"timestamp": "2026-09-16T05:09:54.226659+00:00", "level": "INFO", "logger": "trade_system.interfaces.live.data_sync_service", "message": "Backfilled 1 Daily bars for NSE:BLUESTARCO-EQ (from 2026-09-16)", "module": "data_sync_service", "funcName": "_backfill_symbol", "lineNo": 324}
{"timestamp": "2026-09-16T05:09:54.482410+00:00", "level": "INFO", "logger": "trade_system.domains.trading.infrastructure.brokers.legacy.fyers", "message": "Fetching historical data for NSE:BPCL-EQ (D) from 2026-09-16 to 2026-09-16", "module": "fyers", "funcName": "fetch_history", "lineNo": 372}
{"timestamp": "2026-09-16T05:09:54.550445+00:00", "level": "INFO", "logger": "trade_system.interfaces.live.data_sync_service", "message": "Backfilled 1 Daily bars for NSE:BPCL-EQ (from 2026-09-16)", "module": "data_sync_service", "funcName": "_backfill_symbol", "lineNo": 324}
{"timestamp": "2026-09-16T05:09:54.805852+00:00", "level": "INFO", "logger": "trade_system.domains.trading.infrastructure.brokers.legacy.fyers", "message": "Fetching historical data for NSE:ALKEM-EQ (D) from 2026-09-16 to 2026-09-16", "module": "fyers", "funcName": "fetch_history", "lineNo": 372}
{"timestamp": "2026-09-16T05:09:54.873969+00:00", "level": "INFO", "logger": "trade_system.interfaces.live.data_sync_service", "message": "Backfilled 1 Daily bars for NSE:ALKEM-EQ (from 2026-09-16)", "module": "data_sync_service", "funcName": "_backfill_symbol", "lineNo": 324}
{"timestamp": "2026-09-16T05:09:55.127564+00:00", "level": "INFO", "logger": "trade_system.domains.trading.infrastructure.brokers.legacy.fyers", "message": "Fetching historical data for NSE:CAMS-EQ (D) from 2026-09-16 to 2026-09-16", "module": "fyers", "funcName": "fetch_history", "lineNo": 372}
{"timestamp": "2026-09-16T05:09:55.207095+00:00", "level": "INFO", "logger": "trade_system.interfaces.live.data_sync_service", "message": "Backfilled 1 Daily bars for NSE:CAMS-EQ (from 2026-09-16)", "module": "data_sync_service", "funcName": "_backfill_symbol", "lineNo": 324}
{"timestamp": "2026-09-16T05:09:55.462737+00:00", "level": "INFO", "logger": "trade_system.domains.trading.infrastructure.brokers.legacy.fyers", "message": "Fetching historical data for NSE:CHOLAFIN-EQ (D) from 2026-09-16 to 2026-09-16", "module": "fyers", "funcName": "fetch_history", "lineNo": 372}
{"timestamp": "2026-09-16T05:09:55.543296+00:00", "level": "INFO", "logger": "trade_system.interfaces.live.data_sync_service", "message": "Backfilled 1 Daily bars for NSE:CHOLAFIN-EQ (from 2026-09-16)", "module": "data_sync_service", "funcName": "_backfill_symbol", "lineNo": 324}
{"timestamp": "2026-09-16T05:09:55.798304+00:00", "level": "INFO", "logger": "trade_system.domains.trading.infrastructure.brokers.legacy.fyers", "message": "Fetching historical data for NSE:CIPLA-EQ (D) from 2026-09-16 to 2026-09-16", "module": "fyers", "funcName": "fetch_history", "lineNo": 372}
{"timestamp": "2026-09-16T05:09:55.880013+00:00", "level": "INFO", "logger": "trade_system.interfaces.live.data_sync_service", "message": "Backfilled 1 Daily bars for NSE:CIPLA-EQ (from 2026-09-16)", "module": "data_sync_service", "funcName": "_backfill_symbol", "lineNo": 324}
{"timestamp": "2026-09-16T05:09:56.135873+00:00", "level": "INFO", "logger": "trade_system.domains.trading.infrastructure.brokers.legacy.fyers", "message": "Fetching historical data for NSE:COCHINSHIP-EQ (D) from 2026-09-16 to 2026-09-16", "module": "fyers", "funcName": "fetch_history", "lineNo": 372}
{"timestamp": "2026-09-16T05:09:56.208886+00:00", "level": "INFO", "logger": "trade_system.interfaces.live.data_sync_service", "message": "Backfilled 1 Daily bars for NSE:COCHINSHIP-EQ (from 2026-09-16)", "module": "data_sync_service", "funcName": "_backfill_symbol", "lineNo": 324}
{"timestamp": "2026-09-16T05:09:56.463712+00:00", "level": "INFO", "logger": "trade_system.domains.trading.infrastructure.brokers.legacy.fyers", "message": "Fetching historical data for NSE:COLPAL-EQ (D) from 2026-09-16 to 2026-09-16", "module": "fyers", "funcName": "fetch_history", "lineNo": 372}
{"timestamp": "2026-09-16T05:09:56.527620+00:00", "level": "INFO", "logger": "trade_system.interfaces.live.data_sync_service", "message": "Backfilled 1 Daily bars for NSE:COLPAL-EQ (from 2026-09-16)", "module": "data_sync_service", "funcName": "_backfill_symbol", "lineNo": 324}
{"timestamp": "2026-09-16T05:09:56.779719+00:00", "level": "INFO", "logger": "trade_system.domains.trading.infrastructure.brokers.legacy.fyers", "message": "Fetching historical data for NSE:COFORGE-EQ (D) from 2026-09-16 to 2026-09-16", "module": "fyers", "funcName": "fetch_history", "lineNo": 372}
{"timestamp": "2026-09-16T05:09:56.854124+00:00", "level": "INFO", "logger": "trade_system.interfaces.live.data_sync_service", "message": "Backfilled 1 Daily bars for NSE:COFORGE-EQ (from 2026-09-16)", "module": "data_sync_service", "funcName": "_backfill_symbol", "lineNo": 324}
{"timestamp": "2026-09-16T05:09:57.105873+00:00", "level": "INFO", "logger": "trade_system.domains.trading.infrastructure.brokers.legacy.fyers", "message": "Fetching historical data for NSE:CROMPTON-EQ (D) from 2026-09-16 to 2026-09-16", "module": "fyers", "funcName": "fetch_history", "lineNo": 372}
{"timestamp": "2026-09-16T05:09:57.177981+00:00", "level": "INFO", "logger": "trade_system.interfaces.live.data_sync_service", "message": "Backfilled 1 Daily bars for NSE:CROMPTON-EQ (from 2026-09-16)", "module": "data_sync_service", "funcName": "_backfill_symbol", "lineNo": 324}
{"timestamp": "2026-09-16T05:09:57.433792+00:00", "level": "INFO", "logger": "trade_system.domains.trading.infrastructure.brokers.legacy.fyers", "message": "Fetching historical data for NSE:CONCOR-EQ (D) from 2026-09-16 to 2026-09-16", "module": "fyers", "funcName": "fetch_history", "lineNo": 372}
{"timestamp": "2026-09-16T05:09:57.499950+00:00", "level": "INFO", "logger": "trade_system.interfaces.live.data_sync_service", "message": "Backfilled 1 Daily bars for NSE:CONCOR-EQ (from 2026-09-16)", "module": "data_sync_service", "funcName": "_backfill_symbol", "lineNo": 324}
{"timestamp": "2026-09-16T05:09:57.755804+00:00", "level": "INFO", "logger": "trade_system.domains.trading.infrastructure.brokers.legacy.fyers", "message": "Fetching historical data for NSE:DABUR-EQ (D) from 2026-09-16 to 2026-09-16", "module": "fyers", "funcName": "fetch_history", "lineNo": 372}
{"timestamp": "2026-09-16T05:09:57.825233+00:00", "level": "INFO", "logger": "trade_system.interfaces.live.data_sync_service", "message": "Backfilled 1 Daily bars for NSE:DABUR-EQ (from 2026-09-16)", "module": "data_sync_service", "funcName": "_backfill_symbol", "lineNo": 324}
{"timestamp": "2026-09-16T05:09:58.079511+00:00", "level": "INFO", "logger": "trade_system.domains.trading.infrastructure.brokers.legacy.fyers", "message": "Fetching historical data for NSE:ANGELONE-EQ (D) from 2026-09-16 to 2026-09-16", "module": "fyers", "funcName": "fetch_history", "lineNo": 372}
{"timestamp": "2026-09-16T05:09:58.144871+00:00", "level": "INFO", "logger": "trade_system.interfaces.live.data_sync_service", "message": "Backfilled 1 Daily bars for NSE:ANGELONE-EQ (from 2026-09-16)", "module": "data_sync_service", "funcName": "_backfill_symbol", "lineNo": 324}
{"timestamp": "2026-09-16T05:09:58.400356+00:00", "level": "INFO", "logger": "trade_system.domains.trading.infrastructure.brokers.legacy.fyers", "message": "Fetching historical data for NSE:APOLLOHOSP-EQ (D) from 2026-09-16 to 2026-09-16", "module": "fyers", "funcName": "fetch_history", "lineNo": 372}
{"timestamp": "2026-09-16T05:09:58.469043+00:00", "level": "INFO", "logger": "trade_system.interfaces.live.data_sync_service", "message": "Backfilled 1 Daily bars for NSE:APOLLOHOSP-EQ (from 2026-09-16)", "module": "data_sync_service", "funcName": "_backfill_symbol", "lineNo": 324}
{"timestamp": "2026-09-16T05:09:58.720081+00:00", "level": "INFO", "logger": "trade_system.domains.trading.infrastructure.brokers.legacy.fyers", "message": "Fetching historical data for NSE:DELHIVERY-EQ (D) from 2026-09-16 to 2026-09-16", "module": "fyers", "funcName": "fetch_history", "lineNo": 372}
{"timestamp": "2026-09-16T05:09:58.789791+00:00", "level": "INFO", "logger": "trade_system.interfaces.live.data_sync_service", "message": "Backfilled 1 Daily bars for NSE:DELHIVERY-EQ (from 2026-09-16)", "module": "data_sync_service", "funcName": "_backfill_symbol", "lineNo": 324}
{"timestamp": "2026-09-16T05:09:59.043199+00:00", "level": "INFO", "logger": "trade_system.domains.trading.infrastructure.brokers.legacy.fyers", "message": "Fetching historical data for NSE:DIVISLAB-EQ (D) from 2026-09-16 to 2026-09-16", "module": "fyers", "funcName": "fetch_history", "lineNo": 372}
{"timestamp": "2026-09-16T05:09:59.133995+00:00", "level": "INFO", "logger": "trade_system.interfaces.live.data_sync_service", "message": "Backfilled 1 Daily bars for NSE:DIVISLAB-EQ (from 2026-09-16)", "module": "data_sync_service", "funcName": "_backfill_symbol", "lineNo": 324}
{"timestamp": "2026-09-16T05:09:59.388642+00:00", "level": "INFO", "logger": "trade_system.domains.trading.infrastructure.brokers.legacy.fyers", "message": "Fetching historical data for NSE:DLF-EQ (D) from 2026-09-16 to 2026-09-16", "module": "fyers", "funcName": "fetch_history", "lineNo": 372}
{"timestamp": "2026-09-16T05:09:59.455993+00:00", "level": "INFO", "logger": "trade_system.interfaces.live.data_sync_service", "message": "Backfilled 1 Daily bars for NSE:DLF-EQ (from 2026-09-16)", "module": "data_sync_service", "funcName": "_backfill_symbol", "lineNo": 324}
{"timestamp": "2026-09-16T05:09:59.706812+00:00", "level": "INFO", "logger": "trade_system.domains.trading.infrastructure.brokers.legacy.fyers", "message": "Fetching historical data for NSE:DMART-EQ (D) from 2026-09-16 to 2026-09-16", "module": "fyers", "funcName": "fetch_history", "lineNo": 372}
{"timestamp": "2026-09-16T05:09:59.775524+00:00", "level": "INFO", "logger": "trade_system.interfaces.live.data_sync_service", "message": "Backfilled 1 Daily bars for NSE:DMART-EQ (from 2026-09-16)", "module": "data_sync_service", "funcName": "_backfill_symbol", "lineNo": 324}
{"timestamp": "2026-09-16T05:10:00.026704+00:00", "level": "INFO", "logger": "trade_system.domains.trading.infrastructure.brokers.legacy.fyers", "message": "Fetching historical data for NSE:DRREDDY-EQ (D) from 2026-09-16 to 2026-09-16", "module": "fyers", "funcName": "fetch_history", "lineNo": 372}
{"timestamp": "2026-09-16T05:10:00.107496+00:00", "level": "INFO", "logger": "trade_system.interfaces.live.data_sync_service", "message": "Backfilled 1 Daily bars for NSE:DRREDDY-EQ (from 2026-09-16)", "module": "data_sync_service", "funcName": "_backfill_symbol", "lineNo": 324}
{"timestamp": "2026-09-16T05:10:00.359314+00:00", "level": "INFO", "logger": "trade_system.domains.trading.infrastructure.brokers.legacy.fyers", "message": "Fetching historical data for NSE:DIXON-EQ (D) from 2026-09-16 to 2026-09-16", "module": "fyers", "funcName": "fetch_history", "lineNo": 372}
{"timestamp": "2026-09-16T05:10:00.422341+00:00", "level": "INFO", "logger": "trade_system.interfaces.live.data_sync_service", "message": "Backfilled 1 Daily bars for NSE:DIXON-EQ (from 2026-09-16)", "module": "data_sync_service", "funcName": "_backfill_symbol", "lineNo": 324}
{"timestamp": "2026-09-16T05:10:00.677181+00:00", "level": "INFO", "logger": "trade_system.domains.trading.infrastructure.brokers.legacy.fyers", "message": "Fetching historical data for NSE:ETERNAL-EQ (D) from 2026-09-16 to 2026-09-16", "module": "fyers", "funcName": "fetch_history", "lineNo": 372}
{"timestamp": "2026-09-16T05:10:00.752259+00:00", "level": "INFO", "logger": "trade_system.interfaces.live.data_sync_service", "message": "Backfilled 1 Daily bars for NSE:ETERNAL-EQ (from 2026-09-16)", "module": "data_sync_service", "funcName": "_backfill_symbol", "lineNo": 324}
{"timestamp": "2026-09-16T05:10:01.003084+00:00", "level": "INFO", "logger": "trade_system.domains.trading.infrastructure.brokers.legacy.fyers", "message": "Fetching historical data for NSE:FORCEMOT-EQ (D) from 2026-09-16 to 2026-09-16", "module": "fyers", "funcName": "fetch_history", "lineNo": 372}
{"timestamp": "2026-09-16T05:10:01.091981+00:00", "level": "INFO", "logger": "trade_system.interfaces.live.data_sync_service", "message": "Backfilled 1 Daily bars for NSE:FORCEMOT-EQ (from 2026-09-16)", "module": "data_sync_service", "funcName": "_backfill_symbol", "lineNo": 324}
{"timestamp": "2026-09-16T05:10:01.344761+00:00", "level": "INFO", "logger": "trade_system.domains.trading.infrastructure.brokers.legacy.fyers", "message": "Fetching historical data for NSE:FORTIS-EQ (D) from 2026-09-16 to 2026-09-16", "module": "fyers", "funcName": "fetch_history", "lineNo": 372}
{"timestamp": "2026-09-16T05:10:01.424294+00:00", "level": "INFO", "logger": "trade_system.interfaces.live.data_sync_service", "message": "Backfilled 1 Daily bars for NSE:FORTIS-EQ (from 2026-09-16)", "module": "data_sync_service", "funcName": "_backfill_symbol", "lineNo": 324}
{"timestamp": "2026-09-16T05:10:01.680681+00:00", "level": "INFO", "logger": "trade_system.domains.trading.infrastructure.brokers.legacy.fyers", "message": "Fetching historical data for NSE:GLENMARK-EQ (D) from 2026-09-16 to 2026-09-16", "module": "fyers", "funcName": "fetch_history", "lineNo": 372}
{"timestamp": "2026-09-16T05:10:01.748034+00:00", "level": "INFO", "logger": "trade_system.interfaces.live.data_sync_service", "message": "Backfilled 1 Daily bars for NSE:GLENMARK-EQ (from 2026-09-16)", "module": "data_sync_service", "funcName": "_backfill_symbol", "lineNo": 324}
{"timestamp": "2026-09-16T05:10:02.004019+00:00", "level": "INFO", "logger": "trade_system.domains.trading.infrastructure.brokers.legacy.fyers", "message": "Fetching historical data for NSE:GODFRYPHLP-EQ (D) from 2026-09-16 to 2026-09-16", "module": "fyers", "funcName": "fetch_history", "lineNo": 372}
{"timestamp": "2026-09-16T05:10:02.090369+00:00", "level": "INFO", "logger": "trade_system.interfaces.live.data_sync_service", "message": "Backfilled 1 Daily bars for NSE:GODFRYPHLP-EQ (from 2026-09-16)", "module": "data_sync_service", "funcName": "_backfill_symbol", "lineNo": 324}
{"timestamp": "2026-09-16T05:10:02.343765+00:00", "level": "INFO", "logger": "trade_system.domains.trading.infrastructure.brokers.legacy.fyers", "message": "Fetching historical data for NSE:BANKINDIA-EQ (D) from 2026-09-16 to 2026-09-16", "module": "fyers", "funcName": "fetch_history", "lineNo": 372}
{"timestamp": "2026-09-16T05:10:02.410463+00:00", "level": "INFO", "logger": "trade_system.interfaces.live.data_sync_service", "message": "Backfilled 1 Daily bars for NSE:BANKINDIA-EQ (from 2026-09-16)", "module": "data_sync_service", "funcName": "_backfill_symbol", "lineNo": 324}
{"timestamp": "2026-09-16T05:10:02.664814+00:00", "level": "INFO", "logger": "trade_system.domains.trading.infrastructure.brokers.legacy.fyers", "message": "Fetching historical data for NSE:GODREJPROP-EQ (D) from 2026-09-16 to 2026-09-16", "module": "fyers", "funcName": "fetch_history", "lineNo": 372}
{"timestamp": "2026-09-16T05:10:02.732100+00:00", "level": "INFO", "logger": "trade_system.interfaces.live.data_sync_service", "message": "Backfilled 1 Daily bars for NSE:GODREJPROP-EQ (from 2026-09-16)", "module": "data_sync_service", "funcName": "_backfill_symbol", "lineNo": 324}
{"timestamp": "2026-09-16T05:10:02.984273+00:00", "level": "INFO", "logger": "trade_system.domains.trading.infrastructure.brokers.legacy.fyers", "message": "Fetching historical data for NSE:GODREJCP-EQ (D) from 2026-09-16 to 2026-09-16", "module": "fyers", "funcName": "fetch_history", "lineNo": 372}
{"timestamp": "2026-09-16T05:10:03.053639+00:00", "level": "INFO", "logger": "trade_system.interfaces.live.data_sync_service", "message": "Backfilled 1 Daily bars for NSE:GODREJCP-EQ (from 2026-09-16)", "module": "data_sync_service", "funcName": "_backfill_symbol", "lineNo": 324}
{"timestamp": "2026-09-16T05:10:03.307635+00:00", "level": "INFO", "logger": "trade_system.domains.trading.infrastructure.brokers.legacy.fyers", "message": "Fetching historical data for NSE:HCLTECH-EQ (D) from 2026-09-16 to 2026-09-16", "module": "fyers", "funcName": "fetch_history", "lineNo": 372}
{"timestamp": "2026-09-16T05:10:03.374710+00:00", "level": "INFO", "logger": "trade_system.interfaces.live.data_sync_service", "message": "Backfilled 1 Daily bars for NSE:HCLTECH-EQ (from 2026-09-16)", "module": "data_sync_service", "funcName": "_backfill_symbol", "lineNo": 324}
{"timestamp": "2026-09-16T05:10:03.626193+00:00", "level": "INFO", "logger": "trade_system.domains.trading.infrastructure.brokers.legacy.fyers", "message": "Fetching historical data for NSE:HDFCBANK-EQ (D) from 2026-09-16 to 2026-09-16", "module": "fyers", "funcName": "fetch_history", "lineNo": 372}
{"timestamp": "2026-09-16T05:10:03.725334+00:00", "level": "INFO", "logger": "trade_system.interfaces.live.data_sync_service", "message": "Backfilled 1 Daily bars for NSE:HDFCBANK-EQ (from 2026-09-16)", "module": "data_sync_service", "funcName": "_backfill_symbol", "lineNo": 324}
{"timestamp": "2026-09-16T05:10:03.976317+00:00", "level": "INFO", "logger": "trade_system.domains.trading.infrastructure.brokers.legacy.fyers", "message": "Fetching historical data for NSE:GRASIM-EQ (D) from 2026-09-16 to 2026-09-16", "module": "fyers", "funcName": "fetch_history", "lineNo": 372}
{"timestamp": "2026-09-16T05:10:04.040444+00:00", "level": "INFO", "logger": "trade_system.interfaces.live.data_sync_service", "message": "Backfilled 1 Daily bars for NSE:GRASIM-EQ (from 2026-09-16)", "module": "data_sync_service", "funcName": "_backfill_symbol", "lineNo": 324}
{"timestamp": "2026-09-16T05:10:04.296173+00:00", "level": "INFO", "logger": "trade_system.domains.trading.infrastructure.brokers.legacy.fyers", "message": "Fetching historical data for NSE:GVT&D-EQ (D) from 2026-09-16 to 2026-09-16", "module": "fyers", "funcName": "fetch_history", "lineNo": 372}
{"timestamp": "2026-09-16T05:10:04.429125+00:00", "level": "INFO", "logger": "trade_system.interfaces.live.data_sync_service", "message": "Backfilled 1 Daily bars for NSE:GVT&D-EQ (from 2026-09-16)", "module": "data_sync_service", "funcName": "_backfill_symbol", "lineNo": 324}
{"timestamp": "2026-09-16T05:10:04.684452+00:00", "level": "INFO", "logger": "trade_system.domains.trading.infrastructure.brokers.legacy.fyers", "message": "Fetching historical data for NSE:HAVELLS-EQ (D) from 2026-09-16 to 2026-09-16", "module": "fyers", "funcName": "fetch_history", "lineNo": 372}
{"timestamp": "2026-09-16T05:10:04.750470+00:00", "level": "INFO", "logger": "trade_system.interfaces.live.data_sync_service", "message": "Backfilled 1 Daily bars for NSE:HAVELLS-EQ (from 2026-09-16)", "module": "data_sync_service", "funcName": "_backfill_symbol", "lineNo": 324}
{"timestamp": "2026-09-16T05:10:05.005217+00:00", "level": "INFO", "logger": "trade_system.domains.trading.infrastructure.brokers.legacy.fyers", "message": "Fetching historical data for NSE:HDFCLIFE-EQ (D) from 2026-09-16 to 2026-09-16", "module": "fyers", "funcName": "fetch_history", "lineNo": 372}
{"timestamp": "2026-09-16T05:10:05.070640+00:00", "level": "INFO", "logger": "trade_system.interfaces.live.data_sync_service", "message": "Backfilled 1 Daily bars for NSE:HDFCLIFE-EQ (from 2026-09-16)", "module": "data_sync_service", "funcName": "_backfill_symbol", "lineNo": 324}
{"timestamp": "2026-09-16T05:10:05.322505+00:00", "level": "INFO", "logger": "trade_system.domains.trading.infrastructure.brokers.legacy.fyers", "message": "Fetching historical data for NSE:BEL-EQ (D) from 2026-09-16 to 2026-09-16", "module": "fyers", "funcName": "fetch_history", "lineNo": 372}
{"timestamp": "2026-09-16T05:10:05.387746+00:00", "level": "INFO", "logger": "trade_system.interfaces.live.data_sync_service", "message": "Backfilled 1 Daily bars for NSE:BEL-EQ (from 2026-09-16)", "module": "data_sync_service", "funcName": "_backfill_symbol", "lineNo": 324}
{"timestamp": "2026-09-16T05:10:05.638973+00:00", "level": "INFO", "logger": "trade_system.domains.trading.infrastructure.brokers.legacy.fyers", "message": "Fetching historical data for NSE:BHEL-EQ (D) from 2026-09-16 to 2026-09-16", "module": "fyers", "funcName": "fetch_history", "lineNo": 372}
{"timestamp": "2026-09-16T05:10:05.700993+00:00", "level": "INFO", "logger": "trade_system.interfaces.live.data_sync_service", "message": "Backfilled 1 Daily bars for NSE:BHEL-EQ (from 2026-09-16)", "module": "data_sync_service", "funcName": "_backfill_symbol", "lineNo": 324}
{"timestamp": "2026-09-16T05:10:05.954752+00:00", "level": "INFO", "logger": "trade_system.domains.trading.infrastructure.brokers.legacy.fyers", "message": "Fetching historical data for NSE:HINDALCO-EQ (D) from 2026-09-16 to 2026-09-16", "module": "fyers", "funcName": "fetch_history", "lineNo": 372}
{"timestamp": "2026-09-16T05:10:06.021478+00:00", "level": "INFO", "logger": "trade_system.interfaces.live.data_sync_service", "message": "Backfilled 1 Daily bars for NSE:HINDALCO-EQ (from 2026-09-16)", "module": "data_sync_service", "funcName": "_backfill_symbol", "lineNo": 324}
{"timestamp": "2026-09-16T05:10:06.276509+00:00", "level": "INFO", "logger": "trade_system.domains.trading.infrastructure.brokers.legacy.fyers", "message": "Fetching historical data for NSE:BIOCON-EQ (D) from 2026-09-16 to 2026-09-16", "module": "fyers", "funcName": "fetch_history", "lineNo": 372}
{"timestamp": "2026-09-16T05:10:06.345521+00:00", "level": "INFO", "logger": "trade_system.interfaces.live.data_sync_service", "message": "Backfilled 1 Daily bars for NSE:BIOCON-EQ (from 2026-09-16)", "module": "data_sync_service", "funcName": "_backfill_symbol", "lineNo": 324}
{"timestamp": "2026-09-16T05:10:06.600601+00:00", "level": "INFO", "logger": "trade_system.domains.trading.infrastructure.brokers.legacy.fyers", "message": "Fetching historical data for NSE:HINDUNILVR-EQ (D) from 2026-09-16 to 2026-09-16", "module": "fyers", "funcName": "fetch_history", "lineNo": 372}
{"timestamp": "2026-09-16T05:10:06.671036+00:00", "level": "INFO", "logger": "trade_system.interfaces.live.data_sync_service", "message": "Backfilled 1 Daily bars for NSE:HINDUNILVR-EQ (from 2026-09-16)", "module": "data_sync_service", "funcName": "_backfill_symbol", "lineNo": 324}
{"timestamp": "2026-09-16T05:10:06.922200+00:00", "level": "INFO", "logger": "trade_system.domains.trading.infrastructure.brokers.legacy.fyers", "message": "Fetching historical data for NSE:HINDZINC-EQ (D) from 2026-09-16 to 2026-09-16", "module": "fyers", "funcName": "fetch_history", "lineNo": 372}
{"timestamp": "2026-09-16T05:10:06.987291+00:00", "level": "INFO", "logger": "trade_system.interfaces.live.data_sync_service", "message": "Backfilled 1 Daily bars for NSE:HINDZINC-EQ (from 2026-09-16)", "module": "data_sync_service", "funcName": "_backfill_symbol", "lineNo": 324}
{"timestamp": "2026-09-16T05:10:07.240552+00:00", "level": "INFO", "logger": "trade_system.domains.trading.infrastructure.brokers.legacy.fyers", "message": "Fetching historical data for NSE:IDFCFIRSTB-EQ (D) from 2026-09-16 to 2026-09-16", "module": "fyers", "funcName": "fetch_history", "lineNo": 372}
{"timestamp": "2026-09-16T05:10:07.307032+00:00", "level": "INFO", "logger": "trade_system.interfaces.live.data_sync_service", "message": "Backfilled 1 Daily bars for NSE:IDFCFIRSTB-EQ (from 2026-09-16)", "module": "data_sync_service", "funcName": "_backfill_symbol", "lineNo": 324}
{"timestamp": "2026-09-16T05:10:07.562493+00:00", "level": "INFO", "logger": "trade_system.domains.trading.infrastructure.brokers.legacy.fyers", "message": "Fetching historical data for NSE:INDUSINDBK-EQ (D) from 2026-09-16 to 2026-09-16", "module": "fyers", "funcName": "fetch_history", "lineNo": 372}
{"timestamp": "2026-09-16T05:10:07.635927+00:00", "level": "INFO", "logger": "trade_system.interfaces.live.data_sync_service", "message": "Backfilled 1 Daily bars for NSE:INDUSINDBK-EQ (from 2026-09-16)", "module": "data_sync_service", "funcName": "_backfill_symbol", "lineNo": 324}
{"timestamp": "2026-09-16T05:10:07.891875+00:00", "level": "INFO", "logger": "trade_system.domains.trading.infrastructure.brokers.legacy.fyers", "message": "Fetching historical data for NSE:ICICIGI-EQ (D) from 2026-09-16 to 2026-09-16", "module": "fyers", "funcName": "fetch_history", "lineNo": 372}
{"timestamp": "2026-09-16T05:10:07.968399+00:00", "level": "INFO", "logger": "trade_system.interfaces.live.data_sync_service", "message": "Backfilled 1 Daily bars for NSE:ICICIGI-EQ (from 2026-09-16)", "module": "data_sync_service", "funcName": "_backfill_symbol", "lineNo": 324}
{"timestamp": "2026-09-16T05:10:08.223288+00:00", "level": "INFO", "logger": "trade_system.domains.trading.infrastructure.brokers.legacy.fyers", "message": "Fetching historical data for NSE:CGPOWER-EQ (D) from 2026-09-16 to 2026-09-16", "module": "fyers", "funcName": "fetch_history", "lineNo": 372}
{"timestamp": "2026-09-16T05:10:08.291928+00:00", "level": "INFO", "logger": "trade_system.interfaces.live.data_sync_service", "message": "Backfilled 1 Daily bars for NSE:CGPOWER-EQ (from 2026-09-16)", "module": "data_sync_service", "funcName": "_backfill_symbol", "lineNo": 324}
{"timestamp": "2026-09-16T05:10:08.547424+00:00", "level": "INFO", "logger": "trade_system.domains.trading.infrastructure.brokers.legacy.fyers", "message": "Fetching historical data for NSE:IRFC-EQ (D) from 2026-09-16 to 2026-09-16", "module": "fyers", "funcName": "fetch_history", "lineNo": 372}
{"timestamp": "2026-09-16T05:10:08.615492+00:00", "level": "INFO", "logger": "trade_system.interfaces.live.data_sync_service", "message": "Backfilled 1 Daily bars for NSE:IRFC-EQ (from 2026-09-16)", "module": "data_sync_service", "funcName": "_backfill_symbol", "lineNo": 324}
{"timestamp": "2026-09-16T05:10:08.871346+00:00", "level": "INFO", "logger": "trade_system.domains.trading.infrastructure.brokers.legacy.fyers", "message": "Fetching historical data for NSE:JINDALSTEL-EQ (D) from 2026-09-16 to 2026-09-16", "module": "fyers", "funcName": "fetch_history", "lineNo": 372}
{"timestamp": "2026-09-16T05:10:08.937365+00:00", "level": "INFO", "logger": "trade_system.interfaces.live.data_sync_service", "message": "Backfilled 1 Daily bars for NSE:JINDALSTEL-EQ (from 2026-09-16)", "module": "data_sync_service", "funcName": "_backfill_symbol", "lineNo": 324}
{"timestamp": "2026-09-16T05:10:09.193016+00:00", "level": "INFO", "logger": "trade_system.domains.trading.infrastructure.brokers.legacy.fyers", "message": "Fetching historical data for NSE:JIOFIN-EQ (D) from 2026-09-16 to 2026-09-16", "module": "fyers", "funcName": "fetch_history", "lineNo": 372}
{"timestamp": "2026-09-16T05:10:09.259659+00:00", "level": "INFO", "logger": "trade_system.interfaces.live.data_sync_service", "message": "Backfilled 1 Daily bars for NSE:JIOFIN-EQ (from 2026-09-16)", "module": "data_sync_service", "funcName": "_backfill_symbol", "lineNo": 324}
{"timestamp": "2026-09-16T05:10:09.514294+00:00", "level": "INFO", "logger": "trade_system.domains.trading.infrastructure.brokers.legacy.fyers", "message": "Fetching historical data for NSE:IEX-EQ (D) from 2026-09-16 to 2026-09-16", "module": "fyers", "funcName": "fetch_history", "lineNo": 372}
{"timestamp": "2026-09-16T05:10:09.581340+00:00", "level": "INFO", "logger": "trade_system.interfaces.live.data_sync_service", "message": "Backfilled 1 Daily bars for NSE:IEX-EQ (from 2026-09-16)", "module": "data_sync_service", "funcName": "_backfill_symbol", "lineNo": 324}
{"timestamp": "2026-09-16T05:10:09.837018+00:00", "level": "INFO", "logger": "trade_system.domains.trading.infrastructure.brokers.legacy.fyers", "message": "Fetching historical data for NSE:INDHOTEL-EQ (D) from 2026-09-16 to 2026-09-16", "module": "fyers", "funcName": "fetch_history", "lineNo": 372}
{"timestamp": "2026-09-16T05:10:09.905913+00:00", "level": "INFO", "logger": "trade_system.interfaces.live.data_sync_service", "message": "Backfilled 1 Daily bars for NSE:INDHOTEL-EQ (from 2026-09-16)", "module": "data_sync_service", "funcName": "_backfill_symbol", "lineNo": 324}
{"timestamp": "2026-09-16T05:10:10.160510+00:00", "level": "INFO", "logger": "trade_system.domains.trading.infrastructure.brokers.legacy.fyers", "message": "Fetching historical data for NSE:INDIANB-EQ (D) from 2026-09-16 to 2026-09-16", "module": "fyers", "funcName": "fetch_history", "lineNo": 372}
{"timestamp": "2026-09-16T05:10:10.279821+00:00", "level": "INFO", "logger": "trade_system.interfaces.live.data_sync_service", "message": "Backfilled 1 Daily bars for NSE:INDIANB-EQ (from 2026-09-16)", "module": "data_sync_service", "funcName": "_backfill_symbol", "lineNo": 324}
{"timestamp": "2026-09-16T05:10:10.550085+00:00", "level": "INFO", "logger": "trade_system.domains.trading.infrastructure.brokers.legacy.fyers", "message": "Fetching historical data for NSE:JSWENERGY-EQ (D) from 2026-09-16 to 2026-09-16", "module": "fyers", "funcName": "fetch_history", "lineNo": 372}
{"timestamp": "2026-09-16T05:10:10.689294+00:00", "level": "INFO", "logger": "trade_system.interfaces.live.data_sync_service", "message": "Backfilled 1 Daily bars for NSE:JSWENERGY-EQ (from 2026-09-16)", "module": "data_sync_service", "funcName": "_backfill_symbol", "lineNo": 324}
{"timestamp": "2026-09-16T05:10:10.942668+00:00", "level": "INFO", "logger": "trade_system.domains.trading.infrastructure.brokers.legacy.fyers", "message": "Fetching historical data for NSE:JSWSTEEL-EQ (D) from 2026-09-16 to 2026-09-16", "module": "fyers", "funcName": "fetch_history", "lineNo": 372}
{"timestamp": "2026-09-16T05:10:11.013120+00:00", "level": "INFO", "logger": "trade_system.interfaces.live.data_sync_service", "message": "Backfilled 1 Daily bars for NSE:JSWSTEEL-EQ (from 2026-09-16)", "module": "data_sync_service", "funcName": "_backfill_symbol", "lineNo": 324}
{"timestamp": "2026-09-16T05:10:11.263945+00:00", "level": "INFO", "logger": "trade_system.domains.trading.infrastructure.brokers.legacy.fyers", "message": "Fetching historical data for NSE:KAYNES-EQ (D) from 2026-09-16 to 2026-09-16", "module": "fyers", "funcName": "fetch_history", "lineNo": 372}
{"timestamp": "2026-09-16T05:10:11.333808+00:00", "level": "INFO", "logger": "trade_system.interfaces.live.data_sync_service", "message": "Backfilled 1 Daily bars for NSE:KAYNES-EQ (from 2026-09-16)", "module": "data_sync_service", "funcName": "_backfill_symbol", "lineNo": 324}
{"timestamp": "2026-09-16T05:10:11.589548+00:00", "level": "INFO", "logger": "trade_system.domains.trading.infrastructure.brokers.legacy.fyers", "message": "Fetching historical data for NSE:KEI-EQ (D) from 2026-09-16 to 2026-09-16", "module": "fyers", "funcName": "fetch_history", "lineNo": 372}
{"timestamp": "2026-09-16T05:10:11.657303+00:00", "level": "INFO", "logger": "trade_system.interfaces.live.data_sync_service", "message": "Backfilled 1 Daily bars for NSE:KEI-EQ (from 2026-09-16)", "module": "data_sync_service", "funcName": "_backfill_symbol", "lineNo": 324}
{"timestamp": "2026-09-16T05:10:11.913531+00:00", "level": "INFO", "logger": "trade_system.domains.trading.infrastructure.brokers.legacy.fyers", "message": "Fetching historical data for NSE:INFY-EQ (D) from 2026-09-16 to 2026-09-16", "module": "fyers", "funcName": "fetch_history", "lineNo": 372}
{"timestamp": "2026-09-16T05:10:11.981953+00:00", "level": "INFO", "logger": "trade_system.interfaces.live.data_sync_service", "message": "Backfilled 1 Daily bars for NSE:INFY-EQ (from 2026-09-16)", "module": "data_sync_service", "funcName": "_backfill_symbol", "lineNo": 324}
{"timestamp": "2026-09-16T05:10:12.233133+00:00", "level": "INFO", "logger": "trade_system.domains.trading.infrastructure.brokers.legacy.fyers", "message": "Fetching historical data for NSE:INOXWIND-EQ (D) from 2026-09-16 to 2026-09-16", "module": "fyers", "funcName": "fetch_history", "lineNo": 372}
{"timestamp": "2026-09-16T05:10:12.297701+00:00", "level": "INFO", "logger": "trade_system.interfaces.live.data_sync_service", "message": "Backfilled 1 Daily bars for NSE:INOXWIND-EQ (from 2026-09-16)", "module": "data_sync_service", "funcName": "_backfill_symbol", "lineNo": 324}
{"timestamp": "2026-09-16T05:10:12.553425+00:00", "level": "INFO", "logger": "trade_system.domains.trading.infrastructure.brokers.legacy.fyers", "message": "Fetching historical data for NSE:ITC-EQ (D) from 2026-09-16 to 2026-09-16", "module": "fyers", "funcName": "fetch_history", "lineNo": 372}
{"timestamp": "2026-09-16T05:10:12.618969+00:00", "level": "INFO", "logger": "trade_system.interfaces.live.data_sync_service", "message": "Backfilled 1 Daily bars for NSE:ITC-EQ (from 2026-09-16)", "module": "data_sync_service", "funcName": "_backfill_symbol", "lineNo": 324}
{"timestamp": "2026-09-16T05:10:12.874296+00:00", "level": "INFO", "logger": "trade_system.domains.trading.infrastructure.brokers.legacy.fyers", "message": "Fetching historical data for NSE:KPITTECH-EQ (D) from 2026-09-16 to 2026-09-16", "module": "fyers", "funcName": "fetch_history", "lineNo": 372}
{"timestamp": "2026-09-16T05:10:12.944591+00:00", "level": "INFO", "logger": "trade_system.interfaces.live.data_sync_service", "message": "Backfilled 1 Daily bars for NSE:KPITTECH-EQ (from 2026-09-16)", "module": "data_sync_service", "funcName": "_backfill_symbol", "lineNo": 324}
{"timestamp": "2026-09-16T05:10:13.200831+00:00", "level": "INFO", "logger": "trade_system.domains.trading.infrastructure.brokers.legacy.fyers", "message": "Fetching historical data for NSE:JUBLFOOD-EQ (D) from 2026-09-16 to 2026-09-16", "module": "fyers", "funcName": "fetch_history", "lineNo": 372}
{"timestamp": "2026-09-16T05:10:13.264713+00:00", "level": "INFO", "logger": "trade_system.interfaces.live.data_sync_service", "message": "Backfilled 1 Daily bars for NSE:JUBLFOOD-EQ (from 2026-09-16)", "module": "data_sync_service", "funcName": "_backfill_symbol", "lineNo": 324}
{"timestamp": "2026-09-16T05:10:13.520520+00:00", "level": "INFO", "logger": "trade_system.domains.trading.infrastructure.brokers.legacy.fyers", "message": "Fetching historical data for NSE:LT-EQ (D) from 2026-09-16 to 2026-09-16", "module": "fyers", "funcName": "fetch_history", "lineNo": 372}
{"timestamp": "2026-09-16T05:10:13.594046+00:00", "level": "INFO", "logger": "trade_system.interfaces.live.data_sync_service", "message": "Backfilled 1 Daily bars for NSE:LT-EQ (from 2026-09-16)", "module": "data_sync_service", "funcName": "_backfill_symbol", "lineNo": 324}
{"timestamp": "2026-09-16T05:10:13.845257+00:00", "level": "INFO", "logger": "trade_system.domains.trading.infrastructure.brokers.legacy.fyers", "message": "Fetching historical data for NSE:M&M-EQ (D) from 2026-09-16 to 2026-09-16", "module": "fyers", "funcName": "fetch_history", "lineNo": 372}
{"timestamp": "2026-09-16T05:10:13.909867+00:00", "level": "INFO", "logger": "trade_system.interfaces.live.data_sync_service", "message": "Backfilled 1 Daily bars for NSE:M&M-EQ (from 2026-09-16)", "module": "data_sync_service", "funcName": "_backfill_symbol", "lineNo": 324}
{"timestamp": "2026-09-16T05:10:14.165649+00:00", "level": "INFO", "logger": "trade_system.domains.trading.infrastructure.brokers.legacy.fyers", "message": "Fetching historical data for NSE:KALYANKJIL-EQ (D) from 2026-09-16 to 2026-09-16", "module": "fyers", "funcName": "fetch_history", "lineNo": 372}
{"timestamp": "2026-09-16T05:10:14.235057+00:00", "level": "INFO", "logger": "trade_system.interfaces.live.data_sync_service", "message": "Backfilled 1 Daily bars for NSE:KALYANKJIL-EQ (from 2026-09-16)", "module": "data_sync_service", "funcName": "_backfill_symbol", "lineNo": 324}
{"timestamp": "2026-09-16T05:10:14.487640+00:00", "level": "INFO", "logger": "trade_system.domains.trading.infrastructure.brokers.legacy.fyers", "message": "Fetching historical data for NSE:MANKIND-EQ (D) from 2026-09-16 to 2026-09-16", "module": "fyers", "funcName": "fetch_history", "lineNo": 372}
{"timestamp": "2026-09-16T05:10:14.579407+00:00", "level": "INFO", "logger": "trade_system.interfaces.live.data_sync_service", "message": "Backfilled 1 Daily bars for NSE:MANKIND-EQ (from 2026-09-16)", "module": "data_sync_service", "funcName": "_backfill_symbol", "lineNo": 324}
{"timestamp": "2026-09-16T05:10:14.833741+00:00", "level": "INFO", "logger": "trade_system.domains.trading.infrastructure.brokers.legacy.fyers", "message": "Fetching historical data for NSE:MARICO-EQ (D) from 2026-09-16 to 2026-09-16", "module": "fyers", "funcName": "fetch_history", "lineNo": 372}
{"timestamp": "2026-09-16T05:10:14.900344+00:00", "level": "INFO", "logger": "trade_system.interfaces.live.data_sync_service", "message": "Backfilled 1 Daily bars for NSE:MARICO-EQ (from 2026-09-16)", "module": "data_sync_service", "funcName": "_backfill_symbol", "lineNo": 324}
{"timestamp": "2026-09-16T05:10:15.153948+00:00", "level": "INFO", "logger": "trade_system.domains.trading.infrastructure.brokers.legacy.fyers", "message": "Fetching historical data for NSE:ADANIPOWER-EQ (D) from 2026-09-16 to 2026-09-16", "module": "fyers", "funcName": "fetch_history", "lineNo": 372}
{"timestamp": "2026-09-16T05:10:15.218827+00:00", "level": "INFO", "logger": "trade_system.interfaces.live.data_sync_service", "message": "Backfilled 1 Daily bars for NSE:ADANIPOWER-EQ (from 2026-09-16)", "module": "data_sync_service", "funcName": "_backfill_symbol", "lineNo": 324}
{"timestamp": "2026-09-16T05:10:15.474608+00:00", "level": "INFO", "logger": "trade_system.domains.trading.infrastructure.brokers.legacy.fyers", "message": "Fetching historical data for NSE:MCX-EQ (D) from 2026-09-16 to 2026-09-16", "module": "fyers", "funcName": "fetch_history", "lineNo": 372}
{"timestamp": "2026-09-16T05:10:15.540100+00:00", "level": "INFO", "logger": "trade_system.interfaces.live.data_sync_service", "message": "Backfilled 1 Daily bars for NSE:MCX-EQ (from 2026-09-16)", "module": "data_sync_service", "funcName": "_backfill_symbol", "lineNo": 324}
{"timestamp": "2026-09-16T05:10:15.794647+00:00", "level": "INFO", "logger": "trade_system.domains.trading.infrastructure.brokers.legacy.fyers", "message": "Fetching historical data for NSE:NAM-INDIA-EQ (D) from 2026-09-16 to 2026-09-16", "module": "fyers", "funcName": "fetch_history", "lineNo": 372}
{"timestamp": "2026-09-16T05:10:15.865840+00:00", "level": "INFO", "logger": "trade_system.interfaces.live.data_sync_service", "message": "Backfilled 1 Daily bars for NSE:NAM-INDIA-EQ (from 2026-09-16)", "module": "data_sync_service", "funcName": "_backfill_symbol", "lineNo": 324}
{"timestamp": "2026-09-16T05:10:16.121607+00:00", "level": "INFO", "logger": "trade_system.domains.trading.infrastructure.brokers.legacy.fyers", "message": "Fetching historical data for NSE:KFINTECH-EQ (D) from 2026-09-16 to 2026-09-16", "module": "fyers", "funcName": "fetch_history", "lineNo": 372}
{"timestamp": "2026-09-16T05:10:16.187250+00:00", "level": "INFO", "logger": "trade_system.interfaces.live.data_sync_service", "message": "Backfilled 1 Daily bars for NSE:KFINTECH-EQ (from 2026-09-16)", "module": "data_sync_service", "funcName": "_backfill_symbol", "lineNo": 324}
{"timestamp": "2026-09-16T05:10:16.439349+00:00", "level": "INFO", "logger": "trade_system.domains.trading.infrastructure.brokers.legacy.fyers", "message": "Fetching historical data for NSE:NESTLEIND-EQ (D) from 2026-09-16 to 2026-09-16", "module": "fyers", "funcName": "fetch_history", "lineNo": 372}
{"timestamp": "2026-09-16T05:10:16.518091+00:00", "level": "INFO", "logger": "trade_system.interfaces.live.data_sync_service", "message": "Backfilled 1 Daily bars for NSE:NESTLEIND-EQ (from 2026-09-16)", "module": "data_sync_service", "funcName": "_backfill_symbol", "lineNo": 324}
{"timestamp": "2026-09-16T05:10:16.769577+00:00", "level": "INFO", "logger": "trade_system.domains.trading.infrastructure.brokers.legacy.fyers", "message": "Fetching historical data for NSE:EICHERMOT-EQ (D) from 2026-09-16 to 2026-09-16", "module": "fyers", "funcName": "fetch_history", "lineNo": 372}
{"timestamp": "2026-09-16T05:10:16.838879+00:00", "level": "INFO", "logger": "trade_system.interfaces.live.data_sync_service", "message": "Backfilled 1 Daily bars for NSE:EICHERMOT-EQ (from 2026-09-16)", "module": "data_sync_service", "funcName": "_backfill_symbol", "lineNo": 324}
{"timestamp": "2026-09-16T05:10:17.094893+00:00", "level": "INFO", "logger": "trade_system.domains.trading.infrastructure.brokers.legacy.fyers", "message": "Fetching historical data for NSE:LODHA-EQ (D) from 2026-09-16 to 2026-09-16", "module": "fyers", "funcName": "fetch_history", "lineNo": 372}
{"timestamp": "2026-09-16T05:10:17.163408+00:00", "level": "INFO", "logger": "trade_system.interfaces.live.data_sync_service", "message": "Backfilled 1 Daily bars for NSE:LODHA-EQ (from 2026-09-16)", "module": "data_sync_service", "funcName": "_backfill_symbol", "lineNo": 324}
{"timestamp": "2026-09-16T05:10:17.414579+00:00", "level": "INFO", "logger": "trade_system.domains.trading.infrastructure.brokers.legacy.fyers", "message": "Fetching historical data for NSE:FEDERALBNK-EQ (D) from 2026-09-16 to 2026-09-16", "module": "fyers", "funcName": "fetch_history", "lineNo": 372}
{"timestamp": "2026-09-16T05:10:17.485657+00:00", "level": "INFO", "logger": "trade_system.interfaces.live.data_sync_service", "message": "Backfilled 1 Daily bars for NSE:FEDERALBNK-EQ (from 2026-09-16)", "module": "data_sync_service", "funcName": "_backfill_symbol", "lineNo": 324}
{"timestamp": "2026-09-16T05:10:17.740338+00:00", "level": "INFO", "logger": "trade_system.domains.trading.infrastructure.brokers.legacy.fyers", "message": "Fetching historical data for NSE:OBEROIRLTY-EQ (D) from 2026-09-16 to 2026-09-16", "module": "fyers", "funcName": "fetch_history", "lineNo": 372}
{"timestamp": "2026-09-16T05:10:17.811258+00:00", "level": "INFO", "logger": "trade_system.interfaces.live.data_sync_service", "message": "Backfilled 1 Daily bars for NSE:OBEROIRLTY-EQ (from 2026-09-16)", "module": "data_sync_service", "funcName": "_backfill_symbol", "lineNo": 324}
{"timestamp": "2026-09-16T05:10:18.064724+00:00", "level": "INFO", "logger": "trade_system.domains.trading.infrastructure.brokers.legacy.fyers", "message": "Fetching historical data for NSE:LTM-EQ (D) from 2026-09-16 to 2026-09-16", "module": "fyers", "funcName": "fetch_history", "lineNo": 372}
{"timestamp": "2026-09-16T05:10:18.131175+00:00", "level": "INFO", "logger": "trade_system.interfaces.live.data_sync_service", "message": "Backfilled 1 Daily bars for NSE:LTM-EQ (from 2026-09-16)", "module": "data_sync_service", "funcName": "_backfill_symbol", "lineNo": 324}
{"timestamp": "2026-09-16T05:10:18.385314+00:00", "level": "INFO", "logger": "trade_system.domains.trading.infrastructure.brokers.legacy.fyers", "message": "Fetching historical data for NSE:LUPIN-EQ (D) from 2026-09-16 to 2026-09-16", "module": "fyers", "funcName": "fetch_history", "lineNo": 372}
{"timestamp": "2026-09-16T05:10:18.456557+00:00", "level": "INFO", "logger": "trade_system.interfaces.live.data_sync_service", "message": "Backfilled 1 Daily bars for NSE:LUPIN-EQ (from 2026-09-16)", "module": "data_sync_service", "funcName": "_backfill_symbol", "lineNo": 324}
{"timestamp": "2026-09-16T05:10:18.710480+00:00", "level": "INFO", "logger": "trade_system.domains.trading.infrastructure.brokers.legacy.fyers", "message": "Fetching historical data for NSE:PAGEIND-EQ (D) from 2026-09-16 to 2026-09-16", "module": "fyers", "funcName": "fetch_history", "lineNo": 372}
{"timestamp": "2026-09-16T05:10:18.788347+00:00", "level": "INFO", "logger": "trade_system.interfaces.live.data_sync_service", "message": "Backfilled 1 Daily bars for NSE:PAGEIND-EQ (from 2026-09-16)", "module": "data_sync_service", "funcName": "_backfill_symbol", "lineNo": 324}
{"timestamp": "2026-09-16T05:10:19.044117+00:00", "level": "INFO", "logger": "trade_system.domains.trading.infrastructure.brokers.legacy.fyers", "message": "Fetching historical data for NSE:MANAPPURAM-EQ (D) from 2026-09-16 to 2026-09-16", "module": "fyers", "funcName": "fetch_history", "lineNo": 372}
{"timestamp": "2026-09-16T05:10:19.112947+00:00", "level": "INFO", "logger": "trade_system.interfaces.live.data_sync_service", "message": "Backfilled 1 Daily bars for NSE:MANAPPURAM-EQ (from 2026-09-16)", "module": "data_sync_service", "funcName": "_backfill_symbol", "lineNo": 324}
{"timestamp": "2026-09-16T05:10:19.367868+00:00", "level": "INFO", "logger": "trade_system.domains.trading.infrastructure.brokers.legacy.fyers", "message": "Fetching historical data for NSE:PAYTM-EQ (D) from 2026-09-16 to 2026-09-16", "module": "fyers", "funcName": "fetch_history", "lineNo": 372}
{"timestamp": "2026-09-16T05:10:19.435557+00:00", "level": "INFO", "logger": "trade_system.interfaces.live.data_sync_service", "message": "Backfilled 1 Daily bars for NSE:PAYTM-EQ (from 2026-09-16)", "module": "data_sync_service", "funcName": "_backfill_symbol", "lineNo": 324}
{"timestamp": "2026-09-16T05:10:19.691259+00:00", "level": "INFO", "logger": "trade_system.domains.trading.infrastructure.brokers.legacy.fyers", "message": "Fetching historical data for NSE:PFC-EQ (D) from 2026-09-16 to 2026-09-16", "module": "fyers", "funcName": "fetch_history", "lineNo": 372}
{"timestamp": "2026-09-16T05:10:19.763716+00:00", "level": "INFO", "logger": "trade_system.interfaces.live.data_sync_service", "message": "Backfilled 1 Daily bars for NSE:PFC-EQ (from 2026-09-16)", "module": "data_sync_service", "funcName": "_backfill_symbol", "lineNo": 324}
{"timestamp": "2026-09-16T05:10:20.018252+00:00", "level": "INFO", "logger": "trade_system.domains.trading.infrastructure.brokers.legacy.fyers", "message": "Fetching historical data for NSE:PGEL-EQ (D) from 2026-09-16 to 2026-09-16", "module": "fyers", "funcName": "fetch_history", "lineNo": 372}
{"timestamp": "2026-09-16T05:10:20.089538+00:00", "level": "INFO", "logger": "trade_system.interfaces.live.data_sync_service", "message": "Backfilled 1 Daily bars for NSE:PGEL-EQ (from 2026-09-16)", "module": "data_sync_service", "funcName": "_backfill_symbol", "lineNo": 324}
{"timestamp": "2026-09-16T05:10:20.343331+00:00", "level": "INFO", "logger": "trade_system.domains.trading.infrastructure.brokers.legacy.fyers", "message": "Fetching historical data for NSE:MARUTI-EQ (D) from 2026-09-16 to 2026-09-16", "module": "fyers", "funcName": "fetch_history", "lineNo": 372}
{"timestamp": "2026-09-16T05:10:20.416175+00:00", "level": "INFO", "logger": "trade_system.interfaces.live.data_sync_service", "message": "Backfilled 1 Daily bars for NSE:MARUTI-EQ (from 2026-09-16)", "module": "data_sync_service", "funcName": "_backfill_symbol", "lineNo": 324}
{"timestamp": "2026-09-16T05:10:20.671875+00:00", "level": "INFO", "logger": "trade_system.domains.trading.infrastructure.brokers.legacy.fyers", "message": "Fetching historical data for NSE:MAXHEALTH-EQ (D) from 2026-09-16 to 2026-09-16", "module": "fyers", "funcName": "fetch_history", "lineNo": 372}
{"timestamp": "2026-09-16T05:10:20.744900+00:00", "level": "INFO", "logger": "trade_system.interfaces.live.data_sync_service", "message": "Backfilled 1 Daily bars for NSE:MAXHEALTH-EQ (from 2026-09-16)", "module": "data_sync_service", "funcName": "_backfill_symbol", "lineNo": 324}
{"timestamp": "2026-09-16T05:10:20.999760+00:00", "level": "INFO", "logger": "trade_system.domains.trading.infrastructure.brokers.legacy.fyers", "message": "Fetching historical data for NSE:PHOENIXLTD-EQ (D) from 2026-09-16 to 2026-09-16", "module": "fyers", "funcName": "fetch_history", "lineNo": 372}
{"timestamp": "2026-09-16T05:10:21.069856+00:00", "level": "INFO", "logger": "trade_system.interfaces.live.data_sync_service", "message": "Backfilled 1 Daily bars for NSE:PHOENIXLTD-EQ (from 2026-09-16)", "module": "data_sync_service", "funcName": "_backfill_symbol", "lineNo": 324}
{"timestamp": "2026-09-16T05:10:21.322766+00:00", "level": "INFO", "logger": "trade_system.domains.trading.infrastructure.brokers.legacy.fyers", "message": "Fetching historical data for NSE:PNB-EQ (D) from 2026-09-16 to 2026-09-16", "module": "fyers", "funcName": "fetch_history", "lineNo": 372}
{"timestamp": "2026-09-16T05:10:21.393176+00:00", "level": "INFO", "logger": "trade_system.interfaces.live.data_sync_service", "message": "Backfilled 1 Daily bars for NSE:PNB-EQ (from 2026-09-16)", "module": "data_sync_service", "funcName": "_backfill_symbol", "lineNo": 324}
{"timestamp": "2026-09-16T05:10:21.646222+00:00", "level": "INFO", "logger": "trade_system.domains.trading.infrastructure.brokers.legacy.fyers", "message": "Fetching historical data for NSE:MOTHERSON-EQ (D) from 2026-09-16 to 2026-09-16", "module": "fyers", "funcName": "fetch_history", "lineNo": 372}
{"timestamp": "2026-09-16T05:10:21.744681+00:00", "level": "INFO", "logger": "trade_system.interfaces.live.data_sync_service", "message": "Backfilled 1 Daily bars for NSE:MOTHERSON-EQ (from 2026-09-16)", "module": "data_sync_service", "funcName": "_backfill_symbol", "lineNo": 324}
{"timestamp": "2026-09-16T05:10:21.997057+00:00", "level": "INFO", "logger": "trade_system.domains.trading.infrastructure.brokers.legacy.fyers", "message": "Fetching historical data for NSE:POLYCAB-EQ (D) from 2026-09-16 to 2026-09-16", "module": "fyers", "funcName": "fetch_history", "lineNo": 372}
{"timestamp": "2026-09-16T05:10:22.068287+00:00", "level": "INFO", "logger": "trade_system.interfaces.live.data_sync_service", "message": "Backfilled 1 Daily bars for NSE:POLYCAB-EQ (from 2026-09-16)", "module": "data_sync_service", "funcName": "_backfill_symbol", "lineNo": 324}
{"timestamp": "2026-09-16T05:10:22.321168+00:00", "level": "INFO", "logger": "trade_system.domains.trading.infrastructure.brokers.legacy.fyers", "message": "Fetching historical data for NSE:POWERINDIA-EQ (D) from 2026-09-16 to 2026-09-16", "module": "fyers", "funcName": "fetch_history", "lineNo": 372}
{"timestamp": "2026-09-16T05:10:22.389720+00:00", "level": "INFO", "logger": "trade_system.interfaces.live.data_sync_service", "message": "Backfilled 1 Daily bars for NSE:POWERINDIA-EQ (from 2026-09-16)", "module": "data_sync_service", "funcName": "_backfill_symbol", "lineNo": 324}
{"timestamp": "2026-09-16T05:10:22.644107+00:00", "level": "INFO", "logger": "trade_system.domains.trading.infrastructure.brokers.legacy.fyers", "message": "Fetching historical data for NSE:NMDC-EQ (D) from 2026-09-16 to 2026-09-16", "module": "fyers", "funcName": "fetch_history", "lineNo": 372}
{"timestamp": "2026-09-16T05:10:22.705839+00:00", "level": "INFO", "logger": "trade_system.interfaces.live.data_sync_service", "message": "Backfilled 1 Daily bars for NSE:NMDC-EQ (from 2026-09-16)", "module": "data_sync_service", "funcName": "_backfill_symbol", "lineNo": 324}
{"timestamp": "2026-09-16T05:10:22.961560+00:00", "level": "INFO", "logger": "trade_system.domains.trading.infrastructure.brokers.legacy.fyers", "message": "Fetching historical data for NSE:OFSS-EQ (D) from 2026-09-16 to 2026-09-16", "module": "fyers", "funcName": "fetch_history", "lineNo": 372}
{"timestamp": "2026-09-16T05:10:23.027314+00:00", "level": "INFO", "logger": "trade_system.interfaces.live.data_sync_service", "message": "Backfilled 1 Daily bars for NSE:OFSS-EQ (from 2026-09-16)", "module": "data_sync_service", "funcName": "_backfill_symbol", "lineNo": 324}
{"timestamp": "2026-09-16T05:10:23.279836+00:00", "level": "INFO", "logger": "trade_system.domains.trading.infrastructure.brokers.legacy.fyers", "message": "Fetching historical data for NSE:PRESTIGE-EQ (D) from 2026-09-16 to 2026-09-16", "module": "fyers", "funcName": "fetch_history", "lineNo": 372}
{"timestamp": "2026-09-16T05:10:23.362449+00:00", "level": "INFO", "logger": "trade_system.interfaces.live.data_sync_service", "message": "Backfilled 1 Daily bars for NSE:PRESTIGE-EQ (from 2026-09-16)", "module": "data_sync_service", "funcName": "_backfill_symbol", "lineNo": 324}
{"timestamp": "2026-09-16T05:10:23.614317+00:00", "level": "INFO", "logger": "trade_system.domains.trading.infrastructure.brokers.legacy.fyers", "message": "Fetching historical data for NSE:OIL-EQ (D) from 2026-09-16 to 2026-09-16", "module": "fyers", "funcName": "fetch_history", "lineNo": 372}
{"timestamp": "2026-09-16T05:10:23.681830+00:00", "level": "INFO", "logger": "trade_system.interfaces.live.data_sync_service", "message": "Backfilled 1 Daily bars for NSE:OIL-EQ (from 2026-09-16)", "module": "data_sync_service", "funcName": "_backfill_symbol", "lineNo": 324}
{"timestamp": "2026-09-16T05:10:23.937482+00:00", "level": "INFO", "logger": "trade_system.domains.trading.infrastructure.brokers.legacy.fyers", "message": "Fetching historical data for NSE:ONGC-EQ (D) from 2026-09-16 to 2026-09-16", "module": "fyers", "funcName": "fetch_history", "lineNo": 372}
{"timestamp": "2026-09-16T05:10:24.013899+00:00", "level": "INFO", "logger": "trade_system.interfaces.live.data_sync_service", "message": "Backfilled 1 Daily bars for NSE:ONGC-EQ (from 2026-09-16)", "module": "data_sync_service", "funcName": "_backfill_symbol", "lineNo": 324}
{"timestamp": "2026-09-16T05:10:24.269254+00:00", "level": "INFO", "logger": "trade_system.domains.trading.infrastructure.brokers.legacy.fyers", "message": "Fetching historical data for NSE:PATANJALI-EQ (D) from 2026-09-16 to 2026-09-16", "module": "fyers", "funcName": "fetch_history", "lineNo": 372}
{"timestamp": "2026-09-16T05:10:24.337910+00:00", "level": "INFO", "logger": "trade_system.interfaces.live.data_sync_service", "message": "Backfilled 1 Daily bars for NSE:PATANJALI-EQ (from 2026-09-16)", "module": "data_sync_service", "funcName": "_backfill_symbol", "lineNo": 324}
{"timestamp": "2026-09-16T05:10:24.593842+00:00", "level": "INFO", "logger": "trade_system.domains.trading.infrastructure.brokers.legacy.fyers", "message": "Fetching historical data for NSE:RECLTD-EQ (D) from 2026-09-16 to 2026-09-16", "module": "fyers", "funcName": "fetch_history", "lineNo": 372}
{"timestamp": "2026-09-16T05:10:24.659450+00:00", "level": "INFO", "logger": "trade_system.interfaces.live.data_sync_service", "message": "Backfilled 1 Daily bars for NSE:RECLTD-EQ (from 2026-09-16)", "module": "data_sync_service", "funcName": "_backfill_symbol", "lineNo": 324}
{"timestamp": "2026-09-16T05:10:24.914827+00:00", "level": "INFO", "logger": "trade_system.domains.trading.infrastructure.brokers.legacy.fyers", "message": "Fetching historical data for NSE:SBILIFE-EQ (D) from 2026-09-16 to 2026-09-16", "module": "fyers", "funcName": "fetch_history", "lineNo": 372}
{"timestamp": "2026-09-16T05:10:24.983002+00:00", "level": "INFO", "logger": "trade_system.interfaces.live.data_sync_service", "message": "Backfilled 1 Daily bars for NSE:SBILIFE-EQ (from 2026-09-16)", "module": "data_sync_service", "funcName": "_backfill_symbol", "lineNo": 324}
{"timestamp": "2026-09-16T05:10:25.238537+00:00", "level": "INFO", "logger": "trade_system.domains.trading.infrastructure.brokers.legacy.fyers", "message": "Fetching historical data for NSE:GMRAIRPORT-EQ (D) from 2026-09-16 to 2026-09-16", "module": "fyers", "funcName": "fetch_history", "lineNo": 372}
{"timestamp": "2026-09-16T05:10:25.304223+00:00", "level": "INFO", "logger": "trade_system.interfaces.live.data_sync_service", "message": "Backfilled 1 Daily bars for NSE:GMRAIRPORT-EQ (from 2026-09-16)", "module": "data_sync_service", "funcName": "_backfill_symbol", "lineNo": 324}
{"timestamp": "2026-09-16T05:10:25.557858+00:00", "level": "INFO", "logger": "trade_system.domains.trading.infrastructure.brokers.legacy.fyers", "message": "Fetching historical data for NSE:SBIN-EQ (D) from 2026-09-16 to 2026-09-16", "module": "fyers", "funcName": "fetch_history", "lineNo": 372}
{"timestamp": "2026-09-16T05:10:25.622949+00:00", "level": "INFO", "logger": "trade_system.interfaces.live.data_sync_service", "message": "Backfilled 1 Daily bars for NSE:SBIN-EQ (from 2026-09-16)", "module": "data_sync_service", "funcName": "_backfill_symbol", "lineNo": 324}
{"timestamp": "2026-09-16T05:10:25.877070+00:00", "level": "INFO", "logger": "trade_system.domains.trading.infrastructure.brokers.legacy.fyers", "message": "Fetching historical data for NSE:SHREECEM-EQ (D) from 2026-09-16 to 2026-09-16", "module": "fyers", "funcName": "fetch_history", "lineNo": 372}
{"timestamp": "2026-09-16T05:10:25.945885+00:00", "level": "INFO", "logger": "trade_system.interfaces.live.data_sync_service", "message": "Backfilled 1 Daily bars for NSE:SHREECEM-EQ (from 2026-09-16)", "module": "data_sync_service", "funcName": "_backfill_symbol", "lineNo": 324}
{"timestamp": "2026-09-16T05:10:26.201765+00:00", "level": "INFO", "logger": "trade_system.domains.trading.infrastructure.brokers.legacy.fyers", "message": "Fetching historical data for NSE:TATACONSUM-EQ (D) from 2026-09-16 to 2026-09-16", "module": "fyers", "funcName": "fetch_history", "lineNo": 372}
{"timestamp": "2026-09-16T05:10:26.285887+00:00", "level": "INFO", "logger": "trade_system.interfaces.live.data_sync_service", "message": "Backfilled 1 Daily bars for NSE:TATACONSUM-EQ (from 2026-09-16)", "module": "data_sync_service", "funcName": "_backfill_symbol", "lineNo": 324}
{"timestamp": "2026-09-16T05:10:26.539670+00:00", "level": "INFO", "logger": "trade_system.domains.trading.infrastructure.brokers.legacy.fyers", "message": "Fetching historical data for NSE:PETRONET-EQ (D) from 2026-09-16 to 2026-09-16", "module": "fyers", "funcName": "fetch_history", "lineNo": 372}
{"timestamp": "2026-09-16T05:10:26.616740+00:00", "level": "INFO", "logger": "trade_system.interfaces.live.data_sync_service", "message": "Backfilled 1 Daily bars for NSE:PETRONET-EQ (from 2026-09-16)", "module": "data_sync_service", "funcName": "_backfill_symbol", "lineNo": 324}
{"timestamp": "2026-09-16T05:10:26.872513+00:00", "level": "INFO", "logger": "trade_system.domains.trading.infrastructure.brokers.legacy.fyers", "message": "Fetching historical data for NSE:TATAELXSI-EQ (D) from 2026-09-16 to 2026-09-16", "module": "fyers", "funcName": "fetch_history", "lineNo": 372}
{"timestamp": "2026-09-16T05:10:26.938809+00:00", "level": "INFO", "logger": "trade_system.interfaces.live.data_sync_service", "message": "Backfilled 1 Daily bars for NSE:TATAELXSI-EQ (from 2026-09-16)", "module": "data_sync_service", "funcName": "_backfill_symbol", "lineNo": 324}
{"timestamp": "2026-09-16T05:10:27.190349+00:00", "level": "INFO", "logger": "trade_system.domains.trading.infrastructure.brokers.legacy.fyers", "message": "Fetching historical data for NSE:TATASTEEL-EQ (D) from 2026-09-16 to 2026-09-16", "module": "fyers", "funcName": "fetch_history", "lineNo": 372}
{"timestamp": "2026-09-16T05:10:27.256513+00:00", "level": "INFO", "logger": "trade_system.interfaces.live.data_sync_service", "message": "Backfilled 1 Daily bars for NSE:TATASTEEL-EQ (from 2026-09-16)", "module": "data_sync_service", "funcName": "_backfill_symbol", "lineNo": 324}
{"timestamp": "2026-09-16T05:10:27.508848+00:00", "level": "INFO", "logger": "trade_system.domains.trading.infrastructure.brokers.legacy.fyers", "message": "Fetching historical data for NSE:TMPV-EQ (D) from 2026-09-16 to 2026-09-16", "module": "fyers", "funcName": "fetch_history", "lineNo": 372}
{"timestamp": "2026-09-16T05:10:27.576109+00:00", "level": "INFO", "logger": "trade_system.interfaces.live.data_sync_service", "message": "Backfilled 1 Daily bars for NSE:TMPV-EQ (from 2026-09-16)", "module": "data_sync_service", "funcName": "_backfill_symbol", "lineNo": 324}
{"timestamp": "2026-09-16T05:10:27.831383+00:00", "level": "INFO", "logger": "trade_system.domains.trading.infrastructure.brokers.legacy.fyers", "message": "Fetching historical data for NSE:UPL-EQ (D) from 2026-09-16 to 2026-09-16", "module": "fyers", "funcName": "fetch_history", "lineNo": 372}
{"timestamp": "2026-09-16T05:10:27.899569+00:00", "level": "INFO", "logger": "trade_system.interfaces.live.data_sync_service", "message": "Backfilled 1 Daily bars for NSE:UPL-EQ (from 2026-09-16)", "module": "data_sync_service", "funcName": "_backfill_symbol", "lineNo": 324}
{"timestamp": "2026-09-16T05:10:28.150697+00:00", "level": "INFO", "logger": "trade_system.domains.trading.infrastructure.brokers.legacy.fyers", "message": "Fetching historical data for NSE:PIDILITIND-EQ (D) from 2026-09-16 to 2026-09-16", "module": "fyers", "funcName": "fetch_history", "lineNo": 372}
{"timestamp": "2026-09-16T05:10:28.222562+00:00", "level": "INFO", "logger": "trade_system.interfaces.live.data_sync_service", "message": "Backfilled 1 Daily bars for NSE:PIDILITIND-EQ (from 2026-09-16)", "module": "data_sync_service", "funcName": "_backfill_symbol", "lineNo": 324}
{"timestamp": "2026-09-16T05:10:28.477682+00:00", "level": "INFO", "logger": "trade_system.domains.trading.infrastructure.brokers.legacy.fyers", "message": "Fetching historical data for NSE:WAAREEENER-EQ (D) from 2026-09-16 to 2026-09-16", "module": "fyers", "funcName": "fetch_history", "lineNo": 372}
{"timestamp": "2026-09-16T05:10:28.547313+00:00", "level": "INFO", "logger": "trade_system.interfaces.live.data_sync_service", "message": "Backfilled 1 Daily bars for NSE:WAAREEENER-EQ (from 2026-09-16)", "module": "data_sync_service", "funcName": "_backfill_symbol", "lineNo": 324}
{"timestamp": "2026-09-16T05:10:28.803448+00:00", "level": "INFO", "logger": "trade_system.domains.trading.infrastructure.brokers.legacy.fyers", "message": "Fetching historical data for NSE:PIIND-EQ (D) from 2026-09-16 to 2026-09-16", "module": "fyers", "funcName": "fetch_history", "lineNo": 372}
{"timestamp": "2026-09-16T05:10:28.866959+00:00", "level": "INFO", "logger": "trade_system.interfaces.live.data_sync_service", "message": "Backfilled 1 Daily bars for NSE:PIIND-EQ (from 2026-09-16)", "module": "data_sync_service", "funcName": "_backfill_symbol", "lineNo": 324}
{"timestamp": "2026-09-16T05:10:29.122621+00:00", "level": "INFO", "logger": "trade_system.domains.trading.infrastructure.brokers.legacy.fyers", "message": "Fetching historical data for NSE:BAJAJFINSV-EQ (D) from 2026-09-16 to 2026-09-16", "module": "fyers", "funcName": "fetch_history", "lineNo": 372}
{"timestamp": "2026-09-16T05:10:29.187404+00:00", "level": "INFO", "logger": "trade_system.interfaces.live.data_sync_service", "message": "Backfilled 1 Daily bars for NSE:BAJAJFINSV-EQ (from 2026-09-16)", "module": "data_sync_service", "funcName": "_backfill_symbol", "lineNo": 324}
{"timestamp": "2026-09-16T05:10:29.440448+00:00", "level": "INFO", "logger": "trade_system.domains.trading.infrastructure.brokers.legacy.fyers", "message": "Fetching historical data for NSE:POLICYBZR-EQ (D) from 2026-09-16 to 2026-09-16", "module": "fyers", "funcName": "fetch_history", "lineNo": 372}
{"timestamp": "2026-09-16T05:10:29.547141+00:00", "level": "INFO", "logger": "trade_system.interfaces.live.data_sync_service", "message": "Backfilled 1 Daily bars for NSE:POLICYBZR-EQ (from 2026-09-16)", "module": "data_sync_service", "funcName": "_backfill_symbol", "lineNo": 324}
{"timestamp": "2026-09-16T05:10:29.801286+00:00", "level": "INFO", "logger": "trade_system.domains.trading.infrastructure.brokers.legacy.fyers", "message": "Fetching historical data for NSE:PREMIERENE-EQ (D) from 2026-09-16 to 2026-09-16", "module": "fyers", "funcName": "fetch_history", "lineNo": 372}
{"timestamp": "2026-09-16T05:10:29.867569+00:00", "level": "INFO", "logger": "trade_system.interfaces.live.data_sync_service", "message": "Backfilled 1 Daily bars for NSE:PREMIERENE-EQ (from 2026-09-16)", "module": "data_sync_service", "funcName": "_backfill_symbol", "lineNo": 324}
{"timestamp": "2026-09-16T05:10:30.123237+00:00", "level": "INFO", "logger": "trade_system.domains.trading.infrastructure.brokers.legacy.fyers", "message": "Fetching historical data for NSE:RADICO-EQ (D) from 2026-09-16 to 2026-09-16", "module": "fyers", "funcName": "fetch_history", "lineNo": 372}
{"timestamp": "2026-09-16T05:10:30.190158+00:00", "level": "INFO", "logger": "trade_system.interfaces.live.data_sync_service", "message": "Backfilled 1 Daily bars for NSE:RADICO-EQ (from 2026-09-16)", "module": "data_sync_service", "funcName": "_backfill_symbol", "lineNo": 324}
{"timestamp": "2026-09-16T05:10:30.445850+00:00", "level": "INFO", "logger": "trade_system.domains.trading.infrastructure.brokers.legacy.fyers", "message": "Fetching historical data for NSE:RBLBANK-EQ (D) from 2026-09-16 to 2026-09-16", "module": "fyers", "funcName": "fetch_history", "lineNo": 372}
{"timestamp": "2026-09-16T05:10:30.511310+00:00", "level": "INFO", "logger": "trade_system.interfaces.live.data_sync_service", "message": "Backfilled 1 Daily bars for NSE:RBLBANK-EQ (from 2026-09-16)", "module": "data_sync_service", "funcName": "_backfill_symbol", "lineNo": 324}
{"timestamp": "2026-09-16T05:10:30.767037+00:00", "level": "INFO", "logger": "trade_system.domains.trading.infrastructure.brokers.legacy.fyers", "message": "Fetching historical data for NSE:SAIL-EQ (D) from 2026-09-16 to 2026-09-16", "module": "fyers", "funcName": "fetch_history", "lineNo": 372}
{"timestamp": "2026-09-16T05:10:30.840064+00:00", "level": "INFO", "logger": "trade_system.interfaces.live.data_sync_service", "message": "Backfilled 1 Daily bars for NSE:SAIL-EQ (from 2026-09-16)", "module": "data_sync_service", "funcName": "_backfill_symbol", "lineNo": 324}
{"timestamp": "2026-09-16T05:10:31.095713+00:00", "level": "INFO", "logger": "trade_system.domains.trading.infrastructure.brokers.legacy.fyers", "message": "Fetching historical data for NSE:SOLARINDS-EQ (D) from 2026-09-16 to 2026-09-16", "module": "fyers", "funcName": "fetch_history", "lineNo": 372}
{"timestamp": "2026-09-16T05:10:31.186095+00:00", "level": "ERROR", "logger": "trade_system.domains.trading.infrastructure.brokers.legacy.fyers", "message": "Failed to fetch FYERS history: request limit reached", "module": "fyers", "funcName": "fetch_history", "lineNo": 387}
{"timestamp": "2026-09-16T05:10:31.210351+00:00", "level": "INFO", "logger": "trade_system.domains.trading.infrastructure.brokers.legacy.fyers", "message": "Fetching historical data for NSE:SUNPHARMA-EQ (D) from 2026-09-16 to 2026-09-16", "module": "fyers", "funcName": "fetch_history", "lineNo": 372}
{"timestamp": "2026-09-16T05:10:31.284742+00:00", "level": "ERROR", "logger": "trade_system.domains.trading.infrastructure.brokers.legacy.fyers", "message": "Failed to fetch FYERS history: request limit reached", "module": "fyers", "funcName": "fetch_history", "lineNo": 387}
{"timestamp": "2026-09-16T05:10:31.321166+00:00", "level": "INFO", "logger": "trade_system.domains.trading.infrastructure.brokers.legacy.fyers", "message": "Fetching historical data for NSE:SUPREMEIND-EQ (D) from 2026-09-16 to 2026-09-16", "module": "fyers", "funcName": "fetch_history", "lineNo": 372}
{"timestamp": "2026-09-16T05:10:31.381173+00:00", "level": "ERROR", "logger": "trade_system.domains.trading.infrastructure.brokers.legacy.fyers", "message": "Failed to fetch FYERS history: request limit reached", "module": "fyers", "funcName": "fetch_history", "lineNo": 387}
{"timestamp": "2026-09-16T05:10:31.432624+00:00", "level": "INFO", "logger": "trade_system.domains.trading.infrastructure.brokers.legacy.fyers", "message": "Fetching historical data for NSE:SUZLON-EQ (D) from 2026-09-16 to 2026-09-16", "module": "fyers", "funcName": "fetch_history", "lineNo": 372}
{"timestamp": "2026-09-16T05:10:31.496971+00:00", "level": "ERROR", "logger": "trade_system.domains.trading.infrastructure.brokers.legacy.fyers", "message": "Failed to fetch FYERS history: request limit reached", "module": "fyers", "funcName": "fetch_history", "lineNo": 387}
{"timestamp": "2026-09-16T05:10:31.546994+00:00", "level": "INFO", "logger": "trade_system.domains.trading.infrastructure.brokers.legacy.fyers", "message": "Fetching historical data for NSE:SWIGGY-EQ (D) from 2026-09-16 to 2026-09-16", "module": "fyers", "funcName": "fetch_history", "lineNo": 372}
{"timestamp": "2026-09-16T05:10:31.614468+00:00", "level": "ERROR", "logger": "trade_system.domains.trading.infrastructure.brokers.legacy.fyers", "message": "Failed to fetch FYERS history: request limit reached", "module": "fyers", "funcName": "fetch_history", "lineNo": 387}
{"timestamp": "2026-09-16T05:10:31.660038+00:00", "level": "INFO", "logger": "trade_system.domains.trading.infrastructure.brokers.legacy.fyers", "message": "Fetching historical data for NSE:TATAPOWER-EQ (D) from 2026-09-16 to 2026-09-16", "module": "fyers", "funcName": "fetch_history", "lineNo": 372}
{"timestamp": "2026-09-16T05:10:31.726131+00:00", "level": "ERROR", "logger": "trade_system.domains.trading.infrastructure.brokers.legacy.fyers", "message": "Failed to fetch FYERS history: request limit reached", "module": "fyers", "funcName": "fetch_history", "lineNo": 387}
{"timestamp": "2026-09-16T05:10:31.774105+00:00", "level": "INFO", "logger": "trade_system.domains.trading.infrastructure.brokers.legacy.fyers", "message": "Fetching historical data for NSE:TCS-EQ (D) from 2026-09-16 to 2026-09-16", "module": "fyers", "funcName": "fetch_history", "lineNo": 372}
{"timestamp": "2026-09-16T05:10:31.838148+00:00", "level": "ERROR", "logger": "trade_system.domains.trading.infrastructure.brokers.legacy.fyers", "message": "Failed to fetch FYERS history: request limit reached", "module": "fyers", "funcName": "fetch_history", "lineNo": 387}
{"timestamp": "2026-09-16T05:10:31.887276+00:00", "level": "INFO", "logger": "trade_system.domains.trading.infrastructure.brokers.legacy.fyers", "message": "Fetching historical data for NSE:TIINDIA-EQ (D) from 2026-09-16 to 2026-09-16", "module": "fyers", "funcName": "fetch_history", "lineNo": 372}
{"timestamp": "2026-09-16T05:10:31.945173+00:00", "level": "ERROR", "logger": "trade_system.domains.trading.infrastructure.brokers.legacy.fyers", "message": "Failed to fetch FYERS history: request limit reached", "module": "fyers", "funcName": "fetch_history", "lineNo": 387}
{"timestamp": "2026-09-16T05:10:32.000488+00:00", "level": "INFO", "logger": "trade_system.domains.trading.infrastructure.brokers.legacy.fyers", "message": "Fetching historical data for NSE:TITAN-EQ (D) from 2026-09-16 to 2026-09-16", "module": "fyers", "funcName": "fetch_history", "lineNo": 372}
{"timestamp": "2026-09-16T05:10:32.066062+00:00", "level": "ERROR", "logger": "trade_system.domains.trading.infrastructure.brokers.legacy.fyers", "message": "Failed to fetch FYERS history: request limit reached", "module": "fyers", "funcName": "fetch_history", "lineNo": 387}
{"timestamp": "2026-09-16T05:10:32.111803+00:00", "level": "INFO", "logger": "trade_system.domains.trading.infrastructure.brokers.legacy.fyers", "message": "Fetching historical data for NSE:TVSMOTOR-EQ (D) from 2026-09-16 to 2026-09-16", "module": "fyers", "funcName": "fetch_history", "lineNo": 372}
{"timestamp": "2026-09-16T05:10:32.172974+00:00", "level": "ERROR", "logger": "trade_system.domains.trading.infrastructure.brokers.legacy.fyers", "message": "Failed to fetch FYERS history: request limit reached", "module": "fyers", "funcName": "fetch_history", "lineNo": 387}
{"timestamp": "2026-09-16T05:10:32.222116+00:00", "level": "INFO", "logger": "trade_system.domains.trading.infrastructure.brokers.legacy.fyers", "message": "Fetching historical data for NSE:UNIONBANK-EQ (D) from 2026-09-16 to 2026-09-16", "module": "fyers", "funcName": "fetch_history", "lineNo": 372}
{"timestamp": "2026-09-16T05:10:32.281799+00:00", "level": "ERROR", "logger": "trade_system.domains.trading.infrastructure.brokers.legacy.fyers", "message": "Failed to fetch FYERS history: request limit reached", "module": "fyers", "funcName": "fetch_history", "lineNo": 387}
{"timestamp": "2026-09-16T05:10:32.336085+00:00", "level": "INFO", "logger": "trade_system.domains.trading.infrastructure.brokers.legacy.fyers", "message": "Fetching historical data for NSE:VBL-EQ (D) from 2026-09-16 to 2026-09-16", "module": "fyers", "funcName": "fetch_history", "lineNo": 372}
{"timestamp": "2026-09-16T05:10:32.405386+00:00", "level": "ERROR", "logger": "trade_system.domains.trading.infrastructure.brokers.legacy.fyers", "message": "Failed to fetch FYERS history: request limit reached", "module": "fyers", "funcName": "fetch_history", "lineNo": 387}
{"timestamp": "2026-09-16T05:10:32.451126+00:00", "level": "INFO", "logger": "trade_system.domains.trading.infrastructure.brokers.legacy.fyers", "message": "Fetching historical data for NSE:VEDL-EQ (D) from 2026-09-16 to 2026-09-16", "module": "fyers", "funcName": "fetch_history", "lineNo": 372}
{"timestamp": "2026-09-16T05:10:32.515584+00:00", "level": "ERROR", "logger": "trade_system.domains.trading.infrastructure.brokers.legacy.fyers", "message": "Failed to fetch FYERS history: request limit reached", "module": "fyers", "funcName": "fetch_history", "lineNo": 387}
{"timestamp": "2026-09-16T05:10:32.561223+00:00", "level": "INFO", "logger": "trade_system.domains.trading.infrastructure.brokers.legacy.fyers", "message": "Fetching historical data for NSE:ZYDUSLIFE-EQ (D) from 2026-09-16 to 2026-09-16", "module": "fyers", "funcName": "fetch_history", "lineNo": 372}
{"timestamp": "2026-09-16T05:10:32.629581+00:00", "level": "ERROR", "logger": "trade_system.domains.trading.infrastructure.brokers.legacy.fyers", "message": "Failed to fetch FYERS history: request limit reached", "module": "fyers", "funcName": "fetch_history", "lineNo": 387}
{"timestamp": "2026-09-16T05:10:32.674070+00:00", "level": "INFO", "logger": "trade_system.domains.trading.infrastructure.brokers.legacy.fyers", "message": "Fetching historical data for NSE:HEROMOTOCO-EQ (D) from 2026-09-16 to 2026-09-16", "module": "fyers", "funcName": "fetch_history", "lineNo": 372}
{"timestamp": "2026-09-16T05:10:32.760067+00:00", "level": "ERROR", "logger": "trade_system.domains.trading.infrastructure.brokers.legacy.fyers", "message": "Failed to fetch FYERS history: request limit reached", "module": "fyers", "funcName": "fetch_history", "lineNo": 387}
{"timestamp": "2026-09-16T05:10:32.786680+00:00", "level": "INFO", "logger": "trade_system.domains.trading.infrastructure.brokers.legacy.fyers", "message": "Fetching historical data for NSE:HYUNDAI-EQ (D) from 2026-09-16 to 2026-09-16", "module": "fyers", "funcName": "fetch_history", "lineNo": 372}
{"timestamp": "2026-09-16T05:10:32.853646+00:00", "level": "ERROR", "logger": "trade_system.domains.trading.infrastructure.brokers.legacy.fyers", "message": "Failed to fetch FYERS history: request limit reached", "module": "fyers", "funcName": "fetch_history", "lineNo": 387}
{"timestamp": "2026-09-16T05:10:32.901689+00:00", "level": "INFO", "logger": "trade_system.domains.trading.infrastructure.brokers.legacy.fyers", "message": "Fetching historical data for NSE:ICICIBANK-EQ (D) from 2026-09-16 to 2026-09-16", "module": "fyers", "funcName": "fetch_history", "lineNo": 372}
{"timestamp": "2026-09-16T05:10:32.966717+00:00", "level": "ERROR", "logger": "trade_system.domains.trading.infrastructure.brokers.legacy.fyers", "message": "Failed to fetch FYERS history: request limit reached", "module": "fyers", "funcName": "fetch_history", "lineNo": 387}
{"timestamp": "2026-09-16T05:10:33.016691+00:00", "level": "INFO", "logger": "trade_system.domains.trading.infrastructure.brokers.legacy.fyers", "message": "Fetching historical data for NSE:INDIGO-EQ (D) from 2026-09-16 to 2026-09-16", "module": "fyers", "funcName": "fetch_history", "lineNo": 372}
{"timestamp": "2026-09-16T05:10:33.090610+00:00", "level": "ERROR", "logger": "trade_system.domains.trading.infrastructure.brokers.legacy.fyers", "message": "Failed to fetch FYERS history: request limit reached", "module": "fyers", "funcName": "fetch_history", "lineNo": 387}
{"timestamp": "2026-09-16T05:10:33.126848+00:00", "level": "INFO", "logger": "trade_system.domains.trading.infrastructure.brokers.legacy.fyers", "message": "Fetching historical data for NSE:BSE-EQ (D) from 2026-09-16 to 2026-09-16", "module": "fyers", "funcName": "fetch_history", "lineNo": 372}
{"timestamp": "2026-09-16T05:10:33.189614+00:00", "level": "ERROR", "logger": "trade_system.domains.trading.infrastructure.brokers.legacy.fyers", "message": "Failed to fetch FYERS history: request limit reached", "module": "fyers", "funcName": "fetch_history", "lineNo": 387}
{"timestamp": "2026-09-16T05:10:33.238355+00:00", "level": "INFO", "logger": "trade_system.domains.trading.infrastructure.brokers.legacy.fyers", "message": "Fetching historical data for NSE:LICHSGFIN-EQ (D) from 2026-09-16 to 2026-09-16", "module": "fyers", "funcName": "fetch_history", "lineNo": 372}
{"timestamp": "2026-09-16T05:10:33.297087+00:00", "level": "ERROR", "logger": "trade_system.domains.trading.infrastructure.brokers.legacy.fyers", "message": "Failed to fetch FYERS history: request limit reached", "module": "fyers", "funcName": "fetch_history", "lineNo": 387}
{"timestamp": "2026-09-16T05:10:33.348748+00:00", "level": "INFO", "logger": "trade_system.domains.trading.infrastructure.brokers.legacy.fyers", "message": "Fetching historical data for NSE:LTF-EQ (D) from 2026-09-16 to 2026-09-16", "module": "fyers", "funcName": "fetch_history", "lineNo": 372}
{"timestamp": "2026-09-16T05:10:33.413220+00:00", "level": "ERROR", "logger": "trade_system.domains.trading.infrastructure.brokers.legacy.fyers", "message": "Failed to fetch FYERS history: request limit reached", "module": "fyers", "funcName": "fetch_history", "lineNo": 387}
{"timestamp": "2026-09-16T05:10:33.459907+00:00", "level": "INFO", "logger": "trade_system.domains.trading.infrastructure.brokers.legacy.fyers", "message": "Fetching historical data for NSE:HDFCAMC-EQ (D) from 2026-09-16 to 2026-09-16", "module": "fyers", "funcName": "fetch_history", "lineNo": 372}
{"timestamp": "2026-09-16T05:10:33.530922+00:00", "level": "ERROR", "logger": "trade_system.domains.trading.infrastructure.brokers.legacy.fyers", "message": "Failed to fetch FYERS history: request limit reached", "module": "fyers", "funcName": "fetch_history", "lineNo": 387}
{"timestamp": "2026-09-16T05:10:33.574919+00:00", "level": "INFO", "logger": "trade_system.domains.trading.infrastructure.brokers.legacy.fyers", "message": "Fetching historical data for NSE:MOTILALOFS-EQ (D) from 2026-09-16 to 2026-09-16", "module": "fyers", "funcName": "fetch_history", "lineNo": 372}
{"timestamp": "2026-09-16T05:10:33.640772+00:00", "level": "ERROR", "logger": "trade_system.domains.trading.infrastructure.brokers.legacy.fyers", "message": "Failed to fetch FYERS history: request limit reached", "module": "fyers", "funcName": "fetch_history", "lineNo": 387}
{"timestamp": "2026-09-16T05:10:33.688245+00:00", "level": "INFO", "logger": "trade_system.domains.trading.infrastructure.brokers.legacy.fyers", "message": "Fetching historical data for NSE:MPHASIS-EQ (D) from 2026-09-16 to 2026-09-16", "module": "fyers", "funcName": "fetch_history", "lineNo": 372}
{"timestamp": "2026-09-16T05:10:33.760474+00:00", "level": "ERROR", "logger": "trade_system.domains.trading.infrastructure.brokers.legacy.fyers", "message": "Failed to fetch FYERS history: request limit reached", "module": "fyers", "funcName": "fetch_history", "lineNo": 387}
{"timestamp": "2026-09-16T05:10:33.799094+00:00", "level": "INFO", "logger": "trade_system.domains.trading.infrastructure.brokers.legacy.fyers", "message": "Fetching historical data for NSE:NATIONALUM-EQ (D) from 2026-09-16 to 2026-09-16", "module": "fyers", "funcName": "fetch_history", "lineNo": 372}
{"timestamp": "2026-09-16T05:10:33.876488+00:00", "level": "ERROR", "logger": "trade_system.domains.trading.infrastructure.brokers.legacy.fyers", "message": "Failed to fetch FYERS history: request limit reached", "module": "fyers", "funcName": "fetch_history", "lineNo": 387}
{"timestamp": "2026-09-16T05:10:33.913889+00:00", "level": "INFO", "logger": "trade_system.domains.trading.infrastructure.brokers.legacy.fyers", "message": "Fetching historical data for NSE:NBCC-EQ (D) from 2026-09-16 to 2026-09-16", "module": "fyers", "funcName": "fetch_history", "lineNo": 372}
{"timestamp": "2026-09-16T05:10:33.976213+00:00", "level": "ERROR", "logger": "trade_system.domains.trading.infrastructure.brokers.legacy.fyers", "message": "Failed to fetch FYERS history: request limit reached", "module": "fyers", "funcName": "fetch_history", "lineNo": 387}
{"timestamp": "2026-09-16T05:10:34.027576+00:00", "level": "INFO", "logger": "trade_system.domains.trading.infrastructure.brokers.legacy.fyers", "message": "Fetching historical data for NSE:NYKAA-EQ (D) from 2026-09-16 to 2026-09-16", "module": "fyers", "funcName": "fetch_history", "lineNo": 372}
{"timestamp": "2026-09-16T05:10:34.092807+00:00", "level": "ERROR", "logger": "trade_system.domains.trading.infrastructure.brokers.legacy.fyers", "message": "Failed to fetch FYERS history: request limit reached", "module": "fyers", "funcName": "fetch_history", "lineNo": 387}
{"timestamp": "2026-09-16T05:10:34.139009+00:00", "level": "INFO", "logger": "trade_system.domains.trading.infrastructure.brokers.legacy.fyers", "message": "Fetching historical data for NSE:ICICIPRULI-EQ (D) from 2026-09-16 to 2026-09-16", "module": "fyers", "funcName": "fetch_history", "lineNo": 372}
{"timestamp": "2026-09-16T05:10:34.211259+00:00", "level": "ERROR", "logger": "trade_system.domains.trading.infrastructure.brokers.legacy.fyers", "message": "Failed to fetch FYERS history: request limit reached", "module": "fyers", "funcName": "fetch_history", "lineNo": 387}
{"timestamp": "2026-09-16T05:10:34.251731+00:00", "level": "INFO", "logger": "trade_system.domains.trading.infrastructure.brokers.legacy.fyers", "message": "Fetching historical data for NSE:PERSISTENT-EQ (D) from 2026-09-16 to 2026-09-16", "module": "fyers", "funcName": "fetch_history", "lineNo": 372}
{"timestamp": "2026-09-16T05:10:34.320053+00:00", "level": "ERROR", "logger": "trade_system.domains.trading.infrastructure.brokers.legacy.fyers", "message": "Failed to fetch FYERS history: request limit reached", "module": "fyers", "funcName": "fetch_history", "lineNo": 387}
{"timestamp": "2026-09-16T05:10:34.362003+00:00", "level": "INFO", "logger": "trade_system.domains.trading.infrastructure.brokers.legacy.fyers", "message": "Fetching historical data for NSE:PNBHOUSING-EQ (D) from 2026-09-16 to 2026-09-16", "module": "fyers", "funcName": "fetch_history", "lineNo": 372}
{"timestamp": "2026-09-16T05:10:34.424027+00:00", "level": "ERROR", "logger": "trade_system.domains.trading.infrastructure.brokers.legacy.fyers", "message": "Failed to fetch FYERS history: request limit reached", "module": "fyers", "funcName": "fetch_history", "lineNo": 387}
{"timestamp": "2026-09-16T05:10:34.476392+00:00", "level": "INFO", "logger": "trade_system.domains.trading.infrastructure.brokers.legacy.fyers", "message": "Fetching historical data for NSE:POWERGRID-EQ (D) from 2026-09-16 to 2026-09-16", "module": "fyers", "funcName": "fetch_history", "lineNo": 372}
{"timestamp": "2026-09-16T05:10:34.541053+00:00", "level": "ERROR", "logger": "trade_system.domains.trading.infrastructure.brokers.legacy.fyers", "message": "Failed to fetch FYERS history: request limit reached", "module": "fyers", "funcName": "fetch_history", "lineNo": 387}
{"timestamp": "2026-09-16T05:10:34.591436+00:00", "level": "INFO", "logger": "trade_system.domains.trading.infrastructure.brokers.legacy.fyers", "message": "Fetching historical data for NSE:LAURUSLABS-EQ (D) from 2026-09-16 to 2026-09-16", "module": "fyers", "funcName": "fetch_history", "lineNo": 372}
{"timestamp": "2026-09-16T05:10:34.660302+00:00", "level": "ERROR", "logger": "trade_system.domains.trading.infrastructure.brokers.legacy.fyers", "message": "Failed to fetch FYERS history: request limit reached", "module": "fyers", "funcName": "fetch_history", "lineNo": 387}
{"timestamp": "2026-09-16T05:10:34.701485+00:00", "level": "INFO", "logger": "trade_system.domains.trading.infrastructure.brokers.legacy.fyers", "message": "Fetching historical data for NSE:RELIANCE-EQ (D) from 2026-09-16 to 2026-09-16", "module": "fyers", "funcName": "fetch_history", "lineNo": 372}
{"timestamp": "2026-09-16T05:10:34.765422+00:00", "level": "ERROR", "logger": "trade_system.domains.trading.infrastructure.brokers.legacy.fyers", "message": "Failed to fetch FYERS history: request limit reached", "module": "fyers", "funcName": "fetch_history", "lineNo": 387}
{"timestamp": "2026-09-16T05:10:34.816499+00:00", "level": "INFO", "logger": "trade_system.domains.trading.infrastructure.brokers.legacy.fyers", "message": "Fetching historical data for NSE:MAZDOCK-EQ (D) from 2026-09-16 to 2026-09-16", "module": "fyers", "funcName": "fetch_history", "lineNo": 372}
{"timestamp": "2026-09-16T05:10:34.880016+00:00", "level": "ERROR", "logger": "trade_system.domains.trading.infrastructure.brokers.legacy.fyers", "message": "Failed to fetch FYERS history: request limit reached", "module": "fyers", "funcName": "fetch_history", "lineNo": 387}
{"timestamp": "2026-09-16T05:10:34.931463+00:00", "level": "INFO", "logger": "trade_system.domains.trading.infrastructure.brokers.legacy.fyers", "message": "Fetching historical data for NSE:SONACOMS-EQ (D) from 2026-09-16 to 2026-09-16", "module": "fyers", "funcName": "fetch_history", "lineNo": 372}
{"timestamp": "2026-09-16T05:10:34.978611+00:00", "level": "ERROR", "logger": "trade_system.domains.trading.infrastructure.brokers.legacy.fyers", "message": "Failed to fetch FYERS history: Bad request", "module": "fyers", "funcName": "fetch_history", "lineNo": 387}
{"timestamp": "2026-09-16T05:10:35.046463+00:00", "level": "INFO", "logger": "trade_system.domains.trading.infrastructure.brokers.legacy.fyers", "message": "Fetching historical data for NSE:NAUKRI-EQ (D) from 2026-09-16 to 2026-09-16", "module": "fyers", "funcName": "fetch_history", "lineNo": 372}
{"timestamp": "2026-09-16T05:10:35.086778+00:00", "level": "ERROR", "logger": "trade_system.domains.trading.infrastructure.brokers.legacy.fyers", "message": "Failed to fetch FYERS history: Bad request", "module": "fyers", "funcName": "fetch_history", "lineNo": 387}
{"timestamp": "2026-09-16T05:10:35.157605+00:00", "level": "INFO", "logger": "trade_system.domains.trading.infrastructure.brokers.legacy.fyers", "message": "Fetching historical data for NSE:SRF-EQ (D) from 2026-09-16 to 2026-09-16", "module": "fyers", "funcName": "fetch_history", "lineNo": 372}
{"timestamp": "2026-09-16T05:10:35.198461+00:00", "level": "ERROR", "logger": "trade_system.domains.trading.infrastructure.brokers.legacy.fyers", "message": "Failed to fetch FYERS history: Bad request", "module": "fyers", "funcName": "fetch_history", "lineNo": 387}
{"timestamp": "2026-09-16T05:10:35.268113+00:00", "level": "INFO", "logger": "trade_system.domains.trading.infrastructure.brokers.legacy.fyers", "message": "Fetching historical data for NSE:TECHM-EQ (D) from 2026-09-16 to 2026-09-16", "module": "fyers", "funcName": "fetch_history", "lineNo": 372}
{"timestamp": "2026-09-16T05:10:35.311035+00:00", "level": "ERROR", "logger": "trade_system.domains.trading.infrastructure.brokers.legacy.fyers", "message": "Failed to fetch FYERS history: Bad request", "module": "fyers", "funcName": "fetch_history", "lineNo": 387}
{"timestamp": "2026-09-16T05:10:35.380271+00:00", "level": "INFO", "logger": "trade_system.domains.trading.infrastructure.brokers.legacy.fyers", "message": "Fetching historical data for NSE:ULTRACEMCO-EQ (D) from 2026-09-16 to 2026-09-16", "module": "fyers", "funcName": "fetch_history", "lineNo": 372}
{"timestamp": "2026-09-16T05:10:35.420600+00:00", "level": "ERROR", "logger": "trade_system.domains.trading.infrastructure.brokers.legacy.fyers", "message": "Failed to fetch FYERS history: Bad request", "module": "fyers", "funcName": "fetch_history", "lineNo": 387}
{"timestamp": "2026-09-16T05:10:35.493104+00:00", "level": "INFO", "logger": "trade_system.domains.trading.infrastructure.brokers.legacy.fyers", "message": "Fetching historical data for NSE:UNOMINDA-EQ (D) from 2026-09-16 to 2026-09-16", "module": "fyers", "funcName": "fetch_history", "lineNo": 372}
{"timestamp": "2026-09-16T05:10:35.534341+00:00", "level": "ERROR", "logger": "trade_system.domains.trading.infrastructure.brokers.legacy.fyers", "message": "Failed to fetch FYERS history: Bad request", "module": "fyers", "funcName": "fetch_history", "lineNo": 387}
{"timestamp": "2026-09-16T05:10:35.608116+00:00", "level": "INFO", "logger": "trade_system.domains.trading.infrastructure.brokers.legacy.fyers", "message": "Fetching historical data for NSE:VMM-EQ (D) from 2026-09-16 to 2026-09-16", "module": "fyers", "funcName": "fetch_history", "lineNo": 372}
{"timestamp": "2026-09-16T05:10:35.649978+00:00", "level": "ERROR", "logger": "trade_system.domains.trading.infrastructure.brokers.legacy.fyers", "message": "Failed to fetch FYERS history: Bad request", "module": "fyers", "funcName": "fetch_history", "lineNo": 387}
{"timestamp": "2026-09-16T05:10:35.723132+00:00", "level": "INFO", "logger": "trade_system.domains.trading.infrastructure.brokers.legacy.fyers", "message": "Fetching historical data for NSE:WIPRO-EQ (D) from 2026-09-16 to 2026-09-16", "module": "fyers", "funcName": "fetch_history", "lineNo": 372}
{"timestamp": "2026-09-16T05:10:35.766294+00:00", "level": "ERROR", "logger": "trade_system.domains.trading.infrastructure.brokers.legacy.fyers", "message": "Failed to fetch FYERS history: Bad request", "module": "fyers", "funcName": "fetch_history", "lineNo": 387}
{"timestamp": "2026-09-16T05:10:35.834775+00:00", "level": "INFO", "logger": "trade_system.domains.trading.infrastructure.brokers.legacy.fyers", "message": "Fetching historical data for NSE:ASTRAL-EQ (D) from 2026-09-16 to 2026-09-16", "module": "fyers", "funcName": "fetch_history", "lineNo": 372}
{"timestamp": "2026-09-16T05:10:35.876910+00:00", "level": "ERROR", "logger": "trade_system.domains.trading.infrastructure.brokers.legacy.fyers", "message": "Failed to fetch FYERS history: Bad request", "module": "fyers", "funcName": "fetch_history", "lineNo": 387}
{"timestamp": "2026-09-16T05:10:35.947460+00:00", "level": "INFO", "logger": "trade_system.domains.trading.infrastructure.brokers.legacy.fyers", "message": "Fetching historical data for NSE:BAJFINANCE-EQ (D) from 2026-09-16 to 2026-09-16", "module": "fyers", "funcName": "fetch_history", "lineNo": 372}
{"timestamp": "2026-09-16T05:10:35.992020+00:00", "level": "ERROR", "logger": "trade_system.domains.trading.infrastructure.brokers.legacy.fyers", "message": "Failed to fetch FYERS history: Bad request", "module": "fyers", "funcName": "fetch_history", "lineNo": 387}
{"timestamp": "2026-09-16T05:10:36.061405+00:00", "level": "INFO", "logger": "trade_system.domains.trading.infrastructure.brokers.legacy.fyers", "message": "Fetching historical data for NSE:UNITDSPR-EQ (D) from 2026-09-16 to 2026-09-16", "module": "fyers", "funcName": "fetch_history", "lineNo": 372}
{"timestamp": "2026-09-16T05:10:36.099585+00:00", "level": "ERROR", "logger": "trade_system.domains.trading.infrastructure.brokers.legacy.fyers", "message": "Failed to fetch FYERS history: Bad request", "module": "fyers", "funcName": "fetch_history", "lineNo": 387}
{"timestamp": "2026-09-16T05:10:36.176433+00:00", "level": "INFO", "logger": "trade_system.domains.trading.infrastructure.brokers.legacy.fyers", "message": "Fetching historical data for NSE:ASHOKLEY-EQ (D) from 2026-09-16 to 2026-09-16", "module": "fyers", "funcName": "fetch_history", "lineNo": 372}
{"timestamp": "2026-09-16T05:10:36.217621+00:00", "level": "ERROR", "logger": "trade_system.domains.trading.infrastructure.brokers.legacy.fyers", "message": "Failed to fetch FYERS history: Bad request", "module": "fyers", "funcName": "fetch_history", "lineNo": 387}
{"timestamp": "2026-09-16T05:10:36.288594+00:00", "level": "INFO", "logger": "trade_system.domains.trading.infrastructure.brokers.legacy.fyers", "message": "Fetching historical data for NSE:MUTHOOTFIN-EQ (D) from 2026-09-16 to 2026-09-16", "module": "fyers", "funcName": "fetch_history", "lineNo": 372}
{"timestamp": "2026-09-16T05:10:36.330738+00:00", "level": "ERROR", "logger": "trade_system.domains.trading.infrastructure.brokers.legacy.fyers", "message": "Failed to fetch FYERS history: Bad request", "module": "fyers", "funcName": "fetch_history", "lineNo": 387}
{"timestamp": "2026-09-16T05:10:36.403603+00:00", "level": "INFO", "logger": "trade_system.domains.trading.infrastructure.brokers.legacy.fyers", "message": "Fetching historical data for NSE:CUMMINSIND-EQ (D) from 2026-09-16 to 2026-09-16", "module": "fyers", "funcName": "fetch_history", "lineNo": 372}
{"timestamp": "2026-09-16T05:10:36.442349+00:00", "level": "ERROR", "logger": "trade_system.domains.trading.infrastructure.brokers.legacy.fyers", "message": "Failed to fetch FYERS history: Bad request", "module": "fyers", "funcName": "fetch_history", "lineNo": 387}
{"timestamp": "2026-09-16T05:10:36.514494+00:00", "level": "INFO", "logger": "trade_system.domains.trading.infrastructure.brokers.legacy.fyers", "message": "Fetching historical data for NSE:GAIL-EQ (D) from 2026-09-16 to 2026-09-16", "module": "fyers", "funcName": "fetch_history", "lineNo": 372}
{"timestamp": "2026-09-16T05:10:36.551942+00:00", "level": "ERROR", "logger": "trade_system.domains.trading.infrastructure.brokers.legacy.fyers", "message": "Failed to fetch FYERS history: Bad request", "module": "fyers", "funcName": "fetch_history", "lineNo": 387}
{"timestamp": "2026-09-16T05:10:36.628148+00:00", "level": "INFO", "logger": "trade_system.domains.trading.infrastructure.brokers.legacy.fyers", "message": "Fetching historical data for NSE:SIEMENS-EQ (D) from 2026-09-16 to 2026-09-16", "module": "fyers", "funcName": "fetch_history", "lineNo": 372}
{"timestamp": "2026-09-16T05:10:36.668595+00:00", "level": "ERROR", "logger": "trade_system.domains.trading.infrastructure.brokers.legacy.fyers", "message": "Failed to fetch FYERS history: Bad request", "module": "fyers", "funcName": "fetch_history", "lineNo": 387}
{"timestamp": "2026-09-16T05:10:36.742760+00:00", "level": "INFO", "logger": "trade_system.domains.trading.infrastructure.brokers.legacy.fyers", "message": "Fetching historical data for NSE:MFSL-EQ (D) from 2026-09-16 to 2026-09-16", "module": "fyers", "funcName": "fetch_history", "lineNo": 372}
{"timestamp": "2026-09-16T05:10:36.782363+00:00", "level": "ERROR", "logger": "trade_system.domains.trading.infrastructure.brokers.legacy.fyers", "message": "Failed to fetch FYERS history: Bad request", "module": "fyers", "funcName": "fetch_history", "lineNo": 387}
{"timestamp": "2026-09-16T05:10:36.856554+00:00", "level": "INFO", "logger": "trade_system.domains.trading.infrastructure.brokers.legacy.fyers", "message": "Fetching historical data for NSE:NHPC-EQ (D) from 2026-09-16 to 2026-09-16", "module": "fyers", "funcName": "fetch_history", "lineNo": 372}
{"timestamp": "2026-09-16T05:10:36.896713+00:00", "level": "ERROR", "logger": "trade_system.domains.trading.infrastructure.brokers.legacy.fyers", "message": "Failed to fetch FYERS history: Bad request", "module": "fyers", "funcName": "fetch_history", "lineNo": 387}
{"timestamp": "2026-09-16T05:10:36.971584+00:00", "level": "INFO", "logger": "trade_system.domains.trading.infrastructure.brokers.legacy.fyers", "message": "Fetching historical data for NSE:NTPC-EQ (D) from 2026-09-16 to 2026-09-16", "module": "fyers", "funcName": "fetch_history", "lineNo": 372}
{"timestamp": "2026-09-16T05:10:37.011603+00:00", "level": "ERROR", "logger": "trade_system.domains.trading.infrastructure.brokers.legacy.fyers", "message": "Failed to fetch FYERS history: Bad request", "module": "fyers", "funcName": "fetch_history", "lineNo": 387}
{"timestamp": "2026-09-16T05:10:37.084832+00:00", "level": "INFO", "logger": "trade_system.domains.trading.infrastructure.brokers.legacy.fyers", "message": "Fetching historical data for NSE:TORNTPHARM-EQ (D) from 2026-09-16 to 2026-09-16", "module": "fyers", "funcName": "fetch_history", "lineNo": 372}
{"timestamp": "2026-09-16T05:10:37.127072+00:00", "level": "ERROR", "logger": "trade_system.domains.trading.infrastructure.brokers.legacy.fyers", "message": "Failed to fetch FYERS history: Bad request", "module": "fyers", "funcName": "fetch_history", "lineNo": 387}
{"timestamp": "2026-09-16T05:10:37.195180+00:00", "level": "INFO", "logger": "trade_system.domains.trading.infrastructure.brokers.legacy.fyers", "message": "Fetching historical data for NSE:RVNL-EQ (D) from 2026-09-16 to 2026-09-16", "module": "fyers", "funcName": "fetch_history", "lineNo": 372}
{"timestamp": "2026-09-16T05:10:37.235567+00:00", "level": "ERROR", "logger": "trade_system.domains.trading.infrastructure.brokers.legacy.fyers", "message": "Failed to fetch FYERS history: Bad request", "module": "fyers", "funcName": "fetch_history", "lineNo": 387}
{"timestamp": "2026-09-16T05:10:37.310193+00:00", "level": "INFO", "logger": "trade_system.domains.trading.infrastructure.brokers.legacy.fyers", "message": "Fetching historical data for NSE:KOTAKBANK-EQ (D) from 2026-09-16 to 2026-09-16", "module": "fyers", "funcName": "fetch_history", "lineNo": 372}
{"timestamp": "2026-09-16T05:10:37.357240+00:00", "level": "ERROR", "logger": "trade_system.domains.trading.infrastructure.brokers.legacy.fyers", "message": "Failed to fetch FYERS history: Bad request", "module": "fyers", "funcName": "fetch_history", "lineNo": 387}
{"timestamp": "2026-09-16T05:10:37.423909+00:00", "level": "INFO", "logger": "trade_system.domains.trading.infrastructure.brokers.legacy.fyers", "message": "Fetching historical data for NSE:LICI-EQ (D) from 2026-09-16 to 2026-09-16", "module": "fyers", "funcName": "fetch_history", "lineNo": 372}
{"timestamp": "2026-09-16T05:10:37.464764+00:00", "level": "ERROR", "logger": "trade_system.domains.trading.infrastructure.brokers.legacy.fyers", "message": "Failed to fetch FYERS history: Bad request", "module": "fyers", "funcName": "fetch_history", "lineNo": 387}
{"timestamp": "2026-09-16T05:10:37.538594+00:00", "level": "INFO", "logger": "trade_system.domains.trading.infrastructure.brokers.legacy.fyers", "message": "Fetching historical data for NSE:AUBANK-EQ (D) from 2026-09-16 to 2026-09-16", "module": "fyers", "funcName": "fetch_history", "lineNo": 372}
{"timestamp": "2026-09-16T05:10:37.579937+00:00", "level": "ERROR", "logger": "trade_system.domains.trading.infrastructure.brokers.legacy.fyers", "message": "Failed to fetch FYERS history: Bad request", "module": "fyers", "funcName": "fetch_history", "lineNo": 387}
{"timestamp": "2026-09-16T05:10:37.651299+00:00", "level": "INFO", "logger": "trade_system.domains.trading.infrastructure.brokers.legacy.fyers", "message": "Fetching historical data for NSE:HAL-EQ (D) from 2026-09-16 to 2026-09-16", "module": "fyers", "funcName": "fetch_history", "lineNo": 372}
{"timestamp": "2026-09-16T05:10:37.692013+00:00", "level": "ERROR", "logger": "trade_system.domains.trading.infrastructure.brokers.legacy.fyers", "message": "Failed to fetch FYERS history: Bad request", "module": "fyers", "funcName": "fetch_history", "lineNo": 387}
{"timestamp": "2026-09-16T05:10:37.766339+00:00", "level": "INFO", "logger": "trade_system.domains.trading.infrastructure.brokers.legacy.fyers", "message": "Fetching historical data for NSE:IDEA-EQ (D) from 2026-09-16 to 2026-09-16", "module": "fyers", "funcName": "fetch_history", "lineNo": 372}
{"timestamp": "2026-09-16T05:10:37.806736+00:00", "level": "ERROR", "logger": "trade_system.domains.trading.infrastructure.brokers.legacy.fyers", "message": "Failed to fetch FYERS history: Bad request", "module": "fyers", "funcName": "fetch_history", "lineNo": 387}
{"timestamp": "2026-09-16T05:10:37.881374+00:00", "level": "INFO", "logger": "trade_system.domains.trading.infrastructure.brokers.legacy.fyers", "message": "Fetching historical data for NSE:INDUSTOWER-EQ (D) from 2026-09-16 to 2026-09-16", "module": "fyers", "funcName": "fetch_history", "lineNo": 372}
{"timestamp": "2026-09-16T05:10:37.922233+00:00", "level": "ERROR", "logger": "trade_system.domains.trading.infrastructure.brokers.legacy.fyers", "message": "Failed to fetch FYERS history: Bad request", "module": "fyers", "funcName": "fetch_history", "lineNo": 387}
{"timestamp": "2026-09-16T05:10:37.994618+00:00", "level": "INFO", "logger": "trade_system.domains.trading.infrastructure.brokers.legacy.fyers", "message": "Fetching historical data for NSE:IOC-EQ (D) from 2026-09-16 to 2026-09-16", "module": "fyers", "funcName": "fetch_history", "lineNo": 372}
{"timestamp": "2026-09-16T05:10:38.034893+00:00", "level": "ERROR", "logger": "trade_system.domains.trading.infrastructure.brokers.legacy.fyers", "message": "Failed to fetch FYERS history: Bad request", "module": "fyers", "funcName": "fetch_history", "lineNo": 387}
{"timestamp": "2026-09-16T05:10:38.105859+00:00", "level": "INFO", "logger": "trade_system.domains.trading.infrastructure.brokers.legacy.fyers", "message": "Fetching historical data for NSE:IREDA-EQ (D) from 2026-09-16 to 2026-09-16", "module": "fyers", "funcName": "fetch_history", "lineNo": 372}
{"timestamp": "2026-09-16T05:10:38.143464+00:00", "level": "ERROR", "logger": "trade_system.domains.trading.infrastructure.brokers.legacy.fyers", "message": "Failed to fetch FYERS history: Bad request", "module": "fyers", "funcName": "fetch_history", "lineNo": 387}
{"timestamp": "2026-09-16T05:10:38.219990+00:00", "level": "INFO", "logger": "trade_system.domains.trading.infrastructure.brokers.legacy.fyers", "message": "Fetching historical data for NSE:TRENT-EQ (D) from 2026-09-16 to 2026-09-16", "module": "fyers", "funcName": "fetch_history", "lineNo": 372}
{"timestamp": "2026-09-16T05:10:38.260201+00:00", "level": "ERROR", "logger": "trade_system.domains.trading.infrastructure.brokers.legacy.fyers", "message": "Failed to fetch FYERS history: Bad request", "module": "fyers", "funcName": "fetch_history", "lineNo": 387}
{"timestamp": "2026-09-16T05:10:38.330864+00:00", "level": "INFO", "logger": "trade_system.domains.trading.infrastructure.brokers.legacy.fyers", "message": "Fetching historical data for NSE:SBICARD-EQ (D) from 2026-09-16 to 2026-09-16", "module": "fyers", "funcName": "fetch_history", "lineNo": 372}
{"timestamp": "2026-09-16T05:10:38.372613+00:00", "level": "ERROR", "logger": "trade_system.domains.trading.infrastructure.brokers.legacy.fyers", "message": "Failed to fetch FYERS history: Bad request", "module": "fyers", "funcName": "fetch_history", "lineNo": 387}
{"timestamp": "2026-09-16T05:10:38.444676+00:00", "level": "INFO", "logger": "trade_system.domains.trading.infrastructure.brokers.legacy.fyers", "message": "Fetching historical data for NSE:SHRIRAMFIN-EQ (D) from 2026-09-16 to 2026-09-16", "module": "fyers", "funcName": "fetch_history", "lineNo": 372}
{"timestamp": "2026-09-16T05:10:38.488013+00:00", "level": "ERROR", "logger": "trade_system.domains.trading.infrastructure.brokers.legacy.fyers", "message": "Failed to fetch FYERS history: Bad request", "module": "fyers", "funcName": "fetch_history", "lineNo": 387}
{"timestamp": "2026-09-16T05:10:38.556347+00:00", "level": "INFO", "logger": "trade_system.domains.trading.infrastructure.brokers.legacy.fyers", "message": "Fetching historical data for NSE:CANBK-EQ (D) from 2026-09-16 to 2026-09-16", "module": "fyers", "funcName": "fetch_history", "lineNo": 372}
{"timestamp": "2026-09-16T05:10:38.598598+00:00", "level": "ERROR", "logger": "trade_system.domains.trading.infrastructure.brokers.legacy.fyers", "message": "Failed to fetch FYERS history: Bad request", "module": "fyers", "funcName": "fetch_history", "lineNo": 387}
{"timestamp": "2026-09-16T05:10:38.670195+00:00", "level": "INFO", "logger": "trade_system.domains.trading.infrastructure.brokers.legacy.fyers", "message": "Fetching historical data for NSE:YESBANK-EQ (D) from 2026-09-16 to 2026-09-16", "module": "fyers", "funcName": "fetch_history", "lineNo": 372}
{"timestamp": "2026-09-16T05:10:38.709227+00:00", "level": "ERROR", "logger": "trade_system.domains.trading.infrastructure.brokers.legacy.fyers", "message": "Failed to fetch FYERS history: Bad request", "module": "fyers", "funcName": "fetch_history", "lineNo": 387}
{"timestamp": "2026-09-16T05:10:38.780873+00:00", "level": "INFO", "logger": "trade_system.domains.trading.infrastructure.brokers.legacy.fyers", "message": "Fetching historical data for NSE:VOLTAS-EQ (D) from 2026-09-16 to 2026-09-16", "module": "fyers", "funcName": "fetch_history", "lineNo": 372}
{"timestamp": "2026-09-16T05:10:38.820268+00:00", "level": "ERROR", "logger": "trade_system.domains.trading.infrastructure.brokers.legacy.fyers", "message": "Failed to fetch FYERS history: Bad request", "module": "fyers", "funcName": "fetch_history", "lineNo": 387}
{"timestamp": "2026-09-16T05:10:38.891247+00:00", "level": "INFO", "logger": "trade_system.domains.trading.infrastructure.brokers.legacy.fyers", "message": "Fetching historical data for NSE:HINDPETRO-EQ (D) from 2026-09-16 to 2026-09-16", "module": "fyers", "funcName": "fetch_history", "lineNo": 372}
{"timestamp": "2026-09-16T05:10:38.931026+00:00", "level": "ERROR", "logger": "trade_system.domains.trading.infrastructure.brokers.legacy.fyers", "message": "Failed to fetch FYERS history: Bad request", "module": "fyers", "funcName": "fetch_history", "lineNo": 387}
{"timestamp": "2026-09-16T05:10:39.005516+00:00", "level": "INFO", "logger": "trade_system.domains.trading.infrastructure.brokers.legacy.fyers", "message": "Fetching historical data for NSE:ATHERENERG-EQ (D) from 2026-09-16 to 2026-09-16", "module": "fyers", "funcName": "fetch_history", "lineNo": 372}
{"timestamp": "2026-09-16T05:10:39.044724+00:00", "level": "ERROR", "logger": "trade_system.domains.trading.infrastructure.brokers.legacy.fyers", "message": "Failed to fetch FYERS history: Bad request", "module": "fyers", "funcName": "fetch_history", "lineNo": 387}
{"timestamp": "2026-09-16T05:10:39.120554+00:00", "level": "INFO", "logger": "trade_system.domains.trading.infrastructure.brokers.legacy.fyers", "message": "Fetching historical data for NSE:MAHABANK-EQ (D) from 2026-09-16 to 2026-09-16", "module": "fyers", "funcName": "fetch_history", "lineNo": 372}
{"timestamp": "2026-09-16T05:10:39.159206+00:00", "level": "ERROR", "logger": "trade_system.domains.trading.infrastructure.brokers.legacy.fyers", "message": "Failed to fetch FYERS history: Bad request", "module": "fyers", "funcName": "fetch_history", "lineNo": 387}
{"timestamp": "2026-09-16T05:10:39.234742+00:00", "level": "INFO", "logger": "trade_system.domains.trading.infrastructure.brokers.legacy.fyers", "message": "Fetching historical data for NSE:SAGILITY-EQ (D) from 2026-09-16 to 2026-09-16", "module": "fyers", "funcName": "fetch_history", "lineNo": 372}
{"timestamp": "2026-09-16T05:10:39.272105+00:00", "level": "ERROR", "logger": "trade_system.domains.trading.infrastructure.brokers.legacy.fyers", "message": "Failed to fetch FYERS history: Bad request", "module": "fyers", "funcName": "fetch_history", "lineNo": 387}
{"timestamp": "2026-09-16T05:10:39.272556+00:00", "level": "INFO", "logger": "trade_system.interfaces.live.data_sync_service", "message": "Finished Daily sync: 141 rows written across 141/215 symbols", "module": "data_sync_service", "funcName": "backfill_symbols", "lineNo": 235}
{"timestamp": "2026-09-16T05:10:39.548362+00:00", "level": "INFO", "logger": "trade_system.domains.market_data.application.data_sanity_manager", "message": "Database Sanity Report [\u26a0\ufe0f GAPS DETECTED (75 unresolved)] @ 2026-09-16 10:38\n  Symbols Checked: 215\n  Symbols with Gaps: {'15': ['NSE:NIFTYFPI-EQ'], 'D': ['NSE:NIFTYFPI-EQ', 'NSE:SOLARINDS-EQ', 'NSE:SUNPHARMA-EQ', 'NSE:SUPREMEIND-EQ', 'NSE:SUZLON-EQ', 'NSE:SWIGGY-EQ', 'NSE:TATAPOWER-EQ', 'NSE:TCS-EQ', 'NSE:TIINDIA-EQ', 'NSE:TITAN-EQ', 'NSE:TVSMOTOR-EQ', 'NSE:UNIONBANK-EQ', 'NSE:VBL-EQ', 'NSE:VEDL-EQ', 'NSE:ZYDUSLIFE-EQ', 'NSE:HEROMOTOCO-EQ', 'NSE:HYUNDAI-EQ', 'NSE:ICICIBANK-EQ', 'NSE:INDIGO-EQ', 'NSE:BSE-EQ', 'NSE:LICHSGFIN-EQ', 'NSE:LTF-EQ', 'NSE:HDFCAMC-EQ', 'NSE:MOTILALOFS-EQ', 'NSE:MPHASIS-EQ', 'NSE:NATIONALUM-EQ', 'NSE:NBCC-EQ', 'NSE:NYKAA-EQ', 'NSE:ICICIPRULI-EQ', 'NSE:PERSISTENT-EQ', 'NSE:PNBHOUSING-EQ', 'NSE:POWERGRID-EQ', 'NSE:LAURUSLABS-EQ', 'NSE:RELIANCE-EQ', 'NSE:MAZDOCK-EQ', 'NSE:SONACOMS-EQ', 'NSE:NAUKRI-EQ', 'NSE:SRF-EQ', 'NSE:TECHM-EQ', 'NSE:ULTRACEMCO-EQ', 'NSE:UNOMINDA-EQ', 'NSE:VMM-EQ', 'NSE:WIPRO-EQ', 'NSE:ASTRAL-EQ', 'NSE:BAJFINANCE-EQ', 'NSE:UNITDSPR-EQ', 'NSE:ASHOKLEY-EQ', 'NSE:MUTHOOTFIN-EQ', 'NSE:CUMMINSIND-EQ', 'NSE:GAIL-EQ', 'NSE:SIEMENS-EQ', 'NSE:MFSL-EQ', 'NSE:NHPC-EQ', 'NSE:NTPC-EQ', 'NSE:TORNTPHARM-EQ', 'NSE:RVNL-EQ', 'NSE:KOTAKBANK-EQ', 'NSE:LICI-EQ', 'NSE:AUBANK-EQ', 'NSE:HAL-EQ', 'NSE:IDEA-EQ', 'NSE:INDUSTOWER-EQ', 'NSE:IOC-EQ', 'NSE:IREDA-EQ', 'NSE:TRENT-EQ', 'NSE:SBICARD-EQ', 'NSE:SHRIRAMFIN-EQ', 'NSE:CANBK-EQ', 'NSE:YESBANK-EQ', 'NSE:VOLTAS-EQ', 'NSE:HINDPETRO-EQ', 'NSE:ATHERENERG-EQ', 'NSE:MAHABANK-EQ', 'NSE:SAGILITY-EQ']}\n  Corrupt Records Fixed: 0\n  Auto-Healed & Synced Rows: {'15': 3191, 'D': 141}", "module": "data_sanity_manager", "funcName": "ensure_data_sanity_and_heal", "lineNo": 183}
{"timestamp": "2026-09-16T05:10:39.548604+00:00", "level": "INFO", "logger": "trade_system.interfaces.live.runtime", "message": "Pre-flight Data Sanity result: Database Sanity Report [\u26a0\ufe0f GAPS DETECTED (75 unresolved)] @ 2026-09-16 10:38\n  Symbols Checked: 215\n  Symbols with Gaps: {'15': ['NSE:NIFTYFPI-EQ'], 'D': ['NSE:NIFTYFPI-EQ', 'NSE:SOLARINDS-EQ', 'NSE:SUNPHARMA-EQ', 'NSE:SUPREMEIND-EQ', 'NSE:SUZLON-EQ', 'NSE:SWIGGY-EQ', 'NSE:TATAPOWER-EQ', 'NSE:TCS-EQ', 'NSE:TIINDIA-EQ', 'NSE:TITAN-EQ', 'NSE:TVSMOTOR-EQ', 'NSE:UNIONBANK-EQ', 'NSE:VBL-EQ', 'NSE:VEDL-EQ', 'NSE:ZYDUSLIFE-EQ', 'NSE:HEROMOTOCO-EQ', 'NSE:HYUNDAI-EQ', 'NSE:ICICIBANK-EQ', 'NSE:INDIGO-EQ', 'NSE:BSE-EQ', 'NSE:LICHSGFIN-EQ', 'NSE:LTF-EQ', 'NSE:HDFCAMC-EQ', 'NSE:MOTILALOFS-EQ', 'NSE:MPHASIS-EQ', 'NSE:NATIONALUM-EQ', 'NSE:NBCC-EQ', 'NSE:NYKAA-EQ', 'NSE:ICICIPRULI-EQ', 'NSE:PERSISTENT-EQ', 'NSE:PNBHOUSING-EQ', 'NSE:POWERGRID-EQ', 'NSE:LAURUSLABS-EQ', 'NSE:RELIANCE-EQ', 'NSE:MAZDOCK-EQ', 'NSE:SONACOMS-EQ', 'NSE:NAUKRI-EQ', 'NSE:SRF-EQ', 'NSE:TECHM-EQ', 'NSE:ULTRACEMCO-EQ', 'NSE:UNOMINDA-EQ', 'NSE:VMM-EQ', 'NSE:WIPRO-EQ', 'NSE:ASTRAL-EQ', 'NSE:BAJFINANCE-EQ', 'NSE:UNITDSPR-EQ', 'NSE:ASHOKLEY-EQ', 'NSE:MUTHOOTFIN-EQ', 'NSE:CUMMINSIND-EQ', 'NSE:GAIL-EQ', 'NSE:SIEMENS-EQ', 'NSE:MFSL-EQ', 'NSE:NHPC-EQ', 'NSE:NTPC-EQ', 'NSE:TORNTPHARM-EQ', 'NSE:RVNL-EQ', 'NSE:KOTAKBANK-EQ', 'NSE:LICI-EQ', 'NSE:AUBANK-EQ', 'NSE:HAL-EQ', 'NSE:IDEA-EQ', 'NSE:INDUSTOWER-EQ', 'NSE:IOC-EQ', 'NSE:IREDA-EQ', 'NSE:TRENT-EQ', 'NSE:SBICARD-EQ', 'NSE:SHRIRAMFIN-EQ', 'NSE:CANBK-EQ', 'NSE:YESBANK-EQ', 'NSE:VOLTAS-EQ', 'NSE:HINDPETRO-EQ', 'NSE:ATHERENERG-EQ', 'NSE:MAHABANK-EQ', 'NSE:SAGILITY-EQ']}\n  Corrupt Records Fixed: 0\n  Auto-Healed & Synced Rows: {'15': 3191, 'D': 141}", "module": "runtime", "funcName": "run_live_trading_bot", "lineNo": 78}
{"timestamp": "2026-09-16T05:10:39.548698+00:00", "level": "INFO", "logger": "trade_system.interfaces.live.runtime", "message": "Starting live trading bot for ['NSE:NIFTY50-INDEX', 'NSE:NIFTYBANK-INDEX', 'BSE:SENSEX-INDEX'] | trend timeframe=3 min | market window=09:15-15:30", "module": "runtime", "funcName": "run_live_trading_bot", "lineNo": 83}
{"timestamp": "2026-09-16T05:10:39.548763+00:00", "level": "INFO", "logger": "trade_system.interfaces.live.collector", "message": "Starting intraday live bot monitor.", "module": "collector", "funcName": "run_forever", "lineNo": 368}
{"timestamp": "2026-09-16T05:10:39.591278+00:00", "level": "INFO", "logger": "trade_system.interfaces.live.collector", "message": "Market not yet open (Current status: Bad request). Retrying in next loop...", "module": "collector", "funcName": "_initialize_trading_day", "lineNo": 573}
{"timestamp": "2026-09-16T05:15:39.971540+00:00", "level": "INFO", "logger": "trade_system.interfaces.live.collector", "message": "Running DataSanityManager to preserve data sanity and auto-heal missing historical data for FO & Indices...", "module": "collector", "funcName": "_initialize_trading_day", "lineNo": 581}
{"timestamp": "2026-09-16T05:15:39.972743+00:00", "level": "INFO", "logger": "trade_system.domains.market_data.application.data_sanity_manager", "message": "\ud83d\udee1\ufe0f DataSanityManager: Verifying data sanity for 215 symbols across ['15', 'D']...", "module": "data_sanity_manager", "funcName": "ensure_data_sanity_and_heal", "lineNo": 150}
{"timestamp": "2026-09-16T05:15:40.158293+00:00", "level": "INFO", "logger": "trade_system.domains.market_data.application.data_sanity_manager", "message": "\u26a0\ufe0f Detected missing data in 75 symbol-resolution pairs. Initiating automatic heal...", "module": "data_sanity_manager", "funcName": "ensure_data_sanity_and_heal", "lineNo": 169}
{"timestamp": "2026-09-16T05:15:40.158473+00:00", "level": "INFO", "logger": "trade_system.domains.market_data.application.data_sanity_manager", "message": "\ud83e\ude79 Auto-healing 1 symbols for 15 resolution...", "module": "data_sanity_manager", "funcName": "ensure_data_sanity_and_heal", "lineNo": 172}
{"timestamp": "2026-09-16T05:15:40.158526+00:00", "level": "INFO", "logger": "trade_system.interfaces.live.data_sync_service", "message": "DataSyncService: Starting backfill for 1 symbols across resolutions ['15']", "module": "data_sync_service", "funcName": "backfill_symbols", "lineNo": 214}
{"timestamp": "2026-09-16T05:15:40.158567+00:00", "level": "INFO", "logger": "trade_system.interfaces.live.data_sync_service", "message": "--- Syncing 15-minute data for 1 symbols ---", "module": "data_sync_service", "funcName": "backfill_symbols", "lineNo": 224}
{"timestamp": "2026-09-16T05:15:40.158866+00:00", "level": "INFO", "logger": "trade_system.domains.trading.infrastructure.brokers.legacy.fyers", "message": "Fetching historical data for NSE:NIFTYFPI-EQ (15) from 2026-07-20 to 2026-09-16", "module": "fyers", "funcName": "fetch_history", "lineNo": 372}
{"timestamp": "2026-09-16T05:15:40.226894+00:00", "level": "ERROR", "logger": "trade_system.domains.trading.infrastructure.brokers.legacy.fyers", "message": "Failed to fetch FYERS history: Invalid symbol provided", "module": "fyers", "funcName": "fetch_history", "lineNo": 387}
{"timestamp": "2026-09-16T05:15:40.227796+00:00", "level": "INFO", "logger": "trade_system.interfaces.live.data_sync_service", "message": "Finished 15-minute sync: 0 rows written across 0/1 symbols", "module": "data_sync_service", "funcName": "backfill_symbols", "lineNo": 235}
{"timestamp": "2026-09-16T05:15:40.227856+00:00", "level": "INFO", "logger": "trade_system.domains.market_data.application.data_sanity_manager", "message": "\ud83e\ude79 Auto-healing 74 symbols for D resolution...", "module": "data_sanity_manager", "funcName": "ensure_data_sanity_and_heal", "lineNo": 172}
{"timestamp": "2026-09-16T05:15:40.227901+00:00", "level": "INFO", "logger": "trade_system.interfaces.live.data_sync_service", "message": "DataSyncService: Starting backfill for 74 symbols across resolutions ['D']", "module": "data_sync_service", "funcName": "backfill_symbols", "lineNo": 214}
{"timestamp": "2026-09-16T05:15:40.227940+00:00", "level": "INFO", "logger": "trade_system.interfaces.live.data_sync_service", "message": "--- Syncing Daily data for 74 symbols ---", "module": "data_sync_service", "funcName": "backfill_symbols", "lineNo": 224}
{"timestamp": "2026-09-16T05:15:40.273890+00:00", "level": "INFO", "logger": "trade_system.domains.trading.infrastructure.brokers.legacy.fyers", "message": "Fetching historical data for NSE:NIFTYFPI-EQ (D) from 2026-07-20 to 2026-09-16", "module": "fyers", "funcName": "fetch_history", "lineNo": 372}
{"timestamp": "2026-09-16T05:15:40.386476+00:00", "level": "ERROR", "logger": "trade_system.domains.trading.infrastructure.brokers.legacy.fyers", "message": "Failed to fetch FYERS history: Invalid symbol provided", "module": "fyers", "funcName": "fetch_history", "lineNo": 387}
{"timestamp": "2026-09-16T05:15:40.387323+00:00", "level": "INFO", "logger": "trade_system.domains.trading.infrastructure.brokers.legacy.fyers", "message": "Fetching historical data for NSE:SOLARINDS-EQ (D) from 2026-09-16 to 2026-09-16", "module": "fyers", "funcName": "fetch_history", "lineNo": 372}
{"timestamp": "2026-09-16T05:15:40.464162+00:00", "level": "INFO", "logger": "trade_system.interfaces.live.data_sync_service", "message": "Backfilled 1 Daily bars for NSE:SOLARINDS-EQ (from 2026-09-16)", "module": "data_sync_service", "funcName": "_backfill_symbol", "lineNo": 324}
{"timestamp": "2026-09-16T05:15:40.719808+00:00", "level": "INFO", "logger": "trade_system.domains.trading.infrastructure.brokers.legacy.fyers", "message": "Fetching historical data for NSE:SUNPHARMA-EQ (D) from 2026-09-16 to 2026-09-16", "module": "fyers", "funcName": "fetch_history", "lineNo": 372}
{"timestamp": "2026-09-16T05:15:40.970025+00:00", "level": "INFO", "logger": "trade_system.interfaces.live.data_sync_service", "message": "Backfilled 1 Daily bars for NSE:SUNPHARMA-EQ (from 2026-09-16)", "module": "data_sync_service", "funcName": "_backfill_symbol", "lineNo": 324}
{"timestamp": "2026-09-16T05:15:41.225225+00:00", "level": "INFO", "logger": "trade_system.domains.trading.infrastructure.brokers.legacy.fyers", "message": "Fetching historical data for NSE:SUPREMEIND-EQ (D) from 2026-09-16 to 2026-09-16", "module": "fyers", "funcName": "fetch_history", "lineNo": 372}
{"timestamp": "2026-09-16T05:15:41.313329+00:00", "level": "INFO", "logger": "trade_system.interfaces.live.data_sync_service", "message": "Backfilled 1 Daily bars for NSE:SUPREMEIND-EQ (from 2026-09-16)", "module": "data_sync_service", "funcName": "_backfill_symbol", "lineNo": 324}
{"timestamp": "2026-09-16T05:15:41.569071+00:00", "level": "INFO", "logger": "trade_system.domains.trading.infrastructure.brokers.legacy.fyers", "message": "Fetching historical data for NSE:SUZLON-EQ (D) from 2026-09-16 to 2026-09-16", "module": "fyers", "funcName": "fetch_history", "lineNo": 372}
{"timestamp": "2026-09-16T05:15:41.634360+00:00", "level": "INFO", "logger": "trade_system.interfaces.live.data_sync_service", "message": "Backfilled 1 Daily bars for NSE:SUZLON-EQ (from 2026-09-16)", "module": "data_sync_service", "funcName": "_backfill_symbol", "lineNo": 324}
{"timestamp": "2026-09-16T05:15:41.888906+00:00", "level": "INFO", "logger": "trade_system.domains.trading.infrastructure.brokers.legacy.fyers", "message": "Fetching historical data for NSE:SWIGGY-EQ (D) from 2026-09-16 to 2026-09-16", "module": "fyers", "funcName": "fetch_history", "lineNo": 372}
{"timestamp": "2026-09-16T05:15:41.954319+00:00", "level": "INFO", "logger": "trade_system.interfaces.live.data_sync_service", "message": "Backfilled 1 Daily bars for NSE:SWIGGY-EQ (from 2026-09-16)", "module": "data_sync_service", "funcName": "_backfill_symbol", "lineNo": 324}
{"timestamp": "2026-09-16T05:15:42.210013+00:00", "level": "INFO", "logger": "trade_system.domains.trading.infrastructure.brokers.legacy.fyers", "message": "Fetching historical data for NSE:TATAPOWER-EQ (D) from 2026-09-16 to 2026-09-16", "module": "fyers", "funcName": "fetch_history", "lineNo": 372}
{"timestamp": "2026-09-16T05:15:42.275899+00:00", "level": "INFO", "logger": "trade_system.interfaces.live.data_sync_service", "message": "Backfilled 1 Daily bars for NSE:TATAPOWER-EQ (from 2026-09-16)", "module": "data_sync_service", "funcName": "_backfill_symbol", "lineNo": 324}
{"timestamp": "2026-09-16T05:15:42.527861+00:00", "level": "INFO", "logger": "trade_system.domains.trading.infrastructure.brokers.legacy.fyers", "message": "Fetching historical data for NSE:TCS-EQ (D) from 2026-09-16 to 2026-09-16", "module": "fyers", "funcName": "fetch_history", "lineNo": 372}
{"timestamp": "2026-09-16T05:15:42.596999+00:00", "level": "INFO", "logger": "trade_system.interfaces.live.data_sync_service", "message": "Backfilled 1 Daily bars for NSE:TCS-EQ (from 2026-09-16)", "module": "data_sync_service", "funcName": "_backfill_symbol", "lineNo": 324}
{"timestamp": "2026-09-16T05:15:42.852675+00:00", "level": "INFO", "logger": "trade_system.domains.trading.infrastructure.brokers.legacy.fyers", "message": "Fetching historical data for NSE:TIINDIA-EQ (D) from 2026-09-16 to 2026-09-16", "module": "fyers", "funcName": "fetch_history", "lineNo": 372}
{"timestamp": "2026-09-16T05:15:42.920425+00:00", "level": "INFO", "logger": "trade_system.interfaces.live.data_sync_service", "message": "Backfilled 1 Daily bars for NSE:TIINDIA-EQ (from 2026-09-16)", "module": "data_sync_service", "funcName": "_backfill_symbol", "lineNo": 324}
{"timestamp": "2026-09-16T05:15:43.173320+00:00", "level": "INFO", "logger": "trade_system.domains.trading.infrastructure.brokers.legacy.fyers", "message": "Fetching historical data for NSE:TITAN-EQ (D) from 2026-09-16 to 2026-09-16", "module": "fyers", "funcName": "fetch_history", "lineNo": 372}
{"timestamp": "2026-09-16T05:15:43.241210+00:00", "level": "INFO", "logger": "trade_system.interfaces.live.data_sync_service", "message": "Backfilled 1 Daily bars for NSE:TITAN-EQ (from 2026-09-16)", "module": "data_sync_service", "funcName": "_backfill_symbol", "lineNo": 324}
{"timestamp": "2026-09-16T05:15:43.492119+00:00", "level": "INFO", "logger": "trade_system.domains.trading.infrastructure.brokers.legacy.fyers", "message": "Fetching historical data for NSE:TVSMOTOR-EQ (D) from 2026-09-16 to 2026-09-16", "module": "fyers", "funcName": "fetch_history", "lineNo": 372}
{"timestamp": "2026-09-16T05:15:43.558373+00:00", "level": "INFO", "logger": "trade_system.interfaces.live.data_sync_service", "message": "Backfilled 1 Daily bars for NSE:TVSMOTOR-EQ (from 2026-09-16)", "module": "data_sync_service", "funcName": "_backfill_symbol", "lineNo": 324}
{"timestamp": "2026-09-16T05:15:43.813336+00:00", "level": "INFO", "logger": "trade_system.domains.trading.infrastructure.brokers.legacy.fyers", "message": "Fetching historical data for NSE:UNIONBANK-EQ (D) from 2026-09-16 to 2026-09-16", "module": "fyers", "funcName": "fetch_history", "lineNo": 372}
{"timestamp": "2026-09-16T05:15:43.948378+00:00", "level": "INFO", "logger": "trade_system.interfaces.live.data_sync_service", "message": "Backfilled 1 Daily bars for NSE:UNIONBANK-EQ (from 2026-09-16)", "module": "data_sync_service", "funcName": "_backfill_symbol", "lineNo": 324}
{"timestamp": "2026-09-16T05:15:44.202291+00:00", "level": "INFO", "logger": "trade_system.domains.trading.infrastructure.brokers.legacy.fyers", "message": "Fetching historical data for NSE:VBL-EQ (D) from 2026-09-16 to 2026-09-16", "module": "fyers", "funcName": "fetch_history", "lineNo": 372}
{"timestamp": "2026-09-16T05:15:44.277780+00:00", "level": "INFO", "logger": "trade_system.interfaces.live.data_sync_service", "message": "Backfilled 1 Daily bars for NSE:VBL-EQ (from 2026-09-16)", "module": "data_sync_service", "funcName": "_backfill_symbol", "lineNo": 324}
{"timestamp": "2026-09-16T05:15:44.533462+00:00", "level": "INFO", "logger": "trade_system.domains.trading.infrastructure.brokers.legacy.fyers", "message": "Fetching historical data for NSE:VEDL-EQ (D) from 2026-09-16 to 2026-09-16", "module": "fyers", "funcName": "fetch_history", "lineNo": 372}
{"timestamp": "2026-09-16T05:15:44.596609+00:00", "level": "INFO", "logger": "trade_system.interfaces.live.data_sync_service", "message": "Backfilled 1 Daily bars for NSE:VEDL-EQ (from 2026-09-16)", "module": "data_sync_service", "funcName": "_backfill_symbol", "lineNo": 324}
{"timestamp": "2026-09-16T05:15:44.848245+00:00", "level": "INFO", "logger": "trade_system.domains.trading.infrastructure.brokers.legacy.fyers", "message": "Fetching historical data for NSE:ZYDUSLIFE-EQ (D) from 2026-09-16 to 2026-09-16", "module": "fyers", "funcName": "fetch_history", "lineNo": 372}
{"timestamp": "2026-09-16T05:15:44.909718+00:00", "level": "INFO", "logger": "trade_system.interfaces.live.data_sync_service", "message": "Backfilled 1 Daily bars for NSE:ZYDUSLIFE-EQ (from 2026-09-16)", "module": "data_sync_service", "funcName": "_backfill_symbol", "lineNo": 324}
{"timestamp": "2026-09-16T05:15:45.165442+00:00", "level": "INFO", "logger": "trade_system.domains.trading.infrastructure.brokers.legacy.fyers", "message": "Fetching historical data for NSE:HEROMOTOCO-EQ (D) from 2026-09-16 to 2026-09-16", "module": "fyers", "funcName": "fetch_history", "lineNo": 372}
{"timestamp": "2026-09-16T05:15:45.276002+00:00", "level": "INFO", "logger": "trade_system.interfaces.live.data_sync_service", "message": "Backfilled 1 Daily bars for NSE:HEROMOTOCO-EQ (from 2026-09-16)", "module": "data_sync_service", "funcName": "_backfill_symbol", "lineNo": 324}
{"timestamp": "2026-09-16T05:15:45.531759+00:00", "level": "INFO", "logger": "trade_system.domains.trading.infrastructure.brokers.legacy.fyers", "message": "Fetching historical data for NSE:HYUNDAI-EQ (D) from 2026-09-16 to 2026-09-16", "module": "fyers", "funcName": "fetch_history", "lineNo": 372}
{"timestamp": "2026-09-16T05:15:45.598556+00:00", "level": "INFO", "logger": "trade_system.interfaces.live.data_sync_service", "message": "Backfilled 1 Daily bars for NSE:HYUNDAI-EQ (from 2026-09-16)", "module": "data_sync_service", "funcName": "_backfill_symbol", "lineNo": 324}
{"timestamp": "2026-09-16T05:15:45.854322+00:00", "level": "INFO", "logger": "trade_system.domains.trading.infrastructure.brokers.legacy.fyers", "message": "Fetching historical data for NSE:ICICIBANK-EQ (D) from 2026-09-16 to 2026-09-16", "module": "fyers", "funcName": "fetch_history", "lineNo": 372}
{"timestamp": "2026-09-16T05:15:45.917053+00:00", "level": "INFO", "logger": "trade_system.interfaces.live.data_sync_service", "message": "Backfilled 1 Daily bars for NSE:ICICIBANK-EQ (from 2026-09-16)", "module": "data_sync_service", "funcName": "_backfill_symbol", "lineNo": 324}
{"timestamp": "2026-09-16T05:15:46.172754+00:00", "level": "INFO", "logger": "trade_system.domains.trading.infrastructure.brokers.legacy.fyers", "message": "Fetching historical data for NSE:INDIGO-EQ (D) from 2026-09-16 to 2026-09-16", "module": "fyers", "funcName": "fetch_history", "lineNo": 372}
{"timestamp": "2026-09-16T05:15:46.235231+00:00", "level": "INFO", "logger": "trade_system.interfaces.live.data_sync_service", "message": "Backfilled 1 Daily bars for NSE:INDIGO-EQ (from 2026-09-16)", "module": "data_sync_service", "funcName": "_backfill_symbol", "lineNo": 324}
{"timestamp": "2026-09-16T05:15:46.490974+00:00", "level": "INFO", "logger": "trade_system.domains.trading.infrastructure.brokers.legacy.fyers", "message": "Fetching historical data for NSE:BSE-EQ (D) from 2026-09-16 to 2026-09-16", "module": "fyers", "funcName": "fetch_history", "lineNo": 372}
{"timestamp": "2026-09-16T05:15:46.559900+00:00", "level": "INFO", "logger": "trade_system.interfaces.live.data_sync_service", "message": "Backfilled 1 Daily bars for NSE:BSE-EQ (from 2026-09-16)", "module": "data_sync_service", "funcName": "_backfill_symbol", "lineNo": 324}
{"timestamp": "2026-09-16T05:15:46.812413+00:00", "level": "INFO", "logger": "trade_system.domains.trading.infrastructure.brokers.legacy.fyers", "message": "Fetching historical data for NSE:LICHSGFIN-EQ (D) from 2026-09-16 to 2026-09-16", "module": "fyers", "funcName": "fetch_history", "lineNo": 372}
{"timestamp": "2026-09-16T05:15:46.878686+00:00", "level": "INFO", "logger": "trade_system.interfaces.live.data_sync_service", "message": "Backfilled 1 Daily bars for NSE:LICHSGFIN-EQ (from 2026-09-16)", "module": "data_sync_service", "funcName": "_backfill_symbol", "lineNo": 324}
{"timestamp": "2026-09-16T05:15:47.129921+00:00", "level": "INFO", "logger": "trade_system.domains.trading.infrastructure.brokers.legacy.fyers", "message": "Fetching historical data for NSE:LTF-EQ (D) from 2026-09-16 to 2026-09-16", "module": "fyers", "funcName": "fetch_history", "lineNo": 372}
{"timestamp": "2026-09-16T05:15:47.199781+00:00", "level": "INFO", "logger": "trade_system.interfaces.live.data_sync_service", "message": "Backfilled 1 Daily bars for NSE:LTF-EQ (from 2026-09-16)", "module": "data_sync_service", "funcName": "_backfill_symbol", "lineNo": 324}
{"timestamp": "2026-09-16T05:15:47.453228+00:00", "level": "INFO", "logger": "trade_system.domains.trading.infrastructure.brokers.legacy.fyers", "message": "Fetching historical data for NSE:HDFCAMC-EQ (D) from 2026-09-16 to 2026-09-16", "module": "fyers", "funcName": "fetch_history", "lineNo": 372}
{"timestamp": "2026-09-16T05:15:47.518893+00:00", "level": "INFO", "logger": "trade_system.interfaces.live.data_sync_service", "message": "Backfilled 1 Daily bars for NSE:HDFCAMC-EQ (from 2026-09-16)", "module": "data_sync_service", "funcName": "_backfill_symbol", "lineNo": 324}
{"timestamp": "2026-09-16T05:15:47.774064+00:00", "level": "INFO", "logger": "trade_system.domains.trading.infrastructure.brokers.legacy.fyers", "message": "Fetching historical data for NSE:MOTILALOFS-EQ (D) from 2026-09-16 to 2026-09-16", "module": "fyers", "funcName": "fetch_history", "lineNo": 372}
{"timestamp": "2026-09-16T05:15:47.844567+00:00", "level": "INFO", "logger": "trade_system.interfaces.live.data_sync_service", "message": "Backfilled 1 Daily bars for NSE:MOTILALOFS-EQ (from 2026-09-16)", "module": "data_sync_service", "funcName": "_backfill_symbol", "lineNo": 324}
{"timestamp": "2026-09-16T05:15:48.099217+00:00", "level": "INFO", "logger": "trade_system.domains.trading.infrastructure.brokers.legacy.fyers", "message": "Fetching historical data for NSE:MPHASIS-EQ (D) from 2026-09-16 to 2026-09-16", "module": "fyers", "funcName": "fetch_history", "lineNo": 372}
{"timestamp": "2026-09-16T05:15:48.170580+00:00", "level": "INFO", "logger": "trade_system.interfaces.live.data_sync_service", "message": "Backfilled 1 Daily bars for NSE:MPHASIS-EQ (from 2026-09-16)", "module": "data_sync_service", "funcName": "_backfill_symbol", "lineNo": 324}
{"timestamp": "2026-09-16T05:15:48.426466+00:00", "level": "INFO", "logger": "trade_system.domains.trading.infrastructure.brokers.legacy.fyers", "message": "Fetching historical data for NSE:NATIONALUM-EQ (D) from 2026-09-16 to 2026-09-16", "module": "fyers", "funcName": "fetch_history", "lineNo": 372}
{"timestamp": "2026-09-16T05:15:48.495231+00:00", "level": "INFO", "logger": "trade_system.interfaces.live.data_sync_service", "message": "Backfilled 1 Daily bars for NSE:NATIONALUM-EQ (from 2026-09-16)", "module": "data_sync_service", "funcName": "_backfill_symbol", "lineNo": 324}
{"timestamp": "2026-09-16T05:15:48.751115+00:00", "level": "INFO", "logger": "trade_system.domains.trading.infrastructure.brokers.legacy.fyers", "message": "Fetching historical data for NSE:NBCC-EQ (D) from 2026-09-16 to 2026-09-16", "module": "fyers", "funcName": "fetch_history", "lineNo": 372}
{"timestamp": "2026-09-16T05:15:48.816899+00:00", "level": "INFO", "logger": "trade_system.interfaces.live.data_sync_service", "message": "Backfilled 1 Daily bars for NSE:NBCC-EQ (from 2026-09-16)", "module": "data_sync_service", "funcName": "_backfill_symbol", "lineNo": 324}
{"timestamp": "2026-09-16T05:15:49.070582+00:00", "level": "INFO", "logger": "trade_system.domains.trading.infrastructure.brokers.legacy.fyers", "message": "Fetching historical data for NSE:NYKAA-EQ (D) from 2026-09-16 to 2026-09-16", "module": "fyers", "funcName": "fetch_history", "lineNo": 372}
{"timestamp": "2026-09-16T05:15:49.138457+00:00", "level": "INFO", "logger": "trade_system.interfaces.live.data_sync_service", "message": "Backfilled 1 Daily bars for NSE:NYKAA-EQ (from 2026-09-16)", "module": "data_sync_service", "funcName": "_backfill_symbol", "lineNo": 324}
{"timestamp": "2026-09-16T05:15:49.391791+00:00", "level": "INFO", "logger": "trade_system.domains.trading.infrastructure.brokers.legacy.fyers", "message": "Fetching historical data for NSE:ICICIPRULI-EQ (D) from 2026-09-16 to 2026-09-16", "module": "fyers", "funcName": "fetch_history", "lineNo": 372}
{"timestamp": "2026-09-16T05:15:49.459015+00:00", "level": "INFO", "logger": "trade_system.interfaces.live.data_sync_service", "message": "Backfilled 1 Daily bars for NSE:ICICIPRULI-EQ (from 2026-09-16)", "module": "data_sync_service", "funcName": "_backfill_symbol", "lineNo": 324}
{"timestamp": "2026-09-16T05:15:49.712725+00:00", "level": "INFO", "logger": "trade_system.domains.trading.infrastructure.brokers.legacy.fyers", "message": "Fetching historical data for NSE:PERSISTENT-EQ (D) from 2026-09-16 to 2026-09-16", "module": "fyers", "funcName": "fetch_history", "lineNo": 372}
{"timestamp": "2026-09-16T05:15:49.782318+00:00", "level": "INFO", "logger": "trade_system.interfaces.live.data_sync_service", "message": "Backfilled 1 Daily bars for NSE:PERSISTENT-EQ (from 2026-09-16)", "module": "data_sync_service", "funcName": "_backfill_symbol", "lineNo": 324}
{"timestamp": "2026-09-16T05:15:50.033343+00:00", "level": "INFO", "logger": "trade_system.domains.trading.infrastructure.brokers.legacy.fyers", "message": "Fetching historical data for NSE:PNBHOUSING-EQ (D) from 2026-09-16 to 2026-09-16", "module": "fyers", "funcName": "fetch_history", "lineNo": 372}
{"timestamp": "2026-09-16T05:15:50.098672+00:00", "level": "INFO", "logger": "trade_system.interfaces.live.data_sync_service", "message": "Backfilled 1 Daily bars for NSE:PNBHOUSING-EQ (from 2026-09-16)", "module": "data_sync_service", "funcName": "_backfill_symbol", "lineNo": 324}
{"timestamp": "2026-09-16T05:15:50.353942+00:00", "level": "INFO", "logger": "trade_system.domains.trading.infrastructure.brokers.legacy.fyers", "message": "Fetching historical data for NSE:POWERGRID-EQ (D) from 2026-09-16 to 2026-09-16", "module": "fyers", "funcName": "fetch_history", "lineNo": 372}
{"timestamp": "2026-09-16T05:15:50.423975+00:00", "level": "INFO", "logger": "trade_system.interfaces.live.data_sync_service", "message": "Backfilled 1 Daily bars for NSE:POWERGRID-EQ (from 2026-09-16)", "module": "data_sync_service", "funcName": "_backfill_symbol", "lineNo": 324}
{"timestamp": "2026-09-16T05:15:50.675829+00:00", "level": "INFO", "logger": "trade_system.domains.trading.infrastructure.brokers.legacy.fyers", "message": "Fetching historical data for NSE:LAURUSLABS-EQ (D) from 2026-09-16 to 2026-09-16", "module": "fyers", "funcName": "fetch_history", "lineNo": 372}
{"timestamp": "2026-09-16T05:15:50.743901+00:00", "level": "INFO", "logger": "trade_system.interfaces.live.data_sync_service", "message": "Backfilled 1 Daily bars for NSE:LAURUSLABS-EQ (from 2026-09-16)", "module": "data_sync_service", "funcName": "_backfill_symbol", "lineNo": 324}
{"timestamp": "2026-09-16T05:15:50.997039+00:00", "level": "INFO", "logger": "trade_system.domains.trading.infrastructure.brokers.legacy.fyers", "message": "Fetching historical data for NSE:RELIANCE-EQ (D) from 2026-09-16 to 2026-09-16", "module": "fyers", "funcName": "fetch_history", "lineNo": 372}
{"timestamp": "2026-09-16T05:15:51.071713+00:00", "level": "INFO", "logger": "trade_system.interfaces.live.data_sync_service", "message": "Backfilled 1 Daily bars for NSE:RELIANCE-EQ (from 2026-09-16)", "module": "data_sync_service", "funcName": "_backfill_symbol", "lineNo": 324}
{"timestamp": "2026-09-16T05:15:51.325004+00:00", "level": "INFO", "logger": "trade_system.domains.trading.infrastructure.brokers.legacy.fyers", "message": "Fetching historical data for NSE:MAZDOCK-EQ (D) from 2026-09-16 to 2026-09-16", "module": "fyers", "funcName": "fetch_history", "lineNo": 372}
{"timestamp": "2026-09-16T05:15:51.388563+00:00", "level": "INFO", "logger": "trade_system.interfaces.live.data_sync_service", "message": "Backfilled 1 Daily bars for NSE:MAZDOCK-EQ (from 2026-09-16)", "module": "data_sync_service", "funcName": "_backfill_symbol", "lineNo": 324}
{"timestamp": "2026-09-16T05:15:51.640387+00:00", "level": "INFO", "logger": "trade_system.domains.trading.infrastructure.brokers.legacy.fyers", "message": "Fetching historical data for NSE:SONACOMS-EQ (D) from 2026-09-16 to 2026-09-16", "module": "fyers", "funcName": "fetch_history", "lineNo": 372}
{"timestamp": "2026-09-16T05:15:51.705286+00:00", "level": "INFO", "logger": "trade_system.interfaces.live.data_sync_service", "message": "Backfilled 1 Daily bars for NSE:SONACOMS-EQ (from 2026-09-16)", "module": "data_sync_service", "funcName": "_backfill_symbol", "lineNo": 324}
{"timestamp": "2026-09-16T05:15:51.958226+00:00", "level": "INFO", "logger": "trade_system.domains.trading.infrastructure.brokers.legacy.fyers", "message": "Fetching historical data for NSE:NAUKRI-EQ (D) from 2026-09-16 to 2026-09-16", "module": "fyers", "funcName": "fetch_history", "lineNo": 372}
{"timestamp": "2026-09-16T05:15:52.028729+00:00", "level": "INFO", "logger": "trade_system.interfaces.live.data_sync_service", "message": "Backfilled 1 Daily bars for NSE:NAUKRI-EQ (from 2026-09-16)", "module": "data_sync_service", "funcName": "_backfill_symbol", "lineNo": 324}
{"timestamp": "2026-09-16T05:15:52.284567+00:00", "level": "INFO", "logger": "trade_system.domains.trading.infrastructure.brokers.legacy.fyers", "message": "Fetching historical data for NSE:SRF-EQ (D) from 2026-09-16 to 2026-09-16", "module": "fyers", "funcName": "fetch_history", "lineNo": 372}
{"timestamp": "2026-09-16T05:15:52.350385+00:00", "level": "INFO", "logger": "trade_system.interfaces.live.data_sync_service", "message": "Backfilled 1 Daily bars for NSE:SRF-EQ (from 2026-09-16)", "module": "data_sync_service", "funcName": "_backfill_symbol", "lineNo": 324}
{"timestamp": "2026-09-16T05:15:52.606103+00:00", "level": "INFO", "logger": "trade_system.domains.trading.infrastructure.brokers.legacy.fyers", "message": "Fetching historical data for NSE:TECHM-EQ (D) from 2026-09-16 to 2026-09-16", "module": "fyers", "funcName": "fetch_history", "lineNo": 372}
{"timestamp": "2026-09-16T05:15:52.670887+00:00", "level": "INFO", "logger": "trade_system.interfaces.live.data_sync_service", "message": "Backfilled 1 Daily bars for NSE:TECHM-EQ (from 2026-09-16)", "module": "data_sync_service", "funcName": "_backfill_symbol", "lineNo": 324}
{"timestamp": "2026-09-16T05:15:52.924099+00:00", "level": "INFO", "logger": "trade_system.domains.trading.infrastructure.brokers.legacy.fyers", "message": "Fetching historical data for NSE:ULTRACEMCO-EQ (D) from 2026-09-16 to 2026-09-16", "module": "fyers", "funcName": "fetch_history", "lineNo": 372}
{"timestamp": "2026-09-16T05:15:52.997005+00:00", "level": "INFO", "logger": "trade_system.interfaces.live.data_sync_service", "message": "Backfilled 1 Daily bars for NSE:ULTRACEMCO-EQ (from 2026-09-16)", "module": "data_sync_service", "funcName": "_backfill_symbol", "lineNo": 324}
{"timestamp": "2026-09-16T05:15:53.258231+00:00", "level": "INFO", "logger": "trade_system.domains.trading.infrastructure.brokers.legacy.fyers", "message": "Fetching historical data for NSE:UNOMINDA-EQ (D) from 2026-09-16 to 2026-09-16", "module": "fyers", "funcName": "fetch_history", "lineNo": 372}
{"timestamp": "2026-09-16T05:15:53.322004+00:00", "level": "INFO", "logger": "trade_system.interfaces.live.data_sync_service", "message": "Backfilled 1 Daily bars for NSE:UNOMINDA-EQ (from 2026-09-16)", "module": "data_sync_service", "funcName": "_backfill_symbol", "lineNo": 324}
{"timestamp": "2026-09-16T05:15:53.577748+00:00", "level": "INFO", "logger": "trade_system.domains.trading.infrastructure.brokers.legacy.fyers", "message": "Fetching historical data for NSE:VMM-EQ (D) from 2026-09-16 to 2026-09-16", "module": "fyers", "funcName": "fetch_history", "lineNo": 372}
{"timestamp": "2026-09-16T05:15:53.679679+00:00", "level": "INFO", "logger": "trade_system.interfaces.live.data_sync_service", "message": "Backfilled 1 Daily bars for NSE:VMM-EQ (from 2026-09-16)", "module": "data_sync_service", "funcName": "_backfill_symbol", "lineNo": 324}
{"timestamp": "2026-09-16T05:15:53.932128+00:00", "level": "INFO", "logger": "trade_system.domains.trading.infrastructure.brokers.legacy.fyers", "message": "Fetching historical data for NSE:WIPRO-EQ (D) from 2026-09-16 to 2026-09-16", "module": "fyers", "funcName": "fetch_history", "lineNo": 372}
{"timestamp": "2026-09-16T05:15:54.002530+00:00", "level": "INFO", "logger": "trade_system.interfaces.live.data_sync_service", "message": "Backfilled 1 Daily bars for NSE:WIPRO-EQ (from 2026-09-16)", "module": "data_sync_service", "funcName": "_backfill_symbol", "lineNo": 324}
{"timestamp": "2026-09-16T05:15:54.257789+00:00", "level": "INFO", "logger": "trade_system.domains.trading.infrastructure.brokers.legacy.fyers", "message": "Fetching historical data for NSE:ASTRAL-EQ (D) from 2026-09-16 to 2026-09-16", "module": "fyers", "funcName": "fetch_history", "lineNo": 372}
{"timestamp": "2026-09-16T05:15:54.332780+00:00", "level": "INFO", "logger": "trade_system.interfaces.live.data_sync_service", "message": "Backfilled 1 Daily bars for NSE:ASTRAL-EQ (from 2026-09-16)", "module": "data_sync_service", "funcName": "_backfill_symbol", "lineNo": 324}
{"timestamp": "2026-09-16T05:15:54.588431+00:00", "level": "INFO", "logger": "trade_system.domains.trading.infrastructure.brokers.legacy.fyers", "message": "Fetching historical data for NSE:BAJFINANCE-EQ (D) from 2026-09-16 to 2026-09-16", "module": "fyers", "funcName": "fetch_history", "lineNo": 372}
{"timestamp": "2026-09-16T05:15:54.659748+00:00", "level": "INFO", "logger": "trade_system.interfaces.live.data_sync_service", "message": "Backfilled 1 Daily bars for NSE:BAJFINANCE-EQ (from 2026-09-16)", "module": "data_sync_service", "funcName": "_backfill_symbol", "lineNo": 324}
{"timestamp": "2026-09-16T05:15:54.916510+00:00", "level": "INFO", "logger": "trade_system.domains.trading.infrastructure.brokers.legacy.fyers", "message": "Fetching historical data for NSE:UNITDSPR-EQ (D) from 2026-09-16 to 2026-09-16", "module": "fyers", "funcName": "fetch_history", "lineNo": 372}
{"timestamp": "2026-09-16T05:15:54.981246+00:00", "level": "INFO", "logger": "trade_system.interfaces.live.data_sync_service", "message": "Backfilled 1 Daily bars for NSE:UNITDSPR-EQ (from 2026-09-16)", "module": "data_sync_service", "funcName": "_backfill_symbol", "lineNo": 324}
{"timestamp": "2026-09-16T05:15:55.233414+00:00", "level": "INFO", "logger": "trade_system.domains.trading.infrastructure.brokers.legacy.fyers", "message": "Fetching historical data for NSE:ASHOKLEY-EQ (D) from 2026-09-16 to 2026-09-16", "module": "fyers", "funcName": "fetch_history", "lineNo": 372}
{"timestamp": "2026-09-16T05:15:55.304952+00:00", "level": "INFO", "logger": "trade_system.interfaces.live.data_sync_service", "message": "Backfilled 1 Daily bars for NSE:ASHOKLEY-EQ (from 2026-09-16)", "module": "data_sync_service", "funcName": "_backfill_symbol", "lineNo": 324}
{"timestamp": "2026-09-16T05:15:55.556661+00:00", "level": "INFO", "logger": "trade_system.domains.trading.infrastructure.brokers.legacy.fyers", "message": "Fetching historical data for NSE:MUTHOOTFIN-EQ (D) from 2026-09-16 to 2026-09-16", "module": "fyers", "funcName": "fetch_history", "lineNo": 372}
{"timestamp": "2026-09-16T05:15:55.622340+00:00", "level": "INFO", "logger": "trade_system.interfaces.live.data_sync_service", "message": "Backfilled 1 Daily bars for NSE:MUTHOOTFIN-EQ (from 2026-09-16)", "module": "data_sync_service", "funcName": "_backfill_symbol", "lineNo": 324}
{"timestamp": "2026-09-16T05:15:55.875939+00:00", "level": "INFO", "logger": "trade_system.domains.trading.infrastructure.brokers.legacy.fyers", "message": "Fetching historical data for NSE:CUMMINSIND-EQ (D) from 2026-09-16 to 2026-09-16", "module": "fyers", "funcName": "fetch_history", "lineNo": 372}
{"timestamp": "2026-09-16T05:15:56.101282+00:00", "level": "INFO", "logger": "trade_system.interfaces.live.data_sync_service", "message": "Backfilled 1 Daily bars for NSE:CUMMINSIND-EQ (from 2026-09-16)", "module": "data_sync_service", "funcName": "_backfill_symbol", "lineNo": 324}
{"timestamp": "2026-09-16T05:15:56.353869+00:00", "level": "INFO", "logger": "trade_system.domains.trading.infrastructure.brokers.legacy.fyers", "message": "Fetching historical data for NSE:GAIL-EQ (D) from 2026-09-16 to 2026-09-16", "module": "fyers", "funcName": "fetch_history", "lineNo": 372}
{"timestamp": "2026-09-16T05:15:56.428695+00:00", "level": "INFO", "logger": "trade_system.interfaces.live.data_sync_service", "message": "Backfilled 1 Daily bars for NSE:GAIL-EQ (from 2026-09-16)", "module": "data_sync_service", "funcName": "_backfill_symbol", "lineNo": 324}
{"timestamp": "2026-09-16T05:15:56.684438+00:00", "level": "INFO", "logger": "trade_system.domains.trading.infrastructure.brokers.legacy.fyers", "message": "Fetching historical data for NSE:SIEMENS-EQ (D) from 2026-09-16 to 2026-09-16", "module": "fyers", "funcName": "fetch_history", "lineNo": 372}
{"timestamp": "2026-09-16T05:15:56.819277+00:00", "level": "INFO", "logger": "trade_system.interfaces.live.data_sync_service", "message": "Backfilled 1 Daily bars for NSE:SIEMENS-EQ (from 2026-09-16)", "module": "data_sync_service", "funcName": "_backfill_symbol", "lineNo": 324}
{"timestamp": "2026-09-16T05:15:57.075304+00:00", "level": "INFO", "logger": "trade_system.domains.trading.infrastructure.brokers.legacy.fyers", "message": "Fetching historical data for NSE:MFSL-EQ (D) from 2026-09-16 to 2026-09-16", "module": "fyers", "funcName": "fetch_history", "lineNo": 372}
{"timestamp": "2026-09-16T05:15:57.144738+00:00", "level": "INFO", "logger": "trade_system.interfaces.live.data_sync_service", "message": "Backfilled 1 Daily bars for NSE:MFSL-EQ (from 2026-09-16)", "module": "data_sync_service", "funcName": "_backfill_symbol", "lineNo": 324}
{"timestamp": "2026-09-16T05:15:57.398233+00:00", "level": "INFO", "logger": "trade_system.domains.trading.infrastructure.brokers.legacy.fyers", "message": "Fetching historical data for NSE:NHPC-EQ (D) from 2026-09-16 to 2026-09-16", "module": "fyers", "funcName": "fetch_history", "lineNo": 372}
{"timestamp": "2026-09-16T05:15:57.470365+00:00", "level": "INFO", "logger": "trade_system.interfaces.live.data_sync_service", "message": "Backfilled 1 Daily bars for NSE:NHPC-EQ (from 2026-09-16)", "module": "data_sync_service", "funcName": "_backfill_symbol", "lineNo": 324}
{"timestamp": "2026-09-16T05:15:57.725402+00:00", "level": "INFO", "logger": "trade_system.domains.trading.infrastructure.brokers.legacy.fyers", "message": "Fetching historical data for NSE:NTPC-EQ (D) from 2026-09-16 to 2026-09-16", "module": "fyers", "funcName": "fetch_history", "lineNo": 372}
{"timestamp": "2026-09-16T05:15:57.801656+00:00", "level": "INFO", "logger": "trade_system.interfaces.live.data_sync_service", "message": "Backfilled 1 Daily bars for NSE:NTPC-EQ (from 2026-09-16)", "module": "data_sync_service", "funcName": "_backfill_symbol", "lineNo": 324}
{"timestamp": "2026-09-16T05:15:58.055107+00:00", "level": "INFO", "logger": "trade_system.domains.trading.infrastructure.brokers.legacy.fyers", "message": "Fetching historical data for NSE:TORNTPHARM-EQ (D) from 2026-09-16 to 2026-09-16", "module": "fyers", "funcName": "fetch_history", "lineNo": 372}
{"timestamp": "2026-09-16T05:15:58.120640+00:00", "level": "INFO", "logger": "trade_system.interfaces.live.data_sync_service", "message": "Backfilled 1 Daily bars for NSE:TORNTPHARM-EQ (from 2026-09-16)", "module": "data_sync_service", "funcName": "_backfill_symbol", "lineNo": 324}
{"timestamp": "2026-09-16T05:15:58.371568+00:00", "level": "INFO", "logger": "trade_system.domains.trading.infrastructure.brokers.legacy.fyers", "message": "Fetching historical data for NSE:RVNL-EQ (D) from 2026-09-16 to 2026-09-16", "module": "fyers", "funcName": "fetch_history", "lineNo": 372}
{"timestamp": "2026-09-16T05:15:58.454046+00:00", "level": "INFO", "logger": "trade_system.interfaces.live.data_sync_service", "message": "Backfilled 1 Daily bars for NSE:RVNL-EQ (from 2026-09-16)", "module": "data_sync_service", "funcName": "_backfill_symbol", "lineNo": 324}
{"timestamp": "2026-09-16T05:15:58.705828+00:00", "level": "INFO", "logger": "trade_system.domains.trading.infrastructure.brokers.legacy.fyers", "message": "Fetching historical data for NSE:KOTAKBANK-EQ (D) from 2026-09-16 to 2026-09-16", "module": "fyers", "funcName": "fetch_history", "lineNo": 372}
{"timestamp": "2026-09-16T05:15:58.790886+00:00", "level": "INFO", "logger": "trade_system.interfaces.live.data_sync_service", "message": "Backfilled 1 Daily bars for NSE:KOTAKBANK-EQ (from 2026-09-16)", "module": "data_sync_service", "funcName": "_backfill_symbol", "lineNo": 324}
{"timestamp": "2026-09-16T05:15:59.046234+00:00", "level": "INFO", "logger": "trade_system.domains.trading.infrastructure.brokers.legacy.fyers", "message": "Fetching historical data for NSE:LICI-EQ (D) from 2026-09-16 to 2026-09-16", "module": "fyers", "funcName": "fetch_history", "lineNo": 372}
{"timestamp": "2026-09-16T05:15:59.136542+00:00", "level": "INFO", "logger": "trade_system.interfaces.live.data_sync_service", "message": "Backfilled 1 Daily bars for NSE:LICI-EQ (from 2026-09-16)", "module": "data_sync_service", "funcName": "_backfill_symbol", "lineNo": 324}
{"timestamp": "2026-09-16T05:15:59.388050+00:00", "level": "INFO", "logger": "trade_system.domains.trading.infrastructure.brokers.legacy.fyers", "message": "Fetching historical data for NSE:AUBANK-EQ (D) from 2026-09-16 to 2026-09-16", "module": "fyers", "funcName": "fetch_history", "lineNo": 372}
{"timestamp": "2026-09-16T05:15:59.469523+00:00", "level": "INFO", "logger": "trade_system.interfaces.live.data_sync_service", "message": "Backfilled 1 Daily bars for NSE:AUBANK-EQ (from 2026-09-16)", "module": "data_sync_service", "funcName": "_backfill_symbol", "lineNo": 324}
{"timestamp": "2026-09-16T05:15:59.725280+00:00", "level": "INFO", "logger": "trade_system.domains.trading.infrastructure.brokers.legacy.fyers", "message": "Fetching historical data for NSE:HAL-EQ (D) from 2026-09-16 to 2026-09-16", "module": "fyers", "funcName": "fetch_history", "lineNo": 372}
{"timestamp": "2026-09-16T05:15:59.811897+00:00", "level": "INFO", "logger": "trade_system.interfaces.live.data_sync_service", "message": "Backfilled 1 Daily bars for NSE:HAL-EQ (from 2026-09-16)", "module": "data_sync_service", "funcName": "_backfill_symbol", "lineNo": 324}
{"timestamp": "2026-09-16T05:16:00.067606+00:00", "level": "INFO", "logger": "trade_system.domains.trading.infrastructure.brokers.legacy.fyers", "message": "Fetching historical data for NSE:IDEA-EQ (D) from 2026-09-16 to 2026-09-16", "module": "fyers", "funcName": "fetch_history", "lineNo": 372}
{"timestamp": "2026-09-16T05:16:00.151519+00:00", "level": "INFO", "logger": "trade_system.interfaces.live.data_sync_service", "message": "Backfilled 1 Daily bars for NSE:IDEA-EQ (from 2026-09-16)", "module": "data_sync_service", "funcName": "_backfill_symbol", "lineNo": 324}
{"timestamp": "2026-09-16T05:16:00.407234+00:00", "level": "INFO", "logger": "trade_system.domains.trading.infrastructure.brokers.legacy.fyers", "message": "Fetching historical data for NSE:INDUSTOWER-EQ (D) from 2026-09-16 to 2026-09-16", "module": "fyers", "funcName": "fetch_history", "lineNo": 372}
{"timestamp": "2026-09-16T05:16:00.508369+00:00", "level": "INFO", "logger": "trade_system.interfaces.live.data_sync_service", "message": "Backfilled 1 Daily bars for NSE:INDUSTOWER-EQ (from 2026-09-16)", "module": "data_sync_service", "funcName": "_backfill_symbol", "lineNo": 324}
{"timestamp": "2026-09-16T05:16:00.764162+00:00", "level": "INFO", "logger": "trade_system.domains.trading.infrastructure.brokers.legacy.fyers", "message": "Fetching historical data for NSE:IOC-EQ (D) from 2026-09-16 to 2026-09-16", "module": "fyers", "funcName": "fetch_history", "lineNo": 372}
{"timestamp": "2026-09-16T05:16:00.855318+00:00", "level": "INFO", "logger": "trade_system.interfaces.live.data_sync_service", "message": "Backfilled 1 Daily bars for NSE:IOC-EQ (from 2026-09-16)", "module": "data_sync_service", "funcName": "_backfill_symbol", "lineNo": 324}
{"timestamp": "2026-09-16T05:16:01.106619+00:00", "level": "INFO", "logger": "trade_system.domains.trading.infrastructure.brokers.legacy.fyers", "message": "Fetching historical data for NSE:IREDA-EQ (D) from 2026-09-16 to 2026-09-16", "module": "fyers", "funcName": "fetch_history", "lineNo": 372}
{"timestamp": "2026-09-16T05:16:01.195869+00:00", "level": "INFO", "logger": "trade_system.interfaces.live.data_sync_service", "message": "Backfilled 1 Daily bars for NSE:IREDA-EQ (from 2026-09-16)", "module": "data_sync_service", "funcName": "_backfill_symbol", "lineNo": 324}
{"timestamp": "2026-09-16T05:16:01.451646+00:00", "level": "INFO", "logger": "trade_system.domains.trading.infrastructure.brokers.legacy.fyers", "message": "Fetching historical data for NSE:TRENT-EQ (D) from 2026-09-16 to 2026-09-16", "module": "fyers", "funcName": "fetch_history", "lineNo": 372}
{"timestamp": "2026-09-16T05:16:01.591579+00:00", "level": "INFO", "logger": "trade_system.interfaces.live.data_sync_service", "message": "Backfilled 1 Daily bars for NSE:TRENT-EQ (from 2026-09-16)", "module": "data_sync_service", "funcName": "_backfill_symbol", "lineNo": 324}
{"timestamp": "2026-09-16T05:16:01.842899+00:00", "level": "INFO", "logger": "trade_system.domains.trading.infrastructure.brokers.legacy.fyers", "message": "Fetching historical data for NSE:SBICARD-EQ (D) from 2026-09-16 to 2026-09-16", "module": "fyers", "funcName": "fetch_history", "lineNo": 372}
{"timestamp": "2026-09-16T05:16:01.930034+00:00", "level": "INFO", "logger": "trade_system.interfaces.live.data_sync_service", "message": "Backfilled 1 Daily bars for NSE:SBICARD-EQ (from 2026-09-16)", "module": "data_sync_service", "funcName": "_backfill_symbol", "lineNo": 324}
{"timestamp": "2026-09-16T05:16:02.185703+00:00", "level": "INFO", "logger": "trade_system.domains.trading.infrastructure.brokers.legacy.fyers", "message": "Fetching historical data for NSE:SHRIRAMFIN-EQ (D) from 2026-09-16 to 2026-09-16", "module": "fyers", "funcName": "fetch_history", "lineNo": 372}
{"timestamp": "2026-09-16T05:16:02.267980+00:00", "level": "INFO", "logger": "trade_system.interfaces.live.data_sync_service", "message": "Backfilled 1 Daily bars for NSE:SHRIRAMFIN-EQ (from 2026-09-16)", "module": "data_sync_service", "funcName": "_backfill_symbol", "lineNo": 324}
{"timestamp": "2026-09-16T05:16:02.523659+00:00", "level": "INFO", "logger": "trade_system.domains.trading.infrastructure.brokers.legacy.fyers", "message": "Fetching historical data for NSE:CANBK-EQ (D) from 2026-09-16 to 2026-09-16", "module": "fyers", "funcName": "fetch_history", "lineNo": 372}
{"timestamp": "2026-09-16T05:16:02.604203+00:00", "level": "INFO", "logger": "trade_system.interfaces.live.data_sync_service", "message": "Backfilled 1 Daily bars for NSE:CANBK-EQ (from 2026-09-16)", "module": "data_sync_service", "funcName": "_backfill_symbol", "lineNo": 324}
{"timestamp": "2026-09-16T05:16:02.857570+00:00", "level": "INFO", "logger": "trade_system.domains.trading.infrastructure.brokers.legacy.fyers", "message": "Fetching historical data for NSE:YESBANK-EQ (D) from 2026-09-16 to 2026-09-16", "module": "fyers", "funcName": "fetch_history", "lineNo": 372}
{"timestamp": "2026-09-16T05:16:02.963609+00:00", "level": "INFO", "logger": "trade_system.interfaces.live.data_sync_service", "message": "Backfilled 1 Daily bars for NSE:YESBANK-EQ (from 2026-09-16)", "module": "data_sync_service", "funcName": "_backfill_symbol", "lineNo": 324}
{"timestamp": "2026-09-16T05:16:03.217736+00:00", "level": "INFO", "logger": "trade_system.domains.trading.infrastructure.brokers.legacy.fyers", "message": "Fetching historical data for NSE:VOLTAS-EQ (D) from 2026-09-16 to 2026-09-16", "module": "fyers", "funcName": "fetch_history", "lineNo": 372}
{"timestamp": "2026-09-16T05:16:03.298304+00:00", "level": "INFO", "logger": "trade_system.interfaces.live.data_sync_service", "message": "Backfilled 1 Daily bars for NSE:VOLTAS-EQ (from 2026-09-16)", "module": "data_sync_service", "funcName": "_backfill_symbol", "lineNo": 324}
{"timestamp": "2026-09-16T05:16:03.553952+00:00", "level": "INFO", "logger": "trade_system.domains.trading.infrastructure.brokers.legacy.fyers", "message": "Fetching historical data for NSE:HINDPETRO-EQ (D) from 2026-09-16 to 2026-09-16", "module": "fyers", "funcName": "fetch_history", "lineNo": 372}
{"timestamp": "2026-09-16T05:16:03.648146+00:00", "level": "INFO", "logger": "trade_system.interfaces.live.data_sync_service", "message": "Backfilled 1 Daily bars for NSE:HINDPETRO-EQ (from 2026-09-16)", "module": "data_sync_service", "funcName": "_backfill_symbol", "lineNo": 324}
{"timestamp": "2026-09-16T05:16:03.900152+00:00", "level": "INFO", "logger": "trade_system.domains.trading.infrastructure.brokers.legacy.fyers", "message": "Fetching historical data for NSE:ATHERENERG-EQ (D) from 2026-09-16 to 2026-09-16", "module": "fyers", "funcName": "fetch_history", "lineNo": 372}
{"timestamp": "2026-09-16T05:16:04.025075+00:00", "level": "INFO", "logger": "trade_system.interfaces.live.data_sync_service", "message": "Backfilled 1 Daily bars for NSE:ATHERENERG-EQ (from 2026-09-16)", "module": "data_sync_service", "funcName": "_backfill_symbol", "lineNo": 324}
{"timestamp": "2026-09-16T05:16:04.280182+00:00", "level": "INFO", "logger": "trade_system.domains.trading.infrastructure.brokers.legacy.fyers", "message": "Fetching historical data for NSE:MAHABANK-EQ (D) from 2026-09-16 to 2026-09-16", "module": "fyers", "funcName": "fetch_history", "lineNo": 372}
{"timestamp": "2026-09-16T05:16:04.408655+00:00", "level": "INFO", "logger": "trade_system.interfaces.live.data_sync_service", "message": "Backfilled 1 Daily bars for NSE:MAHABANK-EQ (from 2026-09-16)", "module": "data_sync_service", "funcName": "_backfill_symbol", "lineNo": 324}
{"timestamp": "2026-09-16T05:16:04.664382+00:00", "level": "INFO", "logger": "trade_system.domains.trading.infrastructure.brokers.legacy.fyers", "message": "Fetching historical data for NSE:SAGILITY-EQ (D) from 2026-09-16 to 2026-09-16", "module": "fyers", "funcName": "fetch_history", "lineNo": 372}
{"timestamp": "2026-09-16T05:16:04.766026+00:00", "level": "INFO", "logger": "trade_system.interfaces.live.data_sync_service", "message": "Backfilled 1 Daily bars for NSE:SAGILITY-EQ (from 2026-09-16)", "module": "data_sync_service", "funcName": "_backfill_symbol", "lineNo": 324}
{"timestamp": "2026-09-16T05:16:05.021163+00:00", "level": "INFO", "logger": "trade_system.interfaces.live.data_sync_service", "message": "Finished Daily sync: 73 rows written across 73/74 symbols", "module": "data_sync_service", "funcName": "backfill_symbols", "lineNo": 235}
{"timestamp": "2026-09-16T05:16:05.254129+00:00", "level": "INFO", "logger": "trade_system.domains.market_data.application.data_sanity_manager", "message": "Database Sanity Report [\u26a0\ufe0f GAPS DETECTED (2 unresolved)] @ 2026-09-16 10:45\n  Symbols Checked: 215\n  Symbols with Gaps: {'15': ['NSE:NIFTYFPI-EQ'], 'D': ['NSE:NIFTYFPI-EQ']}\n  Corrupt Records Fixed: 0\n  Auto-Healed & Synced Rows: {'15': 0, 'D': 73}", "module": "data_sanity_manager", "funcName": "ensure_data_sanity_and_heal", "lineNo": 183}
{"timestamp": "2026-09-16T05:16:05.367117+00:00", "level": "INFO", "logger": "trade_system.domains.trading.infrastructure.brokers.fyers.client", "message": "Fyers authentication successful", "module": "client", "funcName": "authenticate", "lineNo": 98}
{"timestamp": "2026-09-16T05:16:05.458450+00:00", "level": "INFO", "logger": "trade_system.domains.trading.infrastructure.brokers.fyers.client", "message": "Fetched 10 candles for NSE:NIFTY50-INDEX from 2026-09-02 to 2026-09-16", "module": "client", "funcName": "_get_historical_data_impl", "lineNo": 372}
{"timestamp": "2026-09-16T05:16:05.477254+00:00", "level": "INFO", "logger": "trade_system.domains.market_data.infrastructure.data.storage", "message": "Historical yearly dataset saved to data/fo_historical/NSE_NIFTY50-INDEX_d_2026.csv", "module": "storage", "funcName": "write_historical_yearly", "lineNo": 77}
{"timestamp": "2026-09-16T05:16:05.773716+00:00", "level": "INFO", "logger": "trade_system.domains.trading.infrastructure.brokers.fyers.client", "message": "Fetched 281 candles for NSE:NIFTY50-INDEX from 2026-09-11 to 2026-09-16", "module": "client", "funcName": "_get_historical_data_impl", "lineNo": 372}
{"timestamp": "2026-09-16T05:16:05.793310+00:00", "level": "INFO", "logger": "trade_system.domains.market_data.infrastructure.data.storage", "message": "Historical yearly dataset saved to data/fo_historical/NSE_NIFTY50-INDEX_3min_2026.csv", "module": "storage", "funcName": "write_historical_yearly", "lineNo": 77}
{"timestamp": "2026-09-16T05:16:06.036197+00:00", "level": "INFO", "logger": "trade_system.domains.trading.infrastructure.brokers.fyers.client", "message": "Fetched 467 candles for NSE:NIFTY50-INDEX from 2026-09-13 to 2026-09-16", "module": "client", "funcName": "_get_historical_data_impl", "lineNo": 372}
{"timestamp": "2026-09-16T05:16:06.047838+00:00", "level": "INFO", "logger": "trade_system.interfaces.live.collector", "message": "Calculated zones for NSE:NIFTY50-INDEX: {'PDH': 23592.85, 'PDL': 23118.6, 'PDC': 23118.6, 'POC': 23337.5, 'VAL': 23250.0, 'VAH': 23525.0}", "module": "collector", "funcName": "_calculate_daily_zones", "lineNo": 1262}
{"timestamp": "2026-09-16T05:16:06.168095+00:00", "level": "INFO", "logger": "trade_system.interfaces.live.collector", "message": "Priming intraday trend for NSE:NIFTY50-INDEX. Replaying 31 bars from today.", "module": "collector", "funcName": "_prime_intraday_supertrend_state", "lineNo": 890}
{"timestamp": "2026-09-16T05:16:06.911123+00:00", "level": "INFO", "logger": "trade_system.interfaces.live.collector", "message": "Supertrend crossover for NSE:NIFTY50-INDEX at 2026-09-16 09:15:00 | trend=1 close=23277.60 st=23142.35", "module": "collector", "funcName": "_check_trend_change", "lineNo": 2053}
{"timestamp": "2026-09-16T05:16:07.597104+00:00", "level": "INFO", "logger": "trade_system.interfaces.live.collector", "message": "Supertrend crossover for NSE:NIFTY50-INDEX at 2026-09-16 09:36:00 | trend=-1 close=23158.20 st=23272.05", "module": "collector", "funcName": "_check_trend_change", "lineNo": 2053}
{"timestamp": "2026-09-16T05:16:08.283324+00:00", "level": "INFO", "logger": "trade_system.interfaces.live.collector", "message": "Supertrend crossover for NSE:NIFTY50-INDEX at 2026-09-16 09:54:00 | trend=1 close=23222.90 st=23104.32", "module": "collector", "funcName": "_check_trend_change", "lineNo": 2053}
{"timestamp": "2026-09-16T05:16:08.354923+00:00", "level": "INFO", "logger": "trade_system.domains.trading.infrastructure.brokers.fyers.client", "message": "Fetched 10 candles for NSE:NIFTY50-INDEX from 2026-09-02 to 2026-09-16", "module": "client", "funcName": "_get_historical_data_impl", "lineNo": 372}
{"timestamp": "2026-09-16T05:16:09.594657+00:00", "level": "INFO", "logger": "trade_system.interfaces.live.collector", "message": "Generated premarket report for NSE:NIFTY50-INDEX (telegram=True)", "module": "collector", "funcName": "_initialize_trading_day", "lineNo": 663}
{"timestamp": "2026-09-16T05:16:09.660520+00:00", "level": "INFO", "logger": "trade_system.domains.trading.infrastructure.brokers.fyers.client", "message": "Fetched 10 candles for NSE:NIFTYBANK-INDEX from 2026-09-02 to 2026-09-16", "module": "client", "funcName": "_get_historical_data_impl", "lineNo": 372}
{"timestamp": "2026-09-16T05:16:09.664426+00:00", "level": "INFO", "logger": "trade_system.domains.market_data.infrastructure.data.storage", "message": "Historical yearly dataset saved to data/fo_historical/NSE_NIFTYBANK-INDEX_d_2026.csv", "module": "storage", "funcName": "write_historical_yearly", "lineNo": 77}
{"timestamp": "2026-09-16T05:16:09.919950+00:00", "level": "INFO", "logger": "trade_system.domains.trading.infrastructure.brokers.fyers.client", "message": "Fetched 281 candles for NSE:NIFTYBANK-INDEX from 2026-09-11 to 2026-09-16", "module": "client", "funcName": "_get_historical_data_impl", "lineNo": 372}
{"timestamp": "2026-09-16T05:16:09.937494+00:00", "level": "INFO", "logger": "trade_system.domains.market_data.infrastructure.data.storage", "message": "Historical yearly dataset saved to data/fo_historical/NSE_NIFTYBANK-INDEX_3min_2026.csv", "module": "storage", "funcName": "write_historical_yearly", "lineNo": 77}
{"timestamp": "2026-09-16T05:16:10.277799+00:00", "level": "INFO", "logger": "trade_system.domains.trading.infrastructure.brokers.fyers.client", "message": "Fetched 467 candles for NSE:NIFTYBANK-INDEX from 2026-09-13 to 2026-09-16", "module": "client", "funcName": "_get_historical_data_impl", "lineNo": 372}
{"timestamp": "2026-09-16T05:16:10.286191+00:00", "level": "INFO", "logger": "trade_system.interfaces.live.collector", "message": "Calculated zones for NSE:NIFTYBANK-INDEX: {'PDH': 56996.35, 'PDL': 55794.75, 'PDC': 55794.75, 'POC': 56172.5, 'VAL': 56050.0, 'VAH': 56740.0}", "module": "collector", "funcName": "_calculate_daily_zones", "lineNo": 1262}
{"timestamp": "2026-09-16T05:16:10.397898+00:00", "level": "INFO", "logger": "trade_system.interfaces.live.collector", "message": "Priming intraday trend for NSE:NIFTYBANK-INDEX. Replaying 31 bars from today.", "module": "collector", "funcName": "_prime_intraday_supertrend_state", "lineNo": 890}
{"timestamp": "2026-09-16T05:16:11.059132+00:00", "level": "INFO", "logger": "trade_system.interfaces.live.collector", "message": "Supertrend crossover for NSE:NIFTYBANK-INDEX at 2026-09-16 09:39:00 | trend=-1 close=55863.95 st=56167.07", "module": "collector", "funcName": "_check_trend_change", "lineNo": 2053}
{"timestamp": "2026-09-16T05:16:11.698873+00:00", "level": "INFO", "logger": "trade_system.domains.advisory.application.agent.live_alert_agent", "message": "Live alert sent: NSE:NIFTYBANK-INDEX_RETEST_Supertrend", "module": "live_alert_agent", "funcName": "_debounce_send", "lineNo": 503}
{"timestamp": "2026-09-16T05:16:11.699012+00:00", "level": "INFO", "logger": "trade_system.interfaces.live.collector", "message": "Supertrend touch for NSE:NIFTYBANK-INDEX at 2026-09-16 10:24:00 | trend=-1 close=56083.30 st=56100.88", "module": "collector", "funcName": "_check_supertrend_touch", "lineNo": 2114}
{"timestamp": "2026-09-16T05:16:12.383831+00:00", "level": "INFO", "logger": "trade_system.interfaces.live.collector", "message": "Supertrend crossover for NSE:NIFTYBANK-INDEX at 2026-09-16 10:27:00 | trend=1 close=56106.10 st=55876.25", "module": "collector", "funcName": "_check_trend_change", "lineNo": 2053}
{"timestamp": "2026-09-16T05:16:12.449597+00:00", "level": "INFO", "logger": "trade_system.domains.trading.infrastructure.brokers.fyers.client", "message": "Fetched 10 candles for NSE:NIFTYBANK-INDEX from 2026-09-02 to 2026-09-16", "module": "client", "funcName": "_get_historical_data_impl", "lineNo": 372}
{"timestamp": "2026-09-16T05:16:13.186407+00:00", "level": "INFO", "logger": "trade_system.interfaces.live.collector", "message": "Generated premarket report for NSE:NIFTYBANK-INDEX (telegram=True)", "module": "collector", "funcName": "_initialize_trading_day", "lineNo": 663}
{"timestamp": "2026-09-16T05:16:13.290120+00:00", "level": "INFO", "logger": "trade_system.domains.trading.infrastructure.brokers.fyers.client", "message": "Fetched 10 candles for BSE:SENSEX-INDEX from 2026-09-02 to 2026-09-16", "module": "client", "funcName": "_get_historical_data_impl", "lineNo": 372}
{"timestamp": "2026-09-16T05:16:13.295091+00:00", "level": "INFO", "logger": "trade_system.domains.market_data.infrastructure.data.storage", "message": "Historical yearly dataset saved to data/fo_historical/BSE_SENSEX-INDEX_d_2026.csv", "module": "storage", "funcName": "write_historical_yearly", "lineNo": 77}
{"timestamp": "2026-09-16T05:16:13.524485+00:00", "level": "INFO", "logger": "trade_system.domains.trading.infrastructure.brokers.fyers.client", "message": "Fetched 281 candles for BSE:SENSEX-INDEX from 2026-09-11 to 2026-09-16", "module": "client", "funcName": "_get_historical_data_impl", "lineNo": 372}
{"timestamp": "2026-09-16T05:16:13.542435+00:00", "level": "INFO", "logger": "trade_system.domains.market_data.infrastructure.data.storage", "message": "Historical yearly dataset saved to data/fo_historical/BSE_SENSEX-INDEX_3min_2026.csv", "module": "storage", "funcName": "write_historical_yearly", "lineNo": 77}
{"timestamp": "2026-09-16T05:16:13.760705+00:00", "level": "INFO", "logger": "trade_system.domains.trading.infrastructure.brokers.fyers.client", "message": "Fetched 467 candles for BSE:SENSEX-INDEX from 2026-09-13 to 2026-09-16", "module": "client", "funcName": "_get_historical_data_impl", "lineNo": 372}
{"timestamp": "2026-09-16T05:16:13.769057+00:00", "level": "INFO", "logger": "trade_system.interfaces.live.collector", "message": "Calculated zones for BSE:SENSEX-INDEX: {'PDH': 75436.44, 'PDL': 73994.03, 'PDC': 74003.82, 'POC': 74257.5, 'VAL': 73990.0, 'VAH': 74880.0}", "module": "collector", "funcName": "_calculate_daily_zones", "lineNo": 1262}
{"timestamp": "2026-09-16T05:16:13.881527+00:00", "level": "INFO", "logger": "trade_system.interfaces.live.collector", "message": "Priming intraday trend for BSE:SENSEX-INDEX. Replaying 31 bars from today.", "module": "collector", "funcName": "_prime_intraday_supertrend_state", "lineNo": 890}
{"timestamp": "2026-09-16T05:16:14.556449+00:00", "level": "INFO", "logger": "trade_system.interfaces.live.collector", "message": "Supertrend crossover for BSE:SENSEX-INDEX at 2026-09-16 09:15:00 | trend=1 close=74484.39 st=74088.62", "module": "collector", "funcName": "_check_trend_change", "lineNo": 2053}
{"timestamp": "2026-09-16T05:16:15.220782+00:00", "level": "INFO", "logger": "trade_system.domains.advisory.application.agent.live_alert_agent", "message": "Live alert sent: BSE:SENSEX-INDEX_RETEST_Supertrend", "module": "live_alert_agent", "funcName": "_debounce_send", "lineNo": 503}
{"timestamp": "2026-09-16T05:16:15.221491+00:00", "level": "INFO", "logger": "trade_system.interfaces.live.collector", "message": "Supertrend touch for BSE:SENSEX-INDEX at 2026-09-16 09:36:00 | trend=1 close=74116.93 st=74108.82", "module": "collector", "funcName": "_check_supertrend_touch", "lineNo": 2114}
{"timestamp": "2026-09-16T05:16:15.903388+00:00", "level": "INFO", "logger": "trade_system.interfaces.live.collector", "message": "Supertrend crossover for BSE:SENSEX-INDEX at 2026-09-16 09:39:00 | trend=-1 close=74057.96 st=74388.92", "module": "collector", "funcName": "_check_trend_change", "lineNo": 2053}
{"timestamp": "2026-09-16T05:16:16.591121+00:00", "level": "INFO", "logger": "trade_system.interfaces.live.collector", "message": "Supertrend crossover for BSE:SENSEX-INDEX at 2026-09-16 09:54:00 | trend=1 close=74346.55 st=73969.45", "module": "collector", "funcName": "_check_trend_change", "lineNo": 2053}
{"timestamp": "2026-09-16T05:16:16.665463+00:00", "level": "INFO", "logger": "trade_system.domains.trading.infrastructure.brokers.fyers.client", "message": "Fetched 10 candles for BSE:SENSEX-INDEX from 2026-09-02 to 2026-09-16", "module": "client", "funcName": "_get_historical_data_impl", "lineNo": 372}
{"timestamp": "2026-09-16T05:16:17.379999+00:00", "level": "INFO", "logger": "trade_system.interfaces.live.collector", "message": "Generated premarket report for BSE:SENSEX-INDEX (telegram=True)", "module": "collector", "funcName": "_initialize_trading_day", "lineNo": 663}
{"timestamp": "2026-09-16T05:16:22.392684+00:00", "level": "INFO", "logger": "trade_system.interfaces.live.health_server", "message": "Health server started on 0.0.0.0:9090", "module": "health_server", "funcName": "start_health_server", "lineNo": 104}
/opt/anaconda3/lib/python3.11/site-packages/fyers_apiv3/FyersWebsocket/data_ws.py:7: UserWarning: pkg_resources is deprecated as an API. See https://setuptools.pypa.io/en/latest/pkg_resources.html. The pkg_resources package is slated for removal as early as 2025-11-30. Refrain from using this package or pin to Setuptools<81.
  from pkg_resources import resource_filename
{"timestamp": "2026-09-16T05:16:23.303283+00:00", "level": "INFO", "logger": "trade_system.interfaces.live.collector", "message": "Starting live Intraday Sector Breakout Screener loop (5m interval).", "module": "collector", "funcName": "_breakout_loop", "lineNo": 2325}
{"timestamp": "2026-09-16T05:16:23.304215+00:00", "level": "INFO", "logger": "trade_system.interfaces.live.collector", "message": "Starting Intraday Option Edge pipeline loop (5m interval).", "module": "collector", "funcName": "_option_edge_loop", "lineNo": 2402}
{"timestamp": "2026-09-16T05:16:23.304779+00:00", "level": "INFO", "logger": "trade_system.domains.analysis.application.analysis.breakout_screener", "message": "Starting Intraday Sector Breakout/Breakdown Scan...", "module": "breakout_screener", "funcName": "scan_for_breakouts", "lineNo": 61}
{"timestamp": "2026-09-16T05:16:23.308366+00:00", "level": "INFO", "logger": "trade_system.domains.analysis.application.analysis.intraday_option_edge", "message": "IOE Pipeline Stage 1: Universe shortlisting...", "module": "intraday_option_edge", "funcName": "scan", "lineNo": 155}
{"timestamp": "2026-09-16T05:16:23.452342+00:00", "level": "INFO", "logger": "websocket", "message": "Websocket connected", "module": "_logging", "funcName": "info", "lineNo": 76}
{"timestamp": "2026-09-16T05:16:23.614380+00:00", "level": "INFO", "logger": "trade_system.domains.analysis.application.analysis.fo_intraday_shortlist", "message": "Running FOIntradayShortlist for 2026-09-16", "module": "fo_intraday_shortlist", "funcName": "shortlist", "lineNo": 111}
{"timestamp": "2026-09-16T05:16:23.633985+00:00", "level": "INFO", "logger": "trade_system.interfaces.live.collector", "message": "Option-chain snapshot saved to data/option_chain_data/NIFTY50_strikes_20260916.csv", "module": "collector", "funcName": "_save_option_chain_snapshot", "lineNo": 2581}
{"timestamp": "2026-09-16T05:16:23.766675+00:00", "level": "INFO", "logger": "trade_system.domains.analysis.application.analysis.breakout_screener", "message": "Scanning data for date: 2026-09-16", "module": "breakout_screener", "funcName": "scan_for_breakouts", "lineNo": 106}
{"timestamp": "2026-09-16T05:16:25.306216+00:00", "level": "INFO", "logger": "trade_system.interfaces.live.collector", "message": "Websocket connected. Subscribing to ['NSE:NIFTY50-INDEX', 'NSE:NIFTYBANK-INDEX', 'BSE:SENSEX-INDEX']", "module": "collector", "funcName": "on_open", "lineNo": 474}
{"timestamp": "2026-09-16T05:16:29.413703+00:00", "level": "INFO", "logger": "trade_system.interfaces.live.collector", "message": "Option-chain snapshot saved to data/option_chain_data/NIFTYBANK_strikes_20260916.csv", "module": "collector", "funcName": "_save_option_chain_snapshot", "lineNo": 2581}
{"timestamp": "2026-09-16T05:16:34.625664+00:00", "level": "INFO", "logger": "trade_system.domains.analysis.application.analysis.fo_intraday_shortlist", "message": "Shortlisted 25/207 stocks (Leaders: 3, Laggards: 3)", "module": "fo_intraday_shortlist", "funcName": "shortlist", "lineNo": 225}
{"timestamp": "2026-09-16T05:16:34.628036+00:00", "level": "INFO", "logger": "trade_system.domains.analysis.application.analysis.intraday_option_edge", "message": "IOE Pipeline: 25 stocks shortlisted.", "module": "intraday_option_edge", "funcName": "scan", "lineNo": 161}
{"timestamp": "2026-09-16T05:16:34.628323+00:00", "level": "INFO", "logger": "trade_system.domains.analysis.application.analysis.intraday_option_edge", "message": "IOE Pipeline Stage 2: Regime detection...", "module": "intraday_option_edge", "funcName": "scan", "lineNo": 164}
{"timestamp": "2026-09-16T05:16:34.641125+00:00", "level": "INFO", "logger": "trade_system.domains.analysis.application.analysis.intraday_option_edge", "message": "IOE Pipeline: Regime = \u2696\ufe0f NEUTRAL (threshold: 60)", "module": "intraday_option_edge", "funcName": "scan", "lineNo": 166}
{"timestamp": "2026-09-16T05:16:34.641429+00:00", "level": "INFO", "logger": "trade_system.domains.analysis.application.analysis.intraday_option_edge", "message": "IOE Pipeline Stage 3: Edge scoring...", "module": "intraday_option_edge", "funcName": "scan", "lineNo": 169}
{"timestamp": "2026-09-16T05:16:34.799606+00:00", "level": "INFO", "logger": "trade_system.domains.analysis.application.analysis.breakout_screener", "message": "Leading Sectors (Long): ['FMCG', 'BANKING', 'CEMENT']", "module": "breakout_screener", "funcName": "scan_for_breakouts", "lineNo": 164}
{"timestamp": "2026-09-16T05:16:34.799920+00:00", "level": "INFO", "logger": "trade_system.domains.analysis.application.analysis.breakout_screener", "message": "Lagging Sectors (Short): ['CAPITAL_GOODS', 'CHEMICALS', 'INFRA']", "module": "breakout_screener", "funcName": "scan_for_breakouts", "lineNo": 165}
{"timestamp": "2026-09-16T05:16:34.812376+00:00", "level": "INFO", "logger": "trade_system.domains.analysis.application.analysis.breakout_screener", "message": "Loaded 11 consolidation watchlists for 2026-09-16", "module": "breakout_screener", "funcName": "scan_for_breakouts", "lineNo": 185}
{"timestamp": "2026-09-16T05:16:35.348622+00:00", "level": "INFO", "logger": "trade_system.interfaces.live.collector", "message": "Option-chain snapshot saved to data/option_chain_data/SENSEX_strikes_20260916.csv", "module": "collector", "funcName": "_save_option_chain_snapshot", "lineNo": 2581}
{"timestamp": "2026-09-16T05:16:48.980973+00:00", "level": "INFO", "logger": "trade_system.domains.analysis.application.analysis.breakout_screener", "message": "Scan complete. Found 184 alerts (ORB: 4, ST_Flip: 4, ST_Touch: 8).", "module": "breakout_screener", "funcName": "scan_for_breakouts", "lineNo": 858}
{"timestamp": "2026-09-16T05:17:00.209936+00:00", "level": "INFO", "logger": "trade_system.domains.trading.infrastructure.brokers.fyers.client", "message": "Fetched 93 candles for NSE:NIFTY50-INDEX from 2026-09-16 to 2026-09-16", "module": "client", "funcName": "_get_historical_data_impl", "lineNo": 372}
{"timestamp": "2026-09-16T05:17:00.280946+00:00", "level": "INFO", "logger": "trade_system.domains.market_data.infrastructure.data.storage", "message": "Wrote 1 rows to data/fo_historical/NSE_NIFTY50-INDEX_1min_2026-09-16.csv", "module": "storage", "funcName": "append_frame", "lineNo": 43}
{"timestamp": "2026-09-16T05:17:00.524407+00:00", "level": "INFO", "logger": "trade_system.domains.market_data.infrastructure.data.storage", "message": "Wrote 1 rows to data/fo_historical/NSE_NIFTY50-INDEX_1min_2026-09-16.csv", "module": "storage", "funcName": "append_frame", "lineNo": 43}
{"timestamp": "2026-09-16T05:17:01.030493+00:00", "level": "INFO", "logger": "trade_system.domains.trading.infrastructure.brokers.fyers.client", "message": "Fetched 93 candles for NSE:NIFTYBANK-INDEX from 2026-09-16 to 2026-09-16", "module": "client", "funcName": "_get_historical_data_impl", "lineNo": 372}
{"timestamp": "2026-09-16T05:17:01.090624+00:00", "level": "INFO", "logger": "trade_system.domains.market_data.infrastructure.data.storage", "message": "Wrote 1 rows to data/fo_historical/NSE_NIFTYBANK-INDEX_1min_2026-09-16.csv", "module": "storage", "funcName": "append_frame", "lineNo": 43}
{"timestamp": "2026-09-16T05:17:01.305591+00:00", "level": "INFO", "logger": "trade_system.domains.market_data.infrastructure.data.storage", "message": "Wrote 1 rows to data/fo_historical/NSE_NIFTYBANK-INDEX_1min_2026-09-16.csv", "module": "storage", "funcName": "append_frame", "lineNo": 43}
{"timestamp": "2026-09-16T05:17:02.633933+00:00", "level": "INFO", "logger": "trade_system.domains.advisory.application.agent.live_alert_agent", "message": "Live alert sent: NSE:NIFTYBANK-INDEX_OB", "module": "live_alert_agent", "funcName": "_debounce_send", "lineNo": 503}
{"timestamp": "2026-09-16T05:17:02.734495+00:00", "level": "INFO", "logger": "trade_system.interfaces.live.pipelines.sr_pipeline", "message": "[NIFTY50] Zone proximity: VAL @ \u20b923250.00 | Price: \u20b923247.85 (at/below)", "module": "sr_pipeline", "funcName": "on_tick", "lineNo": 268}
{"timestamp": "2026-09-16T05:17:02.752415+00:00", "level": "INFO", "logger": "trade_system.interfaces.live.pipelines.sr_pipeline", "message": "[NIFTYBANK] Zone proximity: POC @ \u20b956172.50 | Price: \u20b956220.00 (above)", "module": "sr_pipeline", "funcName": "on_tick", "lineNo": 268}
{"timestamp": "2026-09-16T05:17:02.999120+00:00", "level": "INFO", "logger": "trade_system.domains.trading.infrastructure.brokers.fyers.client", "message": "Fetched 93 candles for BSE:SENSEX-INDEX from 2026-09-16 to 2026-09-16", "module": "client", "funcName": "_get_historical_data_impl", "lineNo": 372}
{"timestamp": "2026-09-16T05:17:03.032373+00:00", "level": "INFO", "logger": "trade_system.domains.market_data.infrastructure.data.storage", "message": "Wrote 1 rows to data/fo_historical/BSE_SENSEX-INDEX_1min_2026-09-16.csv", "module": "storage", "funcName": "append_frame", "lineNo": 43}
{"timestamp": "2026-09-16T05:17:03.340054+00:00", "level": "INFO", "logger": "trade_system.domains.market_data.infrastructure.data.storage", "message": "Wrote 1 rows to data/fo_historical/BSE_SENSEX-INDEX_1min_2026-09-16.csv", "module": "storage", "funcName": "append_frame", "lineNo": 43}
{"timestamp": "2026-09-16T05:17:25.355453+00:00", "level": "INFO", "logger": "trade_system.domains.analysis.application.analysis.intraday_option_edge", "message": "IOE Pipeline: 24 stocks passed regime-adjusted threshold (60)", "module": "intraday_option_edge", "funcName": "scan", "lineNo": 190}
{"timestamp": "2026-09-16T05:17:25.357759+00:00", "level": "INFO", "logger": "trade_system.domains.analysis.application.analysis.intraday_option_edge", "message": "IOE Pipeline: Fetching 15m data for entry trigger evaluation...", "module": "intraday_option_edge", "funcName": "scan", "lineNo": 201}
{"timestamp": "2026-09-16T05:17:25.631613+00:00", "level": "INFO", "logger": "trade_system.domains.analysis.application.analysis.intraday_option_edge", "message": "IOE Pipeline Stage 4+5: Entry triggers & option selection...", "module": "intraday_option_edge", "funcName": "scan", "lineNo": 221}
{"timestamp": "2026-09-16T05:17:26.591626+00:00", "level": "INFO", "logger": "trade_system.domains.analysis.application.analysis.intraday_option_edge", "message": "IOE Pipeline: Returning 3 actionable alerts.", "module": "intraday_option_edge", "funcName": "scan", "lineNo": 293}
{"timestamp": "2026-09-16T05:17:28.608154+00:00", "level": "INFO", "logger": "trade_system.interfaces.live.collector", "message": "Sent 3 Intraday Option Edge alerts.", "module": "collector", "funcName": "_send_option_edge_alerts", "lineNo": 2443}
{"timestamp": "2026-09-16T05:17:32.754184+00:00", "level": "INFO", "logger": "trade_system.interfaces.live.pipelines.sr_pipeline", "message": "[SENSEX] Zone proximity: POC @ \u20b974257.50 | Price: \u20b974403.04 (above)", "module": "sr_pipeline", "funcName": "on_tick", "lineNo": 268}
{"timestamp": "2026-09-16T05:18:00.027362+00:00", "level": "INFO", "logger": "trade_system.domains.market_data.infrastructure.data.storage", "message": "Wrote 1 rows to data/fo_historical/NSE_NIFTYBANK-INDEX_1min_2026-09-16.csv", "module": "storage", "funcName": "append_frame", "lineNo": 43}
{"timestamp": "2026-09-16T05:18:00.058949+00:00", "level": "INFO", "logger": "trade_system.domains.market_data.infrastructure.data.storage", "message": "Wrote 1 rows to data/fo_historical/NSE_NIFTYBANK-INDEX_1min_2026-09-16.csv", "module": "storage", "funcName": "append_frame", "lineNo": 43}
{"timestamp": "2026-09-16T05:18:00.153709+00:00", "level": "INFO", "logger": "trade_system.domains.market_data.infrastructure.data.storage", "message": "Wrote 1 rows to data/fo_historical/NSE_NIFTY50-INDEX_1min_2026-09-16.csv", "module": "storage", "funcName": "append_frame", "lineNo": 43}
{"timestamp": "2026-09-16T05:18:00.180169+00:00", "level": "INFO", "logger": "trade_system.domains.market_data.infrastructure.data.storage", "message": "Wrote 1 rows to data/fo_historical/NSE_NIFTY50-INDEX_1min_2026-09-16.csv", "module": "storage", "funcName": "append_frame", "lineNo": 43}
{"timestamp": "2026-09-16T05:18:00.904244+00:00", "level": "INFO", "logger": "trade_system.domains.advisory.application.agent.live_alert_agent", "message": "Live alert sent: NSE:NIFTY50-INDEX_OB", "module": "live_alert_agent", "funcName": "_debounce_send", "lineNo": 503}
{"timestamp": "2026-09-16T05:18:00.929871+00:00", "level": "INFO", "logger": "trade_system.domains.market_data.infrastructure.data.storage", "message": "Wrote 1 rows to data/fo_historical/BSE_SENSEX-INDEX_1min_2026-09-16.csv", "module": "storage", "funcName": "append_frame", "lineNo": 43}
{"timestamp": "2026-09-16T05:18:00.954764+00:00", "level": "INFO", "logger": "trade_system.domains.market_data.infrastructure.data.storage", "message": "Wrote 1 rows to data/fo_historical/BSE_SENSEX-INDEX_1min_2026-09-16.csv", "module": "storage", "funcName": "append_frame", "lineNo": 43}
{"timestamp": "2026-09-16T05:18:01.671147+00:00", "level": "INFO", "logger": "trade_system.domains.advisory.application.agent.live_alert_agent", "message": "Live alert sent: BSE:SENSEX-INDEX_OB", "module": "live_alert_agent", "funcName": "_debounce_send", "lineNo": 503}
{"timestamp": "2026-09-16T05:19:00.096712+00:00", "level": "INFO", "logger": "trade_system.domains.trading.infrastructure.brokers.fyers.client", "message": "Fetched 95 candles for NSE:NIFTY50-INDEX from 2026-09-16 to 2026-09-16", "module": "client", "funcName": "_get_historical_data_impl", "lineNo": 372}
{"timestamp": "2026-09-16T05:19:00.104856+00:00", "level": "INFO", "logger": "trade_system.domains.market_data.infrastructure.data.storage", "message": "Wrote 1 rows to data/fo_historical/NSE_NIFTY50-INDEX_1min_2026-09-16.csv", "module": "storage", "funcName": "append_frame", "lineNo": 43}
{"timestamp": "2026-09-16T05:19:00.137094+00:00", "level": "INFO", "logger": "trade_system.domains.market_data.infrastructure.data.storage", "message": "Wrote 1 rows to data/fo_historical/NSE_NIFTY50-INDEX_1min_2026-09-16.csv", "module": "storage", "funcName": "append_frame", "lineNo": 43}
{"timestamp": "2026-09-16T05:19:00.344605+00:00", "level": "INFO", "logger": "trade_system.domains.trading.infrastructure.brokers.fyers.client", "message": "Fetched 95 candles for NSE:NIFTYBANK-INDEX from 2026-09-16 to 2026-09-16", "module": "client", "funcName": "_get_historical_data_impl", "lineNo": 372}
{"timestamp": "2026-09-16T05:19:00.348950+00:00", "level": "INFO", "logger": "trade_system.domains.market_data.infrastructure.data.storage", "message": "Wrote 1 rows to data/fo_historical/NSE_NIFTYBANK-INDEX_1min_2026-09-16.csv", "module": "storage", "funcName": "append_frame", "lineNo": 43}
{"timestamp": "2026-09-16T05:19:00.375925+00:00", "level": "INFO", "logger": "trade_system.domains.market_data.infrastructure.data.storage", "message": "Wrote 1 rows to data/fo_historical/NSE_NIFTYBANK-INDEX_1min_2026-09-16.csv", "module": "storage", "funcName": "append_frame", "lineNo": 43}
{"timestamp": "2026-09-16T05:19:00.924526+00:00", "level": "INFO", "logger": "trade_system.domains.trading.infrastructure.brokers.fyers.client", "message": "Fetched 95 candles for BSE:SENSEX-INDEX from 2026-09-16 to 2026-09-16", "module": "client", "funcName": "_get_historical_data_impl", "lineNo": 372}
{"timestamp": "2026-09-16T05:19:00.928439+00:00", "level": "INFO", "logger": "trade_system.domains.market_data.infrastructure.data.storage", "message": "Wrote 1 rows to data/fo_historical/BSE_SENSEX-INDEX_1min_2026-09-16.csv", "module": "storage", "funcName": "append_frame", "lineNo": 43}
{"timestamp": "2026-09-16T05:19:00.955649+00:00", "level": "INFO", "logger": "trade_system.domains.market_data.infrastructure.data.storage", "message": "Wrote 1 rows to data/fo_historical/BSE_SENSEX-INDEX_1min_2026-09-16.csv", "module": "storage", "funcName": "append_frame", "lineNo": 43}
{"timestamp": "2026-09-16T05:19:40.736055+00:00", "level": "INFO", "logger": "trade_system.interfaces.live.collector", "message": "Option-chain snapshot saved to data/option_chain_data/NIFTY50_strikes_20260916.csv", "module": "collector", "funcName": "_save_option_chain_snapshot", "lineNo": 2581}
{"timestamp": "2026-09-16T05:19:46.049024+00:00", "level": "INFO", "logger": "trade_system.interfaces.live.collector", "message": "Option-chain snapshot saved to data/option_chain_data/NIFTYBANK_strikes_20260916.csv", "module": "collector", "funcName": "_save_option_chain_snapshot", "lineNo": 2581}
{"timestamp": "2026-09-16T05:19:51.285596+00:00", "level": "INFO", "logger": "trade_system.interfaces.live.collector", "message": "Option-chain snapshot saved to data/option_chain_data/SENSEX_strikes_20260916.csv", "module": "collector", "funcName": "_save_option_chain_snapshot", "lineNo": 2581}
{"timestamp": "2026-09-16T05:20:00.024096+00:00", "level": "INFO", "logger": "trade_system.domains.market_data.infrastructure.data.storage", "message": "Wrote 1 rows to data/fo_historical/NSE_NIFTYBANK-INDEX_1min_2026-09-16.csv", "module": "storage", "funcName": "append_frame", "lineNo": 43}
{"timestamp": "2026-09-16T05:20:00.057459+00:00", "level": "INFO", "logger": "trade_system.domains.market_data.infrastructure.data.storage", "message": "Wrote 1 rows to data/fo_historical/NSE_NIFTYBANK-INDEX_1min_2026-09-16.csv", "module": "storage", "funcName": "append_frame", "lineNo": 43}
{"timestamp": "2026-09-16T05:20:00.152725+00:00", "level": "INFO", "logger": "trade_system.domains.market_data.infrastructure.data.storage", "message": "Wrote 1 rows to data/fo_historical/NSE_NIFTY50-INDEX_1min_2026-09-16.csv", "module": "storage", "funcName": "append_frame", "lineNo": 43}
{"timestamp": "2026-09-16T05:20:00.178179+00:00", "level": "INFO", "logger": "trade_system.domains.market_data.infrastructure.data.storage", "message": "Wrote 1 rows to data/fo_historical/NSE_NIFTY50-INDEX_1min_2026-09-16.csv", "module": "storage", "funcName": "append_frame", "lineNo": 43}
{"timestamp": "2026-09-16T05:20:00.956772+00:00", "level": "INFO", "logger": "trade_system.domains.market_data.infrastructure.data.storage", "message": "Wrote 1 rows to data/fo_historical/BSE_SENSEX-INDEX_1min_2026-09-16.csv", "module": "storage", "funcName": "append_frame", "lineNo": 43}
{"timestamp": "2026-09-16T05:20:00.981886+00:00", "level": "INFO", "logger": "trade_system.domains.market_data.infrastructure.data.storage", "message": "Wrote 1 rows to data/fo_historical/BSE_SENSEX-INDEX_1min_2026-09-16.csv", "module": "storage", "funcName": "append_frame", "lineNo": 43}
{"timestamp": "2026-09-16T05:21:00.080700+00:00", "level": "INFO", "logger": "trade_system.domains.trading.infrastructure.brokers.fyers.client", "message": "Fetched 97 candles for NSE:NIFTY50-INDEX from 2026-09-16 to 2026-09-16", "module": "client", "funcName": "_get_historical_data_impl", "lineNo": 372}
{"timestamp": "2026-09-16T05:21:00.087524+00:00", "level": "INFO", "logger": "trade_system.domains.market_data.infrastructure.data.storage", "message": "Wrote 1 rows to data/fo_historical/NSE_NIFTY50-INDEX_1min_2026-09-16.csv", "module": "storage", "funcName": "append_frame", "lineNo": 43}
{"timestamp": "2026-09-16T05:21:00.116100+00:00", "level": "INFO", "logger": "trade_system.domains.market_data.infrastructure.data.storage", "message": "Wrote 1 rows to data/fo_historical/NSE_NIFTY50-INDEX_1min_2026-09-16.csv", "module": "storage", "funcName": "append_frame", "lineNo": 43}
{"timestamp": "2026-09-16T05:21:00.369445+00:00", "level": "INFO", "logger": "trade_system.domains.trading.infrastructure.brokers.fyers.client", "message": "Fetched 97 candles for NSE:NIFTYBANK-INDEX from 2026-09-16 to 2026-09-16", "module": "client", "funcName": "_get_historical_data_impl", "lineNo": 372}
{"timestamp": "2026-09-16T05:21:00.374449+00:00", "level": "INFO", "logger": "trade_system.domains.market_data.infrastructure.data.storage", "message": "Wrote 1 rows to data/fo_historical/NSE_NIFTYBANK-INDEX_1min_2026-09-16.csv", "module": "storage", "funcName": "append_frame", "lineNo": 43}
{"timestamp": "2026-09-16T05:21:00.400617+00:00", "level": "INFO", "logger": "trade_system.domains.market_data.infrastructure.data.storage", "message": "Wrote 1 rows to data/fo_historical/NSE_NIFTYBANK-INDEX_1min_2026-09-16.csv", "module": "storage", "funcName": "append_frame", "lineNo": 43}
{"timestamp": "2026-09-16T05:21:01.032137+00:00", "level": "INFO", "logger": "trade_system.domains.trading.infrastructure.brokers.fyers.client", "message": "Fetched 97 candles for BSE:SENSEX-INDEX from 2026-09-16 to 2026-09-16", "module": "client", "funcName": "_get_historical_data_impl", "lineNo": 372}
{"timestamp": "2026-09-16T05:21:01.036237+00:00", "level": "INFO", "logger": "trade_system.domains.market_data.infrastructure.data.storage", "message": "Wrote 1 rows to data/fo_historical/BSE_SENSEX-INDEX_1min_2026-09-16.csv", "module": "storage", "funcName": "append_frame", "lineNo": 43}
{"timestamp": "2026-09-16T05:21:01.064978+00:00", "level": "INFO", "logger": "trade_system.domains.market_data.infrastructure.data.storage", "message": "Wrote 1 rows to data/fo_historical/BSE_SENSEX-INDEX_1min_2026-09-16.csv", "module": "storage", "funcName": "append_frame", "lineNo": 43}
{"timestamp": "2026-09-16T05:21:48.991992+00:00", "level": "INFO", "logger": "trade_system.domains.analysis.application.analysis.breakout_screener", "message": "Starting Intraday Sector Breakout/Breakdown Scan...", "module": "breakout_screener", "funcName": "scan_for_breakouts", "lineNo": 61}
{"timestamp": "2026-09-16T05:21:49.162234+00:00", "level": "INFO", "logger": "trade_system.domains.analysis.application.analysis.breakout_screener", "message": "Scanning data for date: 2026-09-16", "module": "breakout_screener", "funcName": "scan_for_breakouts", "lineNo": 106}
{"timestamp": "2026-09-16T05:21:49.421352+00:00", "level": "INFO", "logger": "trade_system.domains.analysis.application.analysis.breakout_screener", "message": "Leading Sectors (Long): ['FMCG', 'BANKING', 'CEMENT']", "module": "breakout_screener", "funcName": "scan_for_breakouts", "lineNo": 164}
{"timestamp": "2026-09-16T05:21:49.421527+00:00", "level": "INFO", "logger": "trade_system.domains.analysis.application.analysis.breakout_screener", "message": "Lagging Sectors (Short): ['CAPITAL_GOODS', 'CHEMICALS', 'INFRA']", "module": "breakout_screener", "funcName": "scan_for_breakouts", "lineNo": 165}
{"timestamp": "2026-09-16T05:21:49.431236+00:00", "level": "INFO", "logger": "trade_system.domains.analysis.application.analysis.breakout_screener", "message": "Loaded 11 consolidation watchlists for 2026-09-16", "module": "breakout_screener", "funcName": "scan_for_breakouts", "lineNo": 185}
{"timestamp": "2026-09-16T05:22:00.205917+00:00", "level": "INFO", "logger": "trade_system.domains.market_data.infrastructure.data.storage", "message": "Wrote 1 rows to data/fo_historical/NSE_NIFTY50-INDEX_1min_2026-09-16.csv", "module": "storage", "funcName": "append_frame", "lineNo": 43}
{"timestamp": "2026-09-16T05:22:00.463718+00:00", "level": "INFO", "logger": "trade_system.domains.market_data.infrastructure.data.storage", "message": "Wrote 1 rows to data/fo_historical/NSE_NIFTY50-INDEX_1min_2026-09-16.csv", "module": "storage", "funcName": "append_frame", "lineNo": 43}
{"timestamp": "2026-09-16T05:22:00.940552+00:00", "level": "INFO", "logger": "trade_system.domains.market_data.infrastructure.data.storage", "message": "Wrote 1 rows to data/fo_historical/NSE_NIFTYBANK-INDEX_1min_2026-09-16.csv", "module": "storage", "funcName": "append_frame", "lineNo": 43}
{"timestamp": "2026-09-16T05:22:01.356125+00:00", "level": "INFO", "logger": "trade_system.domains.market_data.infrastructure.data.storage", "message": "Wrote 1 rows to data/fo_historical/NSE_NIFTYBANK-INDEX_1min_2026-09-16.csv", "module": "storage", "funcName": "append_frame", "lineNo": 43}
{"timestamp": "2026-09-16T05:22:01.884285+00:00", "level": "INFO", "logger": "trade_system.domains.market_data.infrastructure.data.storage", "message": "Wrote 1 rows to data/fo_historical/BSE_SENSEX-INDEX_1min_2026-09-16.csv", "module": "storage", "funcName": "append_frame", "lineNo": 43}
{"timestamp": "2026-09-16T05:22:02.228969+00:00", "level": "INFO", "logger": "trade_system.domains.market_data.infrastructure.data.storage", "message": "Wrote 1 rows to data/fo_historical/BSE_SENSEX-INDEX_1min_2026-09-16.csv", "module": "storage", "funcName": "append_frame", "lineNo": 43}
{"timestamp": "2026-09-16T05:22:03.461324+00:00", "level": "INFO", "logger": "trade_system.domains.analysis.application.analysis.breakout_screener", "message": "Scan complete. Found 184 alerts (ORB: 4, ST_Flip: 4, ST_Touch: 8).", "module": "breakout_screener", "funcName": "scan_for_breakouts", "lineNo": 858}
{"timestamp": "2026-09-16T05:22:28.613995+00:00", "level": "INFO", "logger": "trade_system.domains.analysis.application.analysis.intraday_option_edge", "message": "IOE Pipeline Stage 1: Universe shortlisting...", "module": "intraday_option_edge", "funcName": "scan", "lineNo": 155}
{"timestamp": "2026-09-16T05:22:28.734990+00:00", "level": "INFO", "logger": "trade_system.domains.analysis.application.analysis.fo_intraday_shortlist", "message": "Running FOIntradayShortlist for 2026-09-16", "module": "fo_intraday_shortlist", "funcName": "shortlist", "lineNo": 111}
{"timestamp": "2026-09-16T05:22:39.265063+00:00", "level": "INFO", "logger": "trade_system.domains.analysis.application.analysis.fo_intraday_shortlist", "message": "Shortlisted 25/207 stocks (Leaders: 3, Laggards: 3)", "module": "fo_intraday_shortlist", "funcName": "shortlist", "lineNo": 225}
{"timestamp": "2026-09-16T05:22:39.268222+00:00", "level": "INFO", "logger": "trade_system.domains.analysis.application.analysis.intraday_option_edge", "message": "IOE Pipeline: 25 stocks shortlisted.", "module": "intraday_option_edge", "funcName": "scan", "lineNo": 161}
{"timestamp": "2026-09-16T05:22:39.268363+00:00", "level": "INFO", "logger": "trade_system.domains.analysis.application.analysis.intraday_option_edge", "message": "IOE Pipeline Stage 2: Regime detection...", "module": "intraday_option_edge", "funcName": "scan", "lineNo": 164}
{"timestamp": "2026-09-16T05:22:39.276758+00:00", "level": "INFO", "logger": "trade_system.domains.analysis.application.analysis.intraday_option_edge", "message": "IOE Pipeline: Regime = \u2696\ufe0f NEUTRAL (threshold: 60)", "module": "intraday_option_edge", "funcName": "scan", "lineNo": 166}
{"timestamp": "2026-09-16T05:22:39.276859+00:00", "level": "INFO", "logger": "trade_system.domains.analysis.application.analysis.intraday_option_edge", "message": "IOE Pipeline Stage 3: Edge scoring...", "module": "intraday_option_edge", "funcName": "scan", "lineNo": 169}
{"timestamp": "2026-09-16T05:22:57.090927+00:00", "level": "INFO", "logger": "trade_system.interfaces.live.collector", "message": "Option-chain snapshot saved to data/option_chain_data/NIFTY50_strikes_20260916.csv", "module": "collector", "funcName": "_save_option_chain_snapshot", "lineNo": 2581}
{"timestamp": "2026-09-16T05:23:00.212913+00:00", "level": "INFO", "logger": "trade_system.domains.trading.infrastructure.brokers.fyers.client", "message": "Fetched 99 candles for NSE:NIFTY50-INDEX from 2026-09-16 to 2026-09-16", "module": "client", "funcName": "_get_historical_data_impl", "lineNo": 372}
{"timestamp": "2026-09-16T05:23:00.303145+00:00", "level": "INFO", "logger": "trade_system.domains.market_data.infrastructure.data.storage", "message": "Wrote 1 rows to data/fo_historical/NSE_NIFTY50-INDEX_1min_2026-09-16.csv", "module": "storage", "funcName": "append_frame", "lineNo": 43}
{"timestamp": "2026-09-16T05:23:00.582712+00:00", "level": "INFO", "logger": "trade_system.domains.market_data.infrastructure.data.storage", "message": "Wrote 1 rows to data/fo_historical/NSE_NIFTY50-INDEX_1min_2026-09-16.csv", "module": "storage", "funcName": "append_frame", "lineNo": 43}
{"timestamp": "2026-09-16T05:23:01.173024+00:00", "level": "INFO", "logger": "trade_system.domains.trading.infrastructure.brokers.fyers.client", "message": "Fetched 99 candles for BSE:SENSEX-INDEX from 2026-09-16 to 2026-09-16", "module": "client", "funcName": "_get_historical_data_impl", "lineNo": 372}
{"timestamp": "2026-09-16T05:23:01.239094+00:00", "level": "INFO", "logger": "trade_system.domains.market_data.infrastructure.data.storage", "message": "Wrote 1 rows to data/fo_historical/BSE_SENSEX-INDEX_1min_2026-09-16.csv", "module": "storage", "funcName": "append_frame", "lineNo": 43}
{"timestamp": "2026-09-16T05:23:01.503764+00:00", "level": "INFO", "logger": "trade_system.domains.market_data.infrastructure.data.storage", "message": "Wrote 1 rows to data/fo_historical/BSE_SENSEX-INDEX_1min_2026-09-16.csv", "module": "storage", "funcName": "append_frame", "lineNo": 43}
{"timestamp": "2026-09-16T05:23:02.104858+00:00", "level": "INFO", "logger": "trade_system.domains.trading.infrastructure.brokers.fyers.client", "message": "Fetched 99 candles for NSE:NIFTYBANK-INDEX from 2026-09-16 to 2026-09-16", "module": "client", "funcName": "_get_historical_data_impl", "lineNo": 372}
{"timestamp": "2026-09-16T05:23:02.192547+00:00", "level": "INFO", "logger": "trade_system.domains.market_data.infrastructure.data.storage", "message": "Wrote 1 rows to data/fo_historical/NSE_NIFTYBANK-INDEX_1min_2026-09-16.csv", "module": "storage", "funcName": "append_frame", "lineNo": 43}
{"timestamp": "2026-09-16T05:23:02.481333+00:00", "level": "INFO", "logger": "trade_system.domains.market_data.infrastructure.data.storage", "message": "Wrote 1 rows to data/fo_historical/NSE_NIFTYBANK-INDEX_1min_2026-09-16.csv", "module": "storage", "funcName": "append_frame", "lineNo": 43}
{"timestamp": "2026-09-16T05:23:02.973382+00:00", "level": "INFO", "logger": "trade_system.interfaces.live.collector", "message": "Option-chain snapshot saved to data/option_chain_data/NIFTYBANK_strikes_20260916.csv", "module": "collector", "funcName": "_save_option_chain_snapshot", "lineNo": 2581}
{"timestamp": "2026-09-16T05:23:08.756004+00:00", "level": "INFO", "logger": "trade_system.interfaces.live.collector", "message": "Option-chain snapshot saved to data/option_chain_data/SENSEX_strikes_20260916.csv", "module": "collector", "funcName": "_save_option_chain_snapshot", "lineNo": 2581}
{"timestamp": "2026-09-16T05:23:16.160616+00:00", "level": "INFO", "logger": "trade_system.domains.analysis.application.analysis.intraday_option_edge", "message": "IOE Pipeline: 24 stocks passed regime-adjusted threshold (60)", "module": "intraday_option_edge", "funcName": "scan", "lineNo": 190}
{"timestamp": "2026-09-16T05:23:16.161046+00:00", "level": "INFO", "logger": "trade_system.domains.analysis.application.analysis.intraday_option_edge", "message": "IOE Pipeline: Fetching 15m data for entry trigger evaluation...", "module": "intraday_option_edge", "funcName": "scan", "lineNo": 201}
{"timestamp": "2026-09-16T05:23:16.346873+00:00", "level": "INFO", "logger": "trade_system.domains.analysis.application.analysis.intraday_option_edge", "message": "IOE Pipeline Stage 4+5: Entry triggers & option selection...", "module": "intraday_option_edge", "funcName": "scan", "lineNo": 221}
{"timestamp": "2026-09-16T05:23:17.285810+00:00", "level": "INFO", "logger": "trade_system.domains.analysis.application.analysis.intraday_option_edge", "message": "IOE Pipeline: Returning 3 actionable alerts.", "module": "intraday_option_edge", "funcName": "scan", "lineNo": 293}
{"timestamp": "2026-09-16T05:24:00.017343+00:00", "level": "INFO", "logger": "trade_system.domains.market_data.infrastructure.data.storage", "message": "Wrote 1 rows to data/fo_historical/NSE_NIFTY50-INDEX_1min_2026-09-16.csv", "module": "storage", "funcName": "append_frame", "lineNo": 43}
{"timestamp": "2026-09-16T05:24:00.077415+00:00", "level": "INFO", "logger": "trade_system.domains.market_data.infrastructure.data.storage", "message": "Wrote 1 rows to data/fo_historical/NSE_NIFTY50-INDEX_1min_2026-09-16.csv", "module": "storage", "funcName": "append_frame", "lineNo": 43}
{"timestamp": "2026-09-16T05:24:00.168266+00:00", "level": "INFO", "logger": "trade_system.domains.market_data.infrastructure.data.storage", "message": "Wrote 1 rows to data/fo_historical/NSE_NIFTYBANK-INDEX_1min_2026-09-16.csv", "module": "storage", "funcName": "append_frame", "lineNo": 43}
{"timestamp": "2026-09-16T05:24:00.194561+00:00", "level": "INFO", "logger": "trade_system.domains.market_data.infrastructure.data.storage", "message": "Wrote 1 rows to data/fo_historical/NSE_NIFTYBANK-INDEX_1min_2026-09-16.csv", "module": "storage", "funcName": "append_frame", "lineNo": 43}
{"timestamp": "2026-09-16T05:24:00.290834+00:00", "level": "INFO", "logger": "trade_system.domains.market_data.infrastructure.data.storage", "message": "Wrote 1 rows to data/fo_historical/BSE_SENSEX-INDEX_1min_2026-09-16.csv", "module": "storage", "funcName": "append_frame", "lineNo": 43}
{"timestamp": "2026-09-16T05:24:00.315616+00:00", "level": "INFO", "logger": "trade_system.domains.market_data.infrastructure.data.storage", "message": "Wrote 1 rows to data/fo_historical/BSE_SENSEX-INDEX_1min_2026-09-16.csv", "module": "storage", "funcName": "append_frame", "lineNo": 43}
{"timestamp": "2026-09-16T05:25:00.078502+00:00", "level": "INFO", "logger": "trade_system.domains.trading.infrastructure.brokers.fyers.client", "message": "Fetched 101 candles for NSE:NIFTY50-INDEX from 2026-09-16 to 2026-09-16", "module": "client", "funcName": "_get_historical_data_impl", "lineNo": 372}
{"timestamp": "2026-09-16T05:25:00.085547+00:00", "level": "INFO", "logger": "trade_system.domains.market_data.infrastructure.data.storage", "message": "Wrote 1 rows to data/fo_historical/NSE_NIFTY50-INDEX_1min_2026-09-16.csv", "module": "storage", "funcName": "append_frame", "lineNo": 43}
{"timestamp": "2026-09-16T05:25:00.112522+00:00", "level": "INFO", "logger": "trade_system.domains.market_data.infrastructure.data.storage", "message": "Wrote 1 rows to data/fo_historical/NSE_NIFTY50-INDEX_1min_2026-09-16.csv", "module": "storage", "funcName": "append_frame", "lineNo": 43}
{"timestamp": "2026-09-16T05:25:00.334237+00:00", "level": "INFO", "logger": "trade_system.domains.trading.infrastructure.brokers.fyers.client", "message": "Fetched 101 candles for NSE:NIFTYBANK-INDEX from 2026-09-16 to 2026-09-16", "module": "client", "funcName": "_get_historical_data_impl", "lineNo": 372}
{"timestamp": "2026-09-16T05:25:00.338574+00:00", "level": "INFO", "logger": "trade_system.domains.market_data.infrastructure.data.storage", "message": "Wrote 1 rows to data/fo_historical/NSE_NIFTYBANK-INDEX_1min_2026-09-16.csv", "module": "storage", "funcName": "append_frame", "lineNo": 43}
{"timestamp": "2026-09-16T05:25:00.365727+00:00", "level": "INFO", "logger": "trade_system.domains.market_data.infrastructure.data.storage", "message": "Wrote 1 rows to data/fo_historical/NSE_NIFTYBANK-INDEX_1min_2026-09-16.csv", "module": "storage", "funcName": "append_frame", "lineNo": 43}
{"timestamp": "2026-09-16T05:25:00.638868+00:00", "level": "INFO", "logger": "trade_system.domains.trading.infrastructure.brokers.fyers.client", "message": "Fetched 101 candles for BSE:SENSEX-INDEX from 2026-09-16 to 2026-09-16", "module": "client", "funcName": "_get_historical_data_impl", "lineNo": 372}
{"timestamp": "2026-09-16T05:25:00.643114+00:00", "level": "INFO", "logger": "trade_system.domains.market_data.infrastructure.data.storage", "message": "Wrote 1 rows to data/fo_historical/BSE_SENSEX-INDEX_1min_2026-09-16.csv", "module": "storage", "funcName": "append_frame", "lineNo": 43}
{"timestamp": "2026-09-16T05:25:00.669207+00:00", "level": "INFO", "logger": "trade_system.domains.market_data.infrastructure.data.storage", "message": "Wrote 1 rows to data/fo_historical/BSE_SENSEX-INDEX_1min_2026-09-16.csv", "module": "storage", "funcName": "append_frame", "lineNo": 43}
{"timestamp": "2026-09-16T05:26:00.136944+00:00", "level": "INFO", "logger": "trade_system.domains.market_data.infrastructure.data.storage", "message": "Wrote 1 rows to data/fo_historical/NSE_NIFTY50-INDEX_1min_2026-09-16.csv", "module": "storage", "funcName": "append_frame", "lineNo": 43}
{"timestamp": "2026-09-16T05:26:00.170019+00:00", "level": "INFO", "logger": "trade_system.domains.market_data.infrastructure.data.storage", "message": "Wrote 1 rows to data/fo_historical/NSE_NIFTY50-INDEX_1min_2026-09-16.csv", "module": "storage", "funcName": "append_frame", "lineNo": 43}
{"timestamp": "2026-09-16T05:26:00.278866+00:00", "level": "INFO", "logger": "trade_system.domains.market_data.infrastructure.data.storage", "message": "Wrote 1 rows to data/fo_historical/NSE_NIFTYBANK-INDEX_1min_2026-09-16.csv", "module": "storage", "funcName": "append_frame", "lineNo": 43}
{"timestamp": "2026-09-16T05:26:00.307552+00:00", "level": "INFO", "logger": "trade_system.domains.market_data.infrastructure.data.storage", "message": "Wrote 1 rows to data/fo_historical/NSE_NIFTYBANK-INDEX_1min_2026-09-16.csv", "module": "storage", "funcName": "append_frame", "lineNo": 43}
{"timestamp": "2026-09-16T05:26:00.404073+00:00", "level": "INFO", "logger": "trade_system.domains.market_data.infrastructure.data.storage", "message": "Wrote 1 rows to data/fo_historical/BSE_SENSEX-INDEX_1min_2026-09-16.csv", "module": "storage", "funcName": "append_frame", "lineNo": 43}
{"timestamp": "2026-09-16T05:26:00.431719+00:00", "level": "INFO", "logger": "trade_system.domains.market_data.infrastructure.data.storage", "message": "Wrote 1 rows to data/fo_historical/BSE_SENSEX-INDEX_1min_2026-09-16.csv", "module": "storage", "funcName": "append_frame", "lineNo": 43}
{"timestamp": "2026-09-16T05:26:14.126114+00:00", "level": "INFO", "logger": "trade_system.interfaces.live.collector", "message": "Option-chain snapshot saved to data/option_chain_data/NIFTY50_strikes_20260916.csv", "module": "collector", "funcName": "_save_option_chain_snapshot", "lineNo": 2581}
{"timestamp": "2026-09-16T05:26:19.356292+00:00", "level": "INFO", "logger": "trade_system.interfaces.live.collector", "message": "Option-chain snapshot saved to data/option_chain_data/NIFTYBANK_strikes_20260916.csv", "module": "collector", "funcName": "_save_option_chain_snapshot", "lineNo": 2581}
{"timestamp": "2026-09-16T05:26:24.611451+00:00", "level": "INFO", "logger": "trade_system.interfaces.live.collector", "message": "Option-chain snapshot saved to data/option_chain_data/SENSEX_strikes_20260916.csv", "module": "collector", "funcName": "_save_option_chain_snapshot", "lineNo": 2581}
{"timestamp": "2026-09-16T05:27:00.194670+00:00", "level": "INFO", "logger": "trade_system.domains.trading.infrastructure.brokers.fyers.client", "message": "Fetched 103 candles for NSE:NIFTY50-INDEX from 2026-09-16 to 2026-09-16", "module": "client", "funcName": "_get_historical_data_impl", "lineNo": 372}
{"timestamp": "2026-09-16T05:27:00.201344+00:00", "level": "INFO", "logger": "trade_system.domains.market_data.infrastructure.data.storage", "message": "Wrote 1 rows to data/fo_historical/NSE_NIFTY50-INDEX_1min_2026-09-16.csv", "module": "storage", "funcName": "append_frame", "lineNo": 43}
{"timestamp": "2026-09-16T05:27:00.229964+00:00", "level": "INFO", "logger": "trade_system.domains.market_data.infrastructure.data.storage", "message": "Wrote 1 rows to data/fo_historical/NSE_NIFTY50-INDEX_1min_2026-09-16.csv", "module": "storage", "funcName": "append_frame", "lineNo": 43}
{"timestamp": "2026-09-16T05:27:00.438185+00:00", "level": "INFO", "logger": "trade_system.domains.trading.infrastructure.brokers.fyers.client", "message": "Fetched 103 candles for NSE:NIFTYBANK-INDEX from 2026-09-16 to 2026-09-16", "module": "client", "funcName": "_get_historical_data_impl", "lineNo": 372}
{"timestamp": "2026-09-16T05:27:00.442924+00:00", "level": "INFO", "logger": "trade_system.domains.market_data.infrastructure.data.storage", "message": "Wrote 1 rows to data/fo_historical/NSE_NIFTYBANK-INDEX_1min_2026-09-16.csv", "module": "storage", "funcName": "append_frame", "lineNo": 43}
{"timestamp": "2026-09-16T05:27:00.468878+00:00", "level": "INFO", "logger": "trade_system.domains.market_data.infrastructure.data.storage", "message": "Wrote 1 rows to data/fo_historical/NSE_NIFTYBANK-INDEX_1min_2026-09-16.csv", "module": "storage", "funcName": "append_frame", "lineNo": 43}
{"timestamp": "2026-09-16T05:27:00.734713+00:00", "level": "INFO", "logger": "trade_system.domains.trading.infrastructure.brokers.fyers.client", "message": "Fetched 103 candles for BSE:SENSEX-INDEX from 2026-09-16 to 2026-09-16", "module": "client", "funcName": "_get_historical_data_impl", "lineNo": 372}
{"timestamp": "2026-09-16T05:27:00.740166+00:00", "level": "INFO", "logger": "trade_system.domains.market_data.infrastructure.data.storage", "message": "Wrote 1 rows to data/fo_historical/BSE_SENSEX-INDEX_1min_2026-09-16.csv", "module": "storage", "funcName": "append_frame", "lineNo": 43}
{"timestamp": "2026-09-16T05:27:00.766922+00:00", "level": "INFO", "logger": "trade_system.domains.market_data.infrastructure.data.storage", "message": "Wrote 1 rows to data/fo_historical/BSE_SENSEX-INDEX_1min_2026-09-16.csv", "module": "storage", "funcName": "append_frame", "lineNo": 43}
{"timestamp": "2026-09-16T05:27:03.471464+00:00", "level": "INFO", "logger": "trade_system.domains.analysis.application.analysis.breakout_screener", "message": "Starting Intraday Sector Breakout/Breakdown Scan...", "module": "breakout_screener", "funcName": "scan_for_breakouts", "lineNo": 61}
{"timestamp": "2026-09-16T05:27:03.770010+00:00", "level": "INFO", "logger": "trade_system.domains.analysis.application.analysis.breakout_screener", "message": "Scanning data for date: 2026-09-16", "module": "breakout_screener", "funcName": "scan_for_breakouts", "lineNo": 106}
{"timestamp": "2026-09-16T05:27:04.057402+00:00", "level": "INFO", "logger": "trade_system.domains.analysis.application.analysis.breakout_screener", "message": "Leading Sectors (Long): ['FMCG', 'BANKING', 'CEMENT']", "module": "breakout_screener", "funcName": "scan_for_breakouts", "lineNo": 164}
{"timestamp": "2026-09-16T05:27:04.057582+00:00", "level": "INFO", "logger": "trade_system.domains.analysis.application.analysis.breakout_screener", "message": "Lagging Sectors (Short): ['CAPITAL_GOODS', 'CHEMICALS', 'INFRA']", "module": "breakout_screener", "funcName": "scan_for_breakouts", "lineNo": 165}
{"timestamp": "2026-09-16T05:27:04.067476+00:00", "level": "INFO", "logger": "trade_system.domains.analysis.application.analysis.breakout_screener", "message": "Loaded 11 consolidation watchlists for 2026-09-16", "module": "breakout_screener", "funcName": "scan_for_breakouts", "lineNo": 185}
{"timestamp": "2026-09-16T05:27:17.682541+00:00", "level": "INFO", "logger": "trade_system.domains.analysis.application.analysis.breakout_screener", "message": "Scan complete. Found 184 alerts (ORB: 4, ST_Flip: 4, ST_Touch: 8).", "module": "breakout_screener", "funcName": "scan_for_breakouts", "lineNo": 858}
{"timestamp": "2026-09-16T05:28:00.019112+00:00", "level": "INFO", "logger": "trade_system.domains.market_data.infrastructure.data.storage", "message": "Wrote 1 rows to data/fo_historical/NSE_NIFTY50-INDEX_1min_2026-09-16.csv", "module": "storage", "funcName": "append_frame", "lineNo": 43}
{"timestamp": "2026-09-16T05:28:00.046644+00:00", "level": "INFO", "logger": "trade_system.domains.market_data.infrastructure.data.storage", "message": "Wrote 1 rows to data/fo_historical/NSE_NIFTY50-INDEX_1min_2026-09-16.csv", "module": "storage", "funcName": "append_frame", "lineNo": 43}
{"timestamp": "2026-09-16T05:28:00.357435+00:00", "level": "INFO", "logger": "trade_system.domains.market_data.infrastructure.data.storage", "message": "Wrote 1 rows to data/fo_historical/BSE_SENSEX-INDEX_1min_2026-09-16.csv", "module": "storage", "funcName": "append_frame", "lineNo": 43}
{"timestamp": "2026-09-16T05:28:00.382735+00:00", "level": "INFO", "logger": "trade_system.domains.market_data.infrastructure.data.storage", "message": "Wrote 1 rows to data/fo_historical/BSE_SENSEX-INDEX_1min_2026-09-16.csv", "module": "storage", "funcName": "append_frame", "lineNo": 43}
{"timestamp": "2026-09-16T05:28:00.474911+00:00", "level": "INFO", "logger": "trade_system.domains.market_data.infrastructure.data.storage", "message": "Wrote 1 rows to data/fo_historical/NSE_NIFTYBANK-INDEX_1min_2026-09-16.csv", "module": "storage", "funcName": "append_frame", "lineNo": 43}
{"timestamp": "2026-09-16T05:28:00.501005+00:00", "level": "INFO", "logger": "trade_system.domains.market_data.infrastructure.data.storage", "message": "Wrote 1 rows to data/fo_historical/NSE_NIFTYBANK-INDEX_1min_2026-09-16.csv", "module": "storage", "funcName": "append_frame", "lineNo": 43}
{"timestamp": "2026-09-16T05:28:17.292367+00:00", "level": "INFO", "logger": "trade_system.domains.analysis.application.analysis.intraday_option_edge", "message": "IOE Pipeline Stage 1: Universe shortlisting...", "module": "intraday_option_edge", "funcName": "scan", "lineNo": 155}
{"timestamp": "2026-09-16T05:28:17.418673+00:00", "level": "INFO", "logger": "trade_system.domains.analysis.application.analysis.fo_intraday_shortlist", "message": "Running FOIntradayShortlist for 2026-09-16", "module": "fo_intraday_shortlist", "funcName": "shortlist", "lineNo": 111}
{"timestamp": "2026-09-16T05:28:28.189559+00:00", "level": "INFO", "logger": "trade_system.domains.analysis.application.analysis.fo_intraday_shortlist", "message": "Shortlisted 25/207 stocks (Leaders: 3, Laggards: 3)", "module": "fo_intraday_shortlist", "funcName": "shortlist", "lineNo": 225}
{"timestamp": "2026-09-16T05:28:28.192161+00:00", "level": "INFO", "logger": "trade_system.domains.analysis.application.analysis.intraday_option_edge", "message": "IOE Pipeline: 25 stocks shortlisted.", "module": "intraday_option_edge", "funcName": "scan", "lineNo": 161}
{"timestamp": "2026-09-16T05:28:28.192289+00:00", "level": "INFO", "logger": "trade_system.domains.analysis.application.analysis.intraday_option_edge", "message": "IOE Pipeline Stage 2: Regime detection...", "module": "intraday_option_edge", "funcName": "scan", "lineNo": 164}
{"timestamp": "2026-09-16T05:28:28.200755+00:00", "level": "INFO", "logger": "trade_system.domains.analysis.application.analysis.intraday_option_edge", "message": "IOE Pipeline: Regime = \u2696\ufe0f NEUTRAL (threshold: 60)", "module": "intraday_option_edge", "funcName": "scan", "lineNo": 166}
{"timestamp": "2026-09-16T05:28:28.200890+00:00", "level": "INFO", "logger": "trade_system.domains.analysis.application.analysis.intraday_option_edge", "message": "IOE Pipeline Stage 3: Edge scoring...", "module": "intraday_option_edge", "funcName": "scan", "lineNo": 169}
{"timestamp": "2026-09-16T05:29:00.340528+00:00", "level": "INFO", "logger": "trade_system.domains.trading.infrastructure.brokers.fyers.client", "message": "Fetched 105 candles for NSE:NIFTY50-INDEX from 2026-09-16 to 2026-09-16", "module": "client", "funcName": "_get_historical_data_impl", "lineNo": 372}
{"timestamp": "2026-09-16T05:29:00.409370+00:00", "level": "INFO", "logger": "trade_system.domains.market_data.infrastructure.data.storage", "message": "Wrote 1 rows to data/fo_historical/NSE_NIFTY50-INDEX_1min_2026-09-16.csv", "module": "storage", "funcName": "append_frame", "lineNo": 43}
{"timestamp": "2026-09-16T05:29:00.733469+00:00", "level": "INFO", "logger": "trade_system.domains.market_data.infrastructure.data.storage", "message": "Wrote 1 rows to data/fo_historical/NSE_NIFTY50-INDEX_1min_2026-09-16.csv", "module": "storage", "funcName": "append_frame", "lineNo": 43}
{"timestamp": "2026-09-16T05:29:01.303308+00:00", "level": "INFO", "logger": "trade_system.domains.trading.infrastructure.brokers.fyers.client", "message": "Fetched 105 candles for NSE:NIFTYBANK-INDEX from 2026-09-16 to 2026-09-16", "module": "client", "funcName": "_get_historical_data_impl", "lineNo": 372}
{"timestamp": "2026-09-16T05:29:01.342966+00:00", "level": "INFO", "logger": "trade_system.domains.market_data.infrastructure.data.storage", "message": "Wrote 1 rows to data/fo_historical/NSE_NIFTYBANK-INDEX_1min_2026-09-16.csv", "module": "storage", "funcName": "append_frame", "lineNo": 43}
{"timestamp": "2026-09-16T05:29:01.635364+00:00", "level": "INFO", "logger": "trade_system.domains.market_data.infrastructure.data.storage", "message": "Wrote 1 rows to data/fo_historical/NSE_NIFTYBANK-INDEX_1min_2026-09-16.csv", "module": "storage", "funcName": "append_frame", "lineNo": 43}
{"timestamp": "2026-09-16T05:29:02.272624+00:00", "level": "INFO", "logger": "trade_system.domains.trading.infrastructure.brokers.fyers.client", "message": "Fetched 105 candles for BSE:SENSEX-INDEX from 2026-09-16 to 2026-09-16", "module": "client", "funcName": "_get_historical_data_impl", "lineNo": 372}
{"timestamp": "2026-09-16T05:29:02.340316+00:00", "level": "INFO", "logger": "trade_system.domains.market_data.infrastructure.data.storage", "message": "Wrote 1 rows to data/fo_historical/BSE_SENSEX-INDEX_1min_2026-09-16.csv", "module": "storage", "funcName": "append_frame", "lineNo": 43}
{"timestamp": "2026-09-16T05:29:02.685420+00:00", "level": "INFO", "logger": "trade_system.domains.market_data.infrastructure.data.storage", "message": "Wrote 1 rows to data/fo_historical/BSE_SENSEX-INDEX_1min_2026-09-16.csv", "module": "storage", "funcName": "append_frame", "lineNo": 43}
{"timestamp": "2026-09-16T05:29:04.914359+00:00", "level": "INFO", "logger": "trade_system.domains.analysis.application.analysis.intraday_option_edge", "message": "IOE Pipeline: 24 stocks passed regime-adjusted threshold (60)", "module": "intraday_option_edge", "funcName": "scan", "lineNo": 190}
{"timestamp": "2026-09-16T05:29:04.914739+00:00", "level": "INFO", "logger": "trade_system.domains.analysis.application.analysis.intraday_option_edge", "message": "IOE Pipeline: Fetching 15m data for entry trigger evaluation...", "module": "intraday_option_edge", "funcName": "scan", "lineNo": 201}
{"timestamp": "2026-09-16T05:29:05.194380+00:00", "level": "INFO", "logger": "trade_system.domains.analysis.application.analysis.intraday_option_edge", "message": "IOE Pipeline Stage 4+5: Entry triggers & option selection...", "module": "intraday_option_edge", "funcName": "scan", "lineNo": 221}
{"timestamp": "2026-09-16T05:29:06.143255+00:00", "level": "INFO", "logger": "trade_system.domains.analysis.application.analysis.intraday_option_edge", "message": "IOE Pipeline: Returning 3 actionable alerts.", "module": "intraday_option_edge", "funcName": "scan", "lineNo": 293}
{"timestamp": "2026-09-16T05:29:29.831394+00:00", "level": "INFO", "logger": "trade_system.interfaces.live.collector", "message": "Option-chain snapshot saved to data/option_chain_data/NIFTY50_strikes_20260916.csv", "module": "collector", "funcName": "_save_option_chain_snapshot", "lineNo": 2581}
{"timestamp": "2026-09-16T05:29:35.074670+00:00", "level": "INFO", "logger": "trade_system.interfaces.live.collector", "message": "Option-chain snapshot saved to data/option_chain_data/NIFTYBANK_strikes_20260916.csv", "module": "collector", "funcName": "_save_option_chain_snapshot", "lineNo": 2581}
{"timestamp": "2026-09-16T05:29:40.326251+00:00", "level": "INFO", "logger": "trade_system.interfaces.live.collector", "message": "Option-chain snapshot saved to data/option_chain_data/SENSEX_strikes_20260916.csv", "module": "collector", "funcName": "_save_option_chain_snapshot", "lineNo": 2581}
{"timestamp": "2026-09-16T05:30:00.041965+00:00", "level": "INFO", "logger": "trade_system.domains.market_data.infrastructure.data.storage", "message": "Wrote 1 rows to data/fo_historical/NSE_NIFTY50-INDEX_1min_2026-09-16.csv", "module": "storage", "funcName": "append_frame", "lineNo": 43}
{"timestamp": "2026-09-16T05:30:00.075008+00:00", "level": "INFO", "logger": "trade_system.domains.market_data.infrastructure.data.storage", "message": "Wrote 1 rows to data/fo_historical/NSE_NIFTY50-INDEX_1min_2026-09-16.csv", "module": "storage", "funcName": "append_frame", "lineNo": 43}
{"timestamp": "2026-09-16T05:30:00.181226+00:00", "level": "INFO", "logger": "trade_system.domains.market_data.infrastructure.data.storage", "message": "Wrote 1 rows to data/fo_historical/NSE_NIFTYBANK-INDEX_1min_2026-09-16.csv", "module": "storage", "funcName": "append_frame", "lineNo": 43}
{"timestamp": "2026-09-16T05:30:00.207464+00:00", "level": "INFO", "logger": "trade_system.domains.market_data.infrastructure.data.storage", "message": "Wrote 1 rows to data/fo_historical/NSE_NIFTYBANK-INDEX_1min_2026-09-16.csv", "module": "storage", "funcName": "append_frame", "lineNo": 43}
{"timestamp": "2026-09-16T05:30:00.458425+00:00", "level": "INFO", "logger": "trade_system.domains.market_data.infrastructure.data.storage", "message": "Wrote 1 rows to data/fo_historical/BSE_SENSEX-INDEX_1min_2026-09-16.csv", "module": "storage", "funcName": "append_frame", "lineNo": 43}
{"timestamp": "2026-09-16T05:30:00.487506+00:00", "level": "INFO", "logger": "trade_system.domains.market_data.infrastructure.data.storage", "message": "Wrote 1 rows to data/fo_historical/BSE_SENSEX-INDEX_1min_2026-09-16.csv", "module": "storage", "funcName": "append_frame", "lineNo": 43}
{"timestamp": "2026-09-16T05:31:00.201683+00:00", "level": "INFO", "logger": "trade_system.domains.trading.infrastructure.brokers.fyers.client", "message": "Fetched 107 candles for NSE:NIFTYBANK-INDEX from 2026-09-16 to 2026-09-16", "module": "client", "funcName": "_get_historical_data_impl", "lineNo": 372}
{"timestamp": "2026-09-16T05:31:00.211503+00:00", "level": "INFO", "logger": "trade_system.domains.market_data.infrastructure.data.storage", "message": "Wrote 1 rows to data/fo_historical/NSE_NIFTYBANK-INDEX_1min_2026-09-16.csv", "module": "storage", "funcName": "append_frame", "lineNo": 43}
{"timestamp": "2026-09-16T05:31:00.245582+00:00", "level": "INFO", "logger": "trade_system.domains.market_data.infrastructure.data.storage", "message": "Wrote 1 rows to data/fo_historical/NSE_NIFTYBANK-INDEX_1min_2026-09-16.csv", "module": "storage", "funcName": "append_frame", "lineNo": 43}
{"timestamp": "2026-09-16T05:31:00.446201+00:00", "level": "INFO", "logger": "trade_system.domains.trading.infrastructure.brokers.fyers.client", "message": "Fetched 107 candles for NSE:NIFTY50-INDEX from 2026-09-16 to 2026-09-16", "module": "client", "funcName": "_get_historical_data_impl", "lineNo": 372}
{"timestamp": "2026-09-16T05:31:00.451461+00:00", "level": "INFO", "logger": "trade_system.domains.market_data.infrastructure.data.storage", "message": "Wrote 1 rows to data/fo_historical/NSE_NIFTY50-INDEX_1min_2026-09-16.csv", "module": "storage", "funcName": "append_frame", "lineNo": 43}
{"timestamp": "2026-09-16T05:31:00.480028+00:00", "level": "INFO", "logger": "trade_system.domains.market_data.infrastructure.data.storage", "message": "Wrote 1 rows to data/fo_historical/NSE_NIFTY50-INDEX_1min_2026-09-16.csv", "module": "storage", "funcName": "append_frame", "lineNo": 43}
{"timestamp": "2026-09-16T05:31:00.726950+00:00", "level": "INFO", "logger": "trade_system.domains.trading.infrastructure.brokers.fyers.client", "message": "Fetched 107 candles for BSE:SENSEX-INDEX from 2026-09-16 to 2026-09-16", "module": "client", "funcName": "_get_historical_data_impl", "lineNo": 372}
{"timestamp": "2026-09-16T05:31:00.731384+00:00", "level": "INFO", "logger": "trade_system.domains.market_data.infrastructure.data.storage", "message": "Wrote 1 rows to data/fo_historical/BSE_SENSEX-INDEX_1min_2026-09-16.csv", "module": "storage", "funcName": "append_frame", "lineNo": 43}
{"timestamp": "2026-09-16T05:31:00.757204+00:00", "level": "INFO", "logger": "trade_system.domains.market_data.infrastructure.data.storage", "message": "Wrote 1 rows to data/fo_historical/BSE_SENSEX-INDEX_1min_2026-09-16.csv", "module": "storage", "funcName": "append_frame", "lineNo": 43}
{"timestamp": "2026-09-16T05:32:00.027321+00:00", "level": "INFO", "logger": "trade_system.domains.market_data.infrastructure.data.storage", "message": "Wrote 1 rows to data/fo_historical/NSE_NIFTY50-INDEX_1min_2026-09-16.csv", "module": "storage", "funcName": "append_frame", "lineNo": 43}
{"timestamp": "2026-09-16T05:32:00.098600+00:00", "level": "INFO", "logger": "trade_system.domains.market_data.infrastructure.data.storage", "message": "Wrote 1 rows to data/fo_historical/NSE_NIFTY50-INDEX_1min_2026-09-16.csv", "module": "storage", "funcName": "append_frame", "lineNo": 43}
{"timestamp": "2026-09-16T05:32:00.229861+00:00", "level": "INFO", "logger": "trade_system.domains.market_data.infrastructure.data.storage", "message": "Wrote 1 rows to data/fo_historical/NSE_NIFTYBANK-INDEX_1min_2026-09-16.csv", "module": "storage", "funcName": "append_frame", "lineNo": 43}
{"timestamp": "2026-09-16T05:32:00.256760+00:00", "level": "INFO", "logger": "trade_system.domains.market_data.infrastructure.data.storage", "message": "Wrote 1 rows to data/fo_historical/NSE_NIFTYBANK-INDEX_1min_2026-09-16.csv", "module": "storage", "funcName": "append_frame", "lineNo": 43}
{"timestamp": "2026-09-16T05:32:00.561590+00:00", "level": "INFO", "logger": "trade_system.domains.market_data.infrastructure.data.storage", "message": "Wrote 1 rows to data/fo_historical/BSE_SENSEX-INDEX_1min_2026-09-16.csv", "module": "storage", "funcName": "append_frame", "lineNo": 43}
{"timestamp": "2026-09-16T05:32:00.586357+00:00", "level": "INFO", "logger": "trade_system.domains.market_data.infrastructure.data.storage", "message": "Wrote 1 rows to data/fo_historical/BSE_SENSEX-INDEX_1min_2026-09-16.csv", "module": "storage", "funcName": "append_frame", "lineNo": 43}
{"timestamp": "2026-09-16T05:32:17.693352+00:00", "level": "INFO", "logger": "trade_system.domains.analysis.application.analysis.breakout_screener", "message": "Starting Intraday Sector Breakout/Breakdown Scan...", "module": "breakout_screener", "funcName": "scan_for_breakouts", "lineNo": 61}
{"timestamp": "2026-09-16T05:32:17.924691+00:00", "level": "INFO", "logger": "trade_system.domains.analysis.application.analysis.breakout_screener", "message": "Scanning data for date: 2026-09-16", "module": "breakout_screener", "funcName": "scan_for_breakouts", "lineNo": 106}
{"timestamp": "2026-09-16T05:32:18.233809+00:00", "level": "INFO", "logger": "trade_system.domains.analysis.application.analysis.breakout_screener", "message": "Leading Sectors (Long): ['FMCG', 'BANKING', 'CEMENT']", "module": "breakout_screener", "funcName": "scan_for_breakouts", "lineNo": 164}
{"timestamp": "2026-09-16T05:32:18.233953+00:00", "level": "INFO", "logger": "trade_system.domains.analysis.application.analysis.breakout_screener", "message": "Lagging Sectors (Short): ['CAPITAL_GOODS', 'CHEMICALS', 'INFRA']", "module": "breakout_screener", "funcName": "scan_for_breakouts", "lineNo": 165}
{"timestamp": "2026-09-16T05:32:18.243663+00:00", "level": "INFO", "logger": "trade_system.domains.analysis.application.analysis.breakout_screener", "message": "Loaded 11 consolidation watchlists for 2026-09-16", "module": "breakout_screener", "funcName": "scan_for_breakouts", "lineNo": 185}
{"timestamp": "2026-09-16T05:32:31.735129+00:00", "level": "INFO", "logger": "trade_system.domains.analysis.application.analysis.breakout_screener", "message": "Scan complete. Found 184 alerts (ORB: 4, ST_Flip: 4, ST_Touch: 8).", "module": "breakout_screener", "funcName": "scan_for_breakouts", "lineNo": 858}
{"timestamp": "2026-09-16T05:32:45.563190+00:00", "level": "INFO", "logger": "trade_system.interfaces.live.collector", "message": "Option-chain snapshot saved to data/option_chain_data/NIFTY50_strikes_20260916.csv", "module": "collector", "funcName": "_save_option_chain_snapshot", "lineNo": 2581}
{"timestamp": "2026-09-16T05:32:50.808868+00:00", "level": "INFO", "logger": "trade_system.interfaces.live.collector", "message": "Option-chain snapshot saved to data/option_chain_data/NIFTYBANK_strikes_20260916.csv", "module": "collector", "funcName": "_save_option_chain_snapshot", "lineNo": 2581}
{"timestamp": "2026-09-16T05:32:56.055562+00:00", "level": "INFO", "logger": "trade_system.interfaces.live.collector", "message": "Option-chain snapshot saved to data/option_chain_data/SENSEX_strikes_20260916.csv", "module": "collector", "funcName": "_save_option_chain_snapshot", "lineNo": 2581}
{"timestamp": "2026-09-16T05:33:00.183994+00:00", "level": "INFO", "logger": "trade_system.domains.trading.infrastructure.brokers.fyers.client", "message": "Fetched 109 candles for NSE:NIFTY50-INDEX from 2026-09-16 to 2026-09-16", "module": "client", "funcName": "_get_historical_data_impl", "lineNo": 372}
{"timestamp": "2026-09-16T05:33:00.189308+00:00", "level": "INFO", "logger": "trade_system.domains.market_data.infrastructure.data.storage", "message": "Wrote 1 rows to data/fo_historical/NSE_NIFTY50-INDEX_1min_2026-09-16.csv", "module": "storage", "funcName": "append_frame", "lineNo": 43}
{"timestamp": "2026-09-16T05:33:00.216268+00:00", "level": "INFO", "logger": "trade_system.domains.market_data.infrastructure.data.storage", "message": "Wrote 1 rows to data/fo_historical/NSE_NIFTY50-INDEX_1min_2026-09-16.csv", "module": "storage", "funcName": "append_frame", "lineNo": 43}
{"timestamp": "2026-09-16T05:33:00.438075+00:00", "level": "INFO", "logger": "trade_system.domains.trading.infrastructure.brokers.fyers.client", "message": "Fetched 109 candles for NSE:NIFTYBANK-INDEX from 2026-09-16 to 2026-09-16", "module": "client", "funcName": "_get_historical_data_impl", "lineNo": 372}
{"timestamp": "2026-09-16T05:33:00.443313+00:00", "level": "INFO", "logger": "trade_system.domains.market_data.infrastructure.data.storage", "message": "Wrote 1 rows to data/fo_historical/NSE_NIFTYBANK-INDEX_1min_2026-09-16.csv", "module": "storage", "funcName": "append_frame", "lineNo": 43}
{"timestamp": "2026-09-16T05:33:00.495371+00:00", "level": "INFO", "logger": "trade_system.domains.market_data.infrastructure.data.storage", "message": "Wrote 1 rows to data/fo_historical/NSE_NIFTYBANK-INDEX_1min_2026-09-16.csv", "module": "storage", "funcName": "append_frame", "lineNo": 43}
{"timestamp": "2026-09-16T05:33:00.729669+00:00", "level": "INFO", "logger": "trade_system.domains.trading.infrastructure.brokers.fyers.client", "message": "Fetched 109 candles for BSE:SENSEX-INDEX from 2026-09-16 to 2026-09-16", "module": "client", "funcName": "_get_historical_data_impl", "lineNo": 372}
{"timestamp": "2026-09-16T05:33:00.734855+00:00", "level": "INFO", "logger": "trade_system.domains.market_data.infrastructure.data.storage", "message": "Wrote 1 rows to data/fo_historical/BSE_SENSEX-INDEX_1min_2026-09-16.csv", "module": "storage", "funcName": "append_frame", "lineNo": 43}
{"timestamp": "2026-09-16T05:33:00.761101+00:00", "level": "INFO", "logger": "trade_system.domains.market_data.infrastructure.data.storage", "message": "Wrote 1 rows to data/fo_historical/BSE_SENSEX-INDEX_1min_2026-09-16.csv", "module": "storage", "funcName": "append_frame", "lineNo": 43}
{"timestamp": "2026-09-16T05:34:00.123510+00:00", "level": "INFO", "logger": "trade_system.domains.market_data.infrastructure.data.storage", "message": "Wrote 1 rows to data/fo_historical/NSE_NIFTY50-INDEX_1min_2026-09-16.csv", "module": "storage", "funcName": "append_frame", "lineNo": 43}
{"timestamp": "2026-09-16T05:34:00.152449+00:00", "level": "INFO", "logger": "trade_system.domains.market_data.infrastructure.data.storage", "message": "Wrote 1 rows to data/fo_historical/NSE_NIFTY50-INDEX_1min_2026-09-16.csv", "module": "storage", "funcName": "append_frame", "lineNo": 43}
{"timestamp": "2026-09-16T05:34:00.248139+00:00", "level": "INFO", "logger": "trade_system.domains.market_data.infrastructure.data.storage", "message": "Wrote 1 rows to data/fo_historical/NSE_NIFTYBANK-INDEX_1min_2026-09-16.csv", "module": "storage", "funcName": "append_frame", "lineNo": 43}
{"timestamp": "2026-09-16T05:34:00.273537+00:00", "level": "INFO", "logger": "trade_system.domains.market_data.infrastructure.data.storage", "message": "Wrote 1 rows to data/fo_historical/NSE_NIFTYBANK-INDEX_1min_2026-09-16.csv", "module": "storage", "funcName": "append_frame", "lineNo": 43}
{"timestamp": "2026-09-16T05:34:00.659488+00:00", "level": "INFO", "logger": "trade_system.domains.market_data.infrastructure.data.storage", "message": "Wrote 1 rows to data/fo_historical/BSE_SENSEX-INDEX_1min_2026-09-16.csv", "module": "storage", "funcName": "append_frame", "lineNo": 43}
{"timestamp": "2026-09-16T05:34:00.684706+00:00", "level": "INFO", "logger": "trade_system.domains.market_data.infrastructure.data.storage", "message": "Wrote 1 rows to data/fo_historical/BSE_SENSEX-INDEX_1min_2026-09-16.csv", "module": "storage", "funcName": "append_frame", "lineNo": 43}
{"timestamp": "2026-09-16T05:34:06.151341+00:00", "level": "INFO", "logger": "trade_system.domains.analysis.application.analysis.intraday_option_edge", "message": "IOE Pipeline Stage 1: Universe shortlisting...", "module": "intraday_option_edge", "funcName": "scan", "lineNo": 155}
{"timestamp": "2026-09-16T05:34:06.314510+00:00", "level": "INFO", "logger": "trade_system.domains.analysis.application.analysis.fo_intraday_shortlist", "message": "Running FOIntradayShortlist for 2026-09-16", "module": "fo_intraday_shortlist", "funcName": "shortlist", "lineNo": 111}
{"timestamp": "2026-09-16T05:34:16.783045+00:00", "level": "INFO", "logger": "trade_system.domains.analysis.application.analysis.fo_intraday_shortlist", "message": "Shortlisted 25/207 stocks (Leaders: 3, Laggards: 3)", "module": "fo_intraday_shortlist", "funcName": "shortlist", "lineNo": 225}
{"timestamp": "2026-09-16T05:34:16.785271+00:00", "level": "INFO", "logger": "trade_system.domains.analysis.application.analysis.intraday_option_edge", "message": "IOE Pipeline: 25 stocks shortlisted.", "module": "intraday_option_edge", "funcName": "scan", "lineNo": 161}
{"timestamp": "2026-09-16T05:34:16.785400+00:00", "level": "INFO", "logger": "trade_system.domains.analysis.application.analysis.intraday_option_edge", "message": "IOE Pipeline Stage 2: Regime detection...", "module": "intraday_option_edge", "funcName": "scan", "lineNo": 164}
{"timestamp": "2026-09-16T05:34:16.792821+00:00", "level": "INFO", "logger": "trade_system.domains.analysis.application.analysis.intraday_option_edge", "message": "IOE Pipeline: Regime = \u2696\ufe0f NEUTRAL (threshold: 60)", "module": "intraday_option_edge", "funcName": "scan", "lineNo": 166}
{"timestamp": "2026-09-16T05:34:16.792950+00:00", "level": "INFO", "logger": "trade_system.domains.analysis.application.analysis.intraday_option_edge", "message": "IOE Pipeline Stage 3: Edge scoring...", "module": "intraday_option_edge", "funcName": "scan", "lineNo": 169}
{"timestamp": "2026-09-16T05:34:52.871142+00:00", "level": "INFO", "logger": "trade_system.domains.analysis.application.analysis.intraday_option_edge", "message": "IOE Pipeline: 24 stocks passed regime-adjusted threshold (60)", "module": "intraday_option_edge", "funcName": "scan", "lineNo": 190}
{"timestamp": "2026-09-16T05:34:52.872156+00:00", "level": "INFO", "logger": "trade_system.domains.analysis.application.analysis.intraday_option_edge", "message": "IOE Pipeline: Fetching 15m data for entry trigger evaluation...", "module": "intraday_option_edge", "funcName": "scan", "lineNo": 201}
{"timestamp": "2026-09-16T05:34:53.055195+00:00", "level": "INFO", "logger": "trade_system.domains.analysis.application.analysis.intraday_option_edge", "message": "IOE Pipeline Stage 4+5: Entry triggers & option selection...", "module": "intraday_option_edge", "funcName": "scan", "lineNo": 221}
{"timestamp": "2026-09-16T05:34:54.100339+00:00", "level": "INFO", "logger": "trade_system.domains.analysis.application.analysis.intraday_option_edge", "message": "IOE Pipeline: Returning 3 actionable alerts.", "module": "intraday_option_edge", "funcName": "scan", "lineNo": 293}
{"timestamp": "2026-09-16T05:35:00.087795+00:00", "level": "INFO", "logger": "trade_system.domains.trading.infrastructure.brokers.fyers.client", "message": "Fetched 111 candles for NSE:NIFTY50-INDEX from 2026-09-16 to 2026-09-16", "module": "client", "funcName": "_get_historical_data_impl", "lineNo": 372}
{"timestamp": "2026-09-16T05:35:00.093654+00:00", "level": "INFO", "logger": "trade_system.domains.market_data.infrastructure.data.storage", "message": "Wrote 1 rows to data/fo_historical/NSE_NIFTY50-INDEX_1min_2026-09-16.csv", "module": "storage", "funcName": "append_frame", "lineNo": 43}
{"timestamp": "2026-09-16T05:35:00.125272+00:00", "level": "INFO", "logger": "trade_system.domains.market_data.infrastructure.data.storage", "message": "Wrote 1 rows to data/fo_historical/NSE_NIFTY50-INDEX_1min_2026-09-16.csv", "module": "storage", "funcName": "append_frame", "lineNo": 43}
{"timestamp": "2026-09-16T05:35:00.350489+00:00", "level": "INFO", "logger": "trade_system.domains.trading.infrastructure.brokers.fyers.client", "message": "Fetched 111 candles for NSE:NIFTYBANK-INDEX from 2026-09-16 to 2026-09-16", "module": "client", "funcName": "_get_historical_data_impl", "lineNo": 372}
{"timestamp": "2026-09-16T05:35:00.354809+00:00", "level": "INFO", "logger": "trade_system.domains.market_data.infrastructure.data.storage", "message": "Wrote 1 rows to data/fo_historical/NSE_NIFTYBANK-INDEX_1min_2026-09-16.csv", "module": "storage", "funcName": "append_frame", "lineNo": 43}
{"timestamp": "2026-09-16T05:35:00.383986+00:00", "level": "INFO", "logger": "trade_system.domains.market_data.infrastructure.data.storage", "message": "Wrote 1 rows to data/fo_historical/NSE_NIFTYBANK-INDEX_1min_2026-09-16.csv", "module": "storage", "funcName": "append_frame", "lineNo": 43}
{"timestamp": "2026-09-16T05:35:00.832793+00:00", "level": "INFO", "logger": "trade_system.domains.trading.infrastructure.brokers.fyers.client", "message": "Fetched 111 candles for BSE:SENSEX-INDEX from 2026-09-16 to 2026-09-16", "module": "client", "funcName": "_get_historical_data_impl", "lineNo": 372}
{"timestamp": "2026-09-16T05:35:00.838343+00:00", "level": "INFO", "logger": "trade_system.domains.market_data.infrastructure.data.storage", "message": "Wrote 1 rows to data/fo_historical/BSE_SENSEX-INDEX_1min_2026-09-16.csv", "module": "storage", "funcName": "append_frame", "lineNo": 43}
{"timestamp": "2026-09-16T05:35:00.866836+00:00", "level": "INFO", "logger": "trade_system.domains.market_data.infrastructure.data.storage", "message": "Wrote 1 rows to data/fo_historical/BSE_SENSEX-INDEX_1min_2026-09-16.csv", "module": "storage", "funcName": "append_frame", "lineNo": 43}
{"timestamp": "2026-09-16T05:36:00.017474+00:00", "level": "INFO", "logger": "trade_system.domains.market_data.infrastructure.data.storage", "message": "Wrote 1 rows to data/fo_historical/NSE_NIFTY50-INDEX_1min_2026-09-16.csv", "module": "storage", "funcName": "append_frame", "lineNo": 43}
{"timestamp": "2026-09-16T05:36:00.047703+00:00", "level": "INFO", "logger": "trade_system.domains.market_data.infrastructure.data.storage", "message": "Wrote 1 rows to data/fo_historical/NSE_NIFTY50-INDEX_1min_2026-09-16.csv", "module": "storage", "funcName": "append_frame", "lineNo": 43}
{"timestamp": "2026-09-16T05:36:00.228382+00:00", "level": "INFO", "logger": "trade_system.domains.market_data.infrastructure.data.storage", "message": "Wrote 1 rows to data/fo_historical/NSE_NIFTYBANK-INDEX_1min_2026-09-16.csv", "module": "storage", "funcName": "append_frame", "lineNo": 43}
{"timestamp": "2026-09-16T05:36:00.256818+00:00", "level": "INFO", "logger": "trade_system.domains.market_data.infrastructure.data.storage", "message": "Wrote 1 rows to data/fo_historical/NSE_NIFTYBANK-INDEX_1min_2026-09-16.csv", "module": "storage", "funcName": "append_frame", "lineNo": 43}
{"timestamp": "2026-09-16T05:36:00.762279+00:00", "level": "INFO", "logger": "trade_system.domains.market_data.infrastructure.data.storage", "message": "Wrote 1 rows to data/fo_historical/BSE_SENSEX-INDEX_1min_2026-09-16.csv", "module": "storage", "funcName": "append_frame", "lineNo": 43}
{"timestamp": "2026-09-16T05:36:00.789207+00:00", "level": "INFO", "logger": "trade_system.domains.market_data.infrastructure.data.storage", "message": "Wrote 1 rows to data/fo_historical/BSE_SENSEX-INDEX_1min_2026-09-16.csv", "module": "storage", "funcName": "append_frame", "lineNo": 43}
{"timestamp": "2026-09-16T05:36:01.296810+00:00", "level": "INFO", "logger": "trade_system.interfaces.live.collector", "message": "Option-chain snapshot saved to data/option_chain_data/NIFTY50_strikes_20260916.csv", "module": "collector", "funcName": "_save_option_chain_snapshot", "lineNo": 2581}
{"timestamp": "2026-09-16T05:36:06.556954+00:00", "level": "INFO", "logger": "trade_system.interfaces.live.collector", "message": "Option-chain snapshot saved to data/option_chain_data/NIFTYBANK_strikes_20260916.csv", "module": "collector", "funcName": "_save_option_chain_snapshot", "lineNo": 2581}
{"timestamp": "2026-09-16T05:36:11.804741+00:00", "level": "INFO", "logger": "trade_system.interfaces.live.collector", "message": "Option-chain snapshot saved to data/option_chain_data/SENSEX_strikes_20260916.csv", "module": "collector", "funcName": "_save_option_chain_snapshot", "lineNo": 2581}
{"timestamp": "2026-09-16T05:37:00.093250+00:00", "level": "INFO", "logger": "trade_system.domains.trading.infrastructure.brokers.fyers.client", "message": "Fetched 113 candles for NSE:NIFTY50-INDEX from 2026-09-16 to 2026-09-16", "module": "client", "funcName": "_get_historical_data_impl", "lineNo": 372}
{"timestamp": "2026-09-16T05:37:00.100180+00:00", "level": "INFO", "logger": "trade_system.domains.market_data.infrastructure.data.storage", "message": "Wrote 1 rows to data/fo_historical/NSE_NIFTY50-INDEX_1min_2026-09-16.csv", "module": "storage", "funcName": "append_frame", "lineNo": 43}
{"timestamp": "2026-09-16T05:37:00.131651+00:00", "level": "INFO", "logger": "trade_system.domains.market_data.infrastructure.data.storage", "message": "Wrote 1 rows to data/fo_historical/NSE_NIFTY50-INDEX_1min_2026-09-16.csv", "module": "storage", "funcName": "append_frame", "lineNo": 43}
{"timestamp": "2026-09-16T05:37:00.340603+00:00", "level": "INFO", "logger": "trade_system.domains.trading.infrastructure.brokers.fyers.client", "message": "Fetched 113 candles for NSE:NIFTYBANK-INDEX from 2026-09-16 to 2026-09-16", "module": "client", "funcName": "_get_historical_data_impl", "lineNo": 372}
{"timestamp": "2026-09-16T05:37:00.345478+00:00", "level": "INFO", "logger": "trade_system.domains.market_data.infrastructure.data.storage", "message": "Wrote 1 rows to data/fo_historical/NSE_NIFTYBANK-INDEX_1min_2026-09-16.csv", "module": "storage", "funcName": "append_frame", "lineNo": 43}
{"timestamp": "2026-09-16T05:37:00.372007+00:00", "level": "INFO", "logger": "trade_system.domains.market_data.infrastructure.data.storage", "message": "Wrote 1 rows to data/fo_historical/NSE_NIFTYBANK-INDEX_1min_2026-09-16.csv", "module": "storage", "funcName": "append_frame", "lineNo": 43}
{"timestamp": "2026-09-16T05:37:00.941714+00:00", "level": "INFO", "logger": "trade_system.domains.trading.infrastructure.brokers.fyers.client", "message": "Fetched 113 candles for BSE:SENSEX-INDEX from 2026-09-16 to 2026-09-16", "module": "client", "funcName": "_get_historical_data_impl", "lineNo": 372}
{"timestamp": "2026-09-16T05:37:00.947044+00:00", "level": "INFO", "logger": "trade_system.domains.market_data.infrastructure.data.storage", "message": "Wrote 1 rows to data/fo_historical/BSE_SENSEX-INDEX_1min_2026-09-16.csv", "module": "storage", "funcName": "append_frame", "lineNo": 43}
{"timestamp": "2026-09-16T05:37:00.974181+00:00", "level": "INFO", "logger": "trade_system.domains.market_data.infrastructure.data.storage", "message": "Wrote 1 rows to data/fo_historical/BSE_SENSEX-INDEX_1min_2026-09-16.csv", "module": "storage", "funcName": "append_frame", "lineNo": 43}
{"timestamp": "2026-09-16T05:37:31.746563+00:00", "level": "INFO", "logger": "trade_system.domains.analysis.application.analysis.breakout_screener", "message": "Starting Intraday Sector Breakout/Breakdown Scan...", "module": "breakout_screener", "funcName": "scan_for_breakouts", "lineNo": 61}
{"timestamp": "2026-09-16T05:37:31.959682+00:00", "level": "INFO", "logger": "trade_system.domains.analysis.application.analysis.breakout_screener", "message": "Scanning data for date: 2026-09-16", "module": "breakout_screener", "funcName": "scan_for_breakouts", "lineNo": 106}
{"timestamp": "2026-09-16T05:37:32.235107+00:00", "level": "INFO", "logger": "trade_system.domains.analysis.application.analysis.breakout_screener", "message": "Leading Sectors (Long): ['FMCG', 'BANKING', 'CEMENT']", "module": "breakout_screener", "funcName": "scan_for_breakouts", "lineNo": 164}
{"timestamp": "2026-09-16T05:37:32.235267+00:00", "level": "INFO", "logger": "trade_system.domains.analysis.application.analysis.breakout_screener", "message": "Lagging Sectors (Short): ['CAPITAL_GOODS', 'CHEMICALS', 'INFRA']", "module": "breakout_screener", "funcName": "scan_for_breakouts", "lineNo": 165}
{"timestamp": "2026-09-16T05:37:32.245344+00:00", "level": "INFO", "logger": "trade_system.domains.analysis.application.analysis.breakout_screener", "message": "Loaded 11 consolidation watchlists for 2026-09-16", "module": "breakout_screener", "funcName": "scan_for_breakouts", "lineNo": 185}
{"timestamp": "2026-09-16T05:37:45.936756+00:00", "level": "INFO", "logger": "trade_system.domains.analysis.application.analysis.breakout_screener", "message": "Scan complete. Found 184 alerts (ORB: 4, ST_Flip: 4, ST_Touch: 8).", "module": "breakout_screener", "funcName": "scan_for_breakouts", "lineNo": 858}
{"timestamp": "2026-09-16T05:38:00.027620+00:00", "level": "INFO", "logger": "trade_system.domains.market_data.infrastructure.data.storage", "message": "Wrote 1 rows to data/fo_historical/NSE_NIFTYBANK-INDEX_1min_2026-09-16.csv", "module": "storage", "funcName": "append_frame", "lineNo": 43}
{"timestamp": "2026-09-16T05:38:00.054829+00:00", "level": "INFO", "logger": "trade_system.domains.market_data.infrastructure.data.storage", "message": "Wrote 1 rows to data/fo_historical/NSE_NIFTYBANK-INDEX_1min_2026-09-16.csv", "module": "storage", "funcName": "append_frame", "lineNo": 43}
{"timestamp": "2026-09-16T05:38:00.148995+00:00", "level": "INFO", "logger": "trade_system.domains.market_data.infrastructure.data.storage", "message": "Wrote 1 rows to data/fo_historical/NSE_NIFTY50-INDEX_1min_2026-09-16.csv", "module": "storage", "funcName": "append_frame", "lineNo": 43}
{"timestamp": "2026-09-16T05:38:00.174806+00:00", "level": "INFO", "logger": "trade_system.domains.market_data.infrastructure.data.storage", "message": "Wrote 1 rows to data/fo_historical/NSE_NIFTY50-INDEX_1min_2026-09-16.csv", "module": "storage", "funcName": "append_frame", "lineNo": 43}
{"timestamp": "2026-09-16T05:38:00.861847+00:00", "level": "INFO", "logger": "trade_system.domains.market_data.infrastructure.data.storage", "message": "Wrote 1 rows to data/fo_historical/BSE_SENSEX-INDEX_1min_2026-09-16.csv", "module": "storage", "funcName": "append_frame", "lineNo": 43}
{"timestamp": "2026-09-16T05:38:00.888955+00:00", "level": "INFO", "logger": "trade_system.domains.market_data.infrastructure.data.storage", "message": "Wrote 1 rows to data/fo_historical/BSE_SENSEX-INDEX_1min_2026-09-16.csv", "module": "storage", "funcName": "append_frame", "lineNo": 43}
{"timestamp": "2026-09-16T05:39:00.108135+00:00", "level": "INFO", "logger": "trade_system.domains.trading.infrastructure.brokers.fyers.client", "message": "Fetched 115 candles for NSE:NIFTYBANK-INDEX from 2026-09-16 to 2026-09-16", "module": "client", "funcName": "_get_historical_data_impl", "lineNo": 372}
{"timestamp": "2026-09-16T05:39:00.115954+00:00", "level": "INFO", "logger": "trade_system.domains.market_data.infrastructure.data.storage", "message": "Wrote 1 rows to data/fo_historical/NSE_NIFTYBANK-INDEX_1min_2026-09-16.csv", "module": "storage", "funcName": "append_frame", "lineNo": 43}
{"timestamp": "2026-09-16T05:39:00.150381+00:00", "level": "INFO", "logger": "trade_system.domains.market_data.infrastructure.data.storage", "message": "Wrote 1 rows to data/fo_historical/NSE_NIFTYBANK-INDEX_1min_2026-09-16.csv", "module": "storage", "funcName": "append_frame", "lineNo": 43}
{"timestamp": "2026-09-16T05:39:00.356711+00:00", "level": "INFO", "logger": "trade_system.domains.trading.infrastructure.brokers.fyers.client", "message": "Fetched 115 candles for NSE:NIFTY50-INDEX from 2026-09-16 to 2026-09-16", "module": "client", "funcName": "_get_historical_data_impl", "lineNo": 372}
{"timestamp": "2026-09-16T05:39:00.361385+00:00", "level": "INFO", "logger": "trade_system.domains.market_data.infrastructure.data.storage", "message": "Wrote 1 rows to data/fo_historical/NSE_NIFTY50-INDEX_1min_2026-09-16.csv", "module": "storage", "funcName": "append_frame", "lineNo": 43}
{"timestamp": "2026-09-16T05:39:00.388998+00:00", "level": "INFO", "logger": "trade_system.domains.market_data.infrastructure.data.storage", "message": "Wrote 1 rows to data/fo_historical/NSE_NIFTY50-INDEX_1min_2026-09-16.csv", "module": "storage", "funcName": "append_frame", "lineNo": 43}
{"timestamp": "2026-09-16T05:39:01.029752+00:00", "level": "INFO", "logger": "trade_system.domains.trading.infrastructure.brokers.fyers.client", "message": "Fetched 115 candles for BSE:SENSEX-INDEX from 2026-09-16 to 2026-09-16", "module": "client", "funcName": "_get_historical_data_impl", "lineNo": 372}
{"timestamp": "2026-09-16T05:39:01.034520+00:00", "level": "INFO", "logger": "trade_system.domains.market_data.infrastructure.data.storage", "message": "Wrote 1 rows to data/fo_historical/BSE_SENSEX-INDEX_1min_2026-09-16.csv", "module": "storage", "funcName": "append_frame", "lineNo": 43}
{"timestamp": "2026-09-16T05:39:01.064440+00:00", "level": "INFO", "logger": "trade_system.domains.market_data.infrastructure.data.storage", "message": "Wrote 1 rows to data/fo_historical/BSE_SENSEX-INDEX_1min_2026-09-16.csv", "module": "storage", "funcName": "append_frame", "lineNo": 43}
{"timestamp": "2026-09-16T05:39:17.057911+00:00", "level": "INFO", "logger": "trade_system.interfaces.live.collector", "message": "Option-chain snapshot saved to data/option_chain_data/NIFTY50_strikes_20260916.csv", "module": "collector", "funcName": "_save_option_chain_snapshot", "lineNo": 2581}
{"timestamp": "2026-09-16T05:39:22.301137+00:00", "level": "INFO", "logger": "trade_system.interfaces.live.collector", "message": "Option-chain snapshot saved to data/option_chain_data/NIFTYBANK_strikes_20260916.csv", "module": "collector", "funcName": "_save_option_chain_snapshot", "lineNo": 2581}
{"timestamp": "2026-09-16T05:39:27.544320+00:00", "level": "INFO", "logger": "trade_system.interfaces.live.collector", "message": "Option-chain snapshot saved to data/option_chain_data/SENSEX_strikes_20260916.csv", "module": "collector", "funcName": "_save_option_chain_snapshot", "lineNo": 2581}
{"timestamp": "2026-09-16T05:39:54.108874+00:00", "level": "INFO", "logger": "trade_system.domains.analysis.application.analysis.intraday_option_edge", "message": "IOE Pipeline Stage 1: Universe shortlisting...", "module": "intraday_option_edge", "funcName": "scan", "lineNo": 155}
{"timestamp": "2026-09-16T05:39:54.312716+00:00", "level": "INFO", "logger": "trade_system.domains.analysis.application.analysis.fo_intraday_shortlist", "message": "Running FOIntradayShortlist for 2026-09-16", "module": "fo_intraday_shortlist", "funcName": "shortlist", "lineNo": 111}
{"timestamp": "2026-09-16T05:40:00.241045+00:00", "level": "INFO", "logger": "trade_system.domains.market_data.infrastructure.data.storage", "message": "Wrote 1 rows to data/fo_historical/NSE_NIFTY50-INDEX_1min_2026-09-16.csv", "module": "storage", "funcName": "append_frame", "lineNo": 43}
{"timestamp": "2026-09-16T05:40:00.598474+00:00", "level": "INFO", "logger": "trade_system.domains.market_data.infrastructure.data.storage", "message": "Wrote 1 rows to data/fo_historical/NSE_NIFTY50-INDEX_1min_2026-09-16.csv", "module": "storage", "funcName": "append_frame", "lineNo": 43}
{"timestamp": "2026-09-16T05:40:01.152540+00:00", "level": "INFO", "logger": "trade_system.domains.market_data.infrastructure.data.storage", "message": "Wrote 1 rows to data/fo_historical/NSE_NIFTYBANK-INDEX_1min_2026-09-16.csv", "module": "storage", "funcName": "append_frame", "lineNo": 43}
{"timestamp": "2026-09-16T05:40:01.501252+00:00", "level": "INFO", "logger": "trade_system.domains.market_data.infrastructure.data.storage", "message": "Wrote 1 rows to data/fo_historical/NSE_NIFTYBANK-INDEX_1min_2026-09-16.csv", "module": "storage", "funcName": "append_frame", "lineNo": 43}
{"timestamp": "2026-09-16T05:40:02.077288+00:00", "level": "INFO", "logger": "trade_system.domains.market_data.infrastructure.data.storage", "message": "Wrote 1 rows to data/fo_historical/BSE_SENSEX-INDEX_1min_2026-09-16.csv", "module": "storage", "funcName": "append_frame", "lineNo": 43}
{"timestamp": "2026-09-16T05:40:02.389365+00:00", "level": "INFO", "logger": "trade_system.domains.market_data.infrastructure.data.storage", "message": "Wrote 1 rows to data/fo_historical/BSE_SENSEX-INDEX_1min_2026-09-16.csv", "module": "storage", "funcName": "append_frame", "lineNo": 43}
{"timestamp": "2026-09-16T05:40:05.549874+00:00", "level": "INFO", "logger": "trade_system.domains.analysis.application.analysis.fo_intraday_shortlist", "message": "Shortlisted 25/207 stocks (Leaders: 3, Laggards: 3)", "module": "fo_intraday_shortlist", "funcName": "shortlist", "lineNo": 225}
{"timestamp": "2026-09-16T05:40:05.552527+00:00", "level": "INFO", "logger": "trade_system.domains.analysis.application.analysis.intraday_option_edge", "message": "IOE Pipeline: 25 stocks shortlisted.", "module": "intraday_option_edge", "funcName": "scan", "lineNo": 161}
{"timestamp": "2026-09-16T05:40:05.552656+00:00", "level": "INFO", "logger": "trade_system.domains.analysis.application.analysis.intraday_option_edge", "message": "IOE Pipeline Stage 2: Regime detection...", "module": "intraday_option_edge", "funcName": "scan", "lineNo": 164}
{"timestamp": "2026-09-16T05:40:05.559325+00:00", "level": "INFO", "logger": "trade_system.domains.analysis.application.analysis.intraday_option_edge", "message": "IOE Pipeline: Regime = \u2696\ufe0f NEUTRAL (threshold: 60)", "module": "intraday_option_edge", "funcName": "scan", "lineNo": 166}
{"timestamp": "2026-09-16T05:40:05.559423+00:00", "level": "INFO", "logger": "trade_system.domains.analysis.application.analysis.intraday_option_edge", "message": "IOE Pipeline Stage 3: Edge scoring...", "module": "intraday_option_edge", "funcName": "scan", "lineNo": 169}
{"timestamp": "2026-09-16T05:40:41.751341+00:00", "level": "INFO", "logger": "trade_system.domains.analysis.application.analysis.intraday_option_edge", "message": "IOE Pipeline: 24 stocks passed regime-adjusted threshold (60)", "module": "intraday_option_edge", "funcName": "scan", "lineNo": 190}
{"timestamp": "2026-09-16T05:40:41.751995+00:00", "level": "INFO", "logger": "trade_system.domains.analysis.application.analysis.intraday_option_edge", "message": "IOE Pipeline: Fetching 15m data for entry trigger evaluation...", "module": "intraday_option_edge", "funcName": "scan", "lineNo": 201}
{"timestamp": "2026-09-16T05:40:41.904032+00:00", "level": "INFO", "logger": "trade_system.domains.analysis.application.analysis.intraday_option_edge", "message": "IOE Pipeline Stage 4+5: Entry triggers & option selection...", "module": "intraday_option_edge", "funcName": "scan", "lineNo": 221}
{"timestamp": "2026-09-16T05:40:42.873812+00:00", "level": "INFO", "logger": "trade_system.domains.analysis.application.analysis.intraday_option_edge", "message": "IOE Pipeline: Returning 3 actionable alerts.", "module": "intraday_option_edge", "funcName": "scan", "lineNo": 293}
{"timestamp": "2026-09-16T05:41:00.103927+00:00", "level": "INFO", "logger": "trade_system.domains.trading.infrastructure.brokers.fyers.client", "message": "Fetched 117 candles for NSE:NIFTYBANK-INDEX from 2026-09-16 to 2026-09-16", "module": "client", "funcName": "_get_historical_data_impl", "lineNo": 372}
{"timestamp": "2026-09-16T05:41:00.108989+00:00", "level": "INFO", "logger": "trade_system.domains.market_data.infrastructure.data.storage", "message": "Wrote 1 rows to data/fo_historical/NSE_NIFTYBANK-INDEX_1min_2026-09-16.csv", "module": "storage", "funcName": "append_frame", "lineNo": 43}
{"timestamp": "2026-09-16T05:41:00.136420+00:00", "level": "INFO", "logger": "trade_system.domains.market_data.infrastructure.data.storage", "message": "Wrote 1 rows to data/fo_historical/NSE_NIFTYBANK-INDEX_1min_2026-09-16.csv", "module": "storage", "funcName": "append_frame", "lineNo": 43}
{"timestamp": "2026-09-16T05:41:00.343416+00:00", "level": "INFO", "logger": "trade_system.domains.trading.infrastructure.brokers.fyers.client", "message": "Fetched 117 candles for BSE:SENSEX-INDEX from 2026-09-16 to 2026-09-16", "module": "client", "funcName": "_get_historical_data_impl", "lineNo": 372}
{"timestamp": "2026-09-16T05:41:00.349372+00:00", "level": "INFO", "logger": "trade_system.domains.market_data.infrastructure.data.storage", "message": "Wrote 1 rows to data/fo_historical/BSE_SENSEX-INDEX_1min_2026-09-16.csv", "module": "storage", "funcName": "append_frame", "lineNo": 43}
{"timestamp": "2026-09-16T05:41:00.379012+00:00", "level": "INFO", "logger": "trade_system.domains.market_data.infrastructure.data.storage", "message": "Wrote 1 rows to data/fo_historical/BSE_SENSEX-INDEX_1min_2026-09-16.csv", "module": "storage", "funcName": "append_frame", "lineNo": 43}
{"timestamp": "2026-09-16T05:41:00.597293+00:00", "level": "INFO", "logger": "trade_system.domains.trading.infrastructure.brokers.fyers.client", "message": "Fetched 117 candles for NSE:NIFTY50-INDEX from 2026-09-16 to 2026-09-16", "module": "client", "funcName": "_get_historical_data_impl", "lineNo": 372}
{"timestamp": "2026-09-16T05:41:00.602493+00:00", "level": "INFO", "logger": "trade_system.domains.market_data.infrastructure.data.storage", "message": "Wrote 1 rows to data/fo_historical/NSE_NIFTY50-INDEX_1min_2026-09-16.csv", "module": "storage", "funcName": "append_frame", "lineNo": 43}
{"timestamp": "2026-09-16T05:41:00.629936+00:00", "level": "INFO", "logger": "trade_system.domains.market_data.infrastructure.data.storage", "message": "Wrote 1 rows to data/fo_historical/NSE_NIFTY50-INDEX_1min_2026-09-16.csv", "module": "storage", "funcName": "append_frame", "lineNo": 43}
{"timestamp": "2026-09-16T05:42:00.017854+00:00", "level": "INFO", "logger": "trade_system.domains.market_data.infrastructure.data.storage", "message": "Wrote 1 rows to data/fo_historical/NSE_NIFTYBANK-INDEX_1min_2026-09-16.csv", "module": "storage", "funcName": "append_frame", "lineNo": 43}
{"timestamp": "2026-09-16T05:42:00.052055+00:00", "level": "INFO", "logger": "trade_system.domains.market_data.infrastructure.data.storage", "message": "Wrote 1 rows to data/fo_historical/NSE_NIFTYBANK-INDEX_1min_2026-09-16.csv", "module": "storage", "funcName": "append_frame", "lineNo": 43}
{"timestamp": "2026-09-16T05:42:00.148825+00:00", "level": "INFO", "logger": "trade_system.domains.market_data.infrastructure.data.storage", "message": "Wrote 1 rows to data/fo_historical/NSE_NIFTY50-INDEX_1min_2026-09-16.csv", "module": "storage", "funcName": "append_frame", "lineNo": 43}
{"timestamp": "2026-09-16T05:42:00.173757+00:00", "level": "INFO", "logger": "trade_system.domains.market_data.infrastructure.data.storage", "message": "Wrote 1 rows to data/fo_historical/NSE_NIFTY50-INDEX_1min_2026-09-16.csv", "module": "storage", "funcName": "append_frame", "lineNo": 43}
{"timestamp": "2026-09-16T05:42:00.266410+00:00", "level": "INFO", "logger": "trade_system.domains.market_data.infrastructure.data.storage", "message": "Wrote 1 rows to data/fo_historical/BSE_SENSEX-INDEX_1min_2026-09-16.csv", "module": "storage", "funcName": "append_frame", "lineNo": 43}
{"timestamp": "2026-09-16T05:42:00.293459+00:00", "level": "INFO", "logger": "trade_system.domains.market_data.infrastructure.data.storage", "message": "Wrote 1 rows to data/fo_historical/BSE_SENSEX-INDEX_1min_2026-09-16.csv", "module": "storage", "funcName": "append_frame", "lineNo": 43}
{"timestamp": "2026-09-16T05:42:32.775525+00:00", "level": "INFO", "logger": "trade_system.interfaces.live.collector", "message": "Option-chain snapshot saved to data/option_chain_data/NIFTY50_strikes_20260916.csv", "module": "collector", "funcName": "_save_option_chain_snapshot", "lineNo": 2581}
{"timestamp": "2026-09-16T05:42:38.069848+00:00", "level": "INFO", "logger": "trade_system.interfaces.live.collector", "message": "Option-chain snapshot saved to data/option_chain_data/NIFTYBANK_strikes_20260916.csv", "module": "collector", "funcName": "_save_option_chain_snapshot", "lineNo": 2581}
{"timestamp": "2026-09-16T05:42:43.325294+00:00", "level": "INFO", "logger": "trade_system.interfaces.live.collector", "message": "Option-chain snapshot saved to data/option_chain_data/SENSEX_strikes_20260916.csv", "module": "collector", "funcName": "_save_option_chain_snapshot", "lineNo": 2581}
{"timestamp": "2026-09-16T05:42:45.942508+00:00", "level": "INFO", "logger": "trade_system.domains.analysis.application.analysis.breakout_screener", "message": "Starting Intraday Sector Breakout/Breakdown Scan...", "module": "breakout_screener", "funcName": "scan_for_breakouts", "lineNo": 61}
{"timestamp": "2026-09-16T05:42:46.134106+00:00", "level": "INFO", "logger": "trade_system.domains.analysis.application.analysis.breakout_screener", "message": "Scanning data for date: 2026-09-16", "module": "breakout_screener", "funcName": "scan_for_breakouts", "lineNo": 106}
{"timestamp": "2026-09-16T05:42:46.417337+00:00", "level": "INFO", "logger": "trade_system.domains.analysis.application.analysis.breakout_screener", "message": "Leading Sectors (Long): ['FMCG', 'BANKING', 'CEMENT']", "module": "breakout_screener", "funcName": "scan_for_breakouts", "lineNo": 164}
{"timestamp": "2026-09-16T05:42:46.417506+00:00", "level": "INFO", "logger": "trade_system.domains.analysis.application.analysis.breakout_screener", "message": "Lagging Sectors (Short): ['CAPITAL_GOODS', 'CHEMICALS', 'INFRA']", "module": "breakout_screener", "funcName": "scan_for_breakouts", "lineNo": 165}
{"timestamp": "2026-09-16T05:42:46.427642+00:00", "level": "INFO", "logger": "trade_system.domains.analysis.application.analysis.breakout_screener", "message": "Loaded 11 consolidation watchlists for 2026-09-16", "module": "breakout_screener", "funcName": "scan_for_breakouts", "lineNo": 185}
{"timestamp": "2026-09-16T05:43:00.235874+00:00", "level": "INFO", "logger": "trade_system.domains.trading.infrastructure.brokers.fyers.client", "message": "Fetched 119 candles for NSE:NIFTY50-INDEX from 2026-09-16 to 2026-09-16", "module": "client", "funcName": "_get_historical_data_impl", "lineNo": 372}
{"timestamp": "2026-09-16T05:43:00.342014+00:00", "level": "INFO", "logger": "trade_system.domains.market_data.infrastructure.data.storage", "message": "Wrote 1 rows to data/fo_historical/NSE_NIFTY50-INDEX_1min_2026-09-16.csv", "module": "storage", "funcName": "append_frame", "lineNo": 43}
{"timestamp": "2026-09-16T05:43:00.342985+00:00", "level": "INFO", "logger": "trade_system.domains.analysis.application.analysis.breakout_screener", "message": "Scan complete. Found 184 alerts (ORB: 4, ST_Flip: 4, ST_Touch: 8).", "module": "breakout_screener", "funcName": "scan_for_breakouts", "lineNo": 858}
{"timestamp": "2026-09-16T05:43:00.375311+00:00", "level": "INFO", "logger": "trade_system.domains.market_data.infrastructure.data.storage", "message": "Wrote 1 rows to data/fo_historical/NSE_NIFTY50-INDEX_1min_2026-09-16.csv", "module": "storage", "funcName": "append_frame", "lineNo": 43}
{"timestamp": "2026-09-16T05:43:00.541517+00:00", "level": "INFO", "logger": "trade_system.domains.trading.infrastructure.brokers.fyers.client", "message": "Fetched 119 candles for BSE:SENSEX-INDEX from 2026-09-16 to 2026-09-16", "module": "client", "funcName": "_get_historical_data_impl", "lineNo": 372}
{"timestamp": "2026-09-16T05:43:00.548563+00:00", "level": "INFO", "logger": "trade_system.domains.market_data.infrastructure.data.storage", "message": "Wrote 1 rows to data/fo_historical/BSE_SENSEX-INDEX_1min_2026-09-16.csv", "module": "storage", "funcName": "append_frame", "lineNo": 43}
{"timestamp": "2026-09-16T05:43:00.574984+00:00", "level": "INFO", "logger": "trade_system.domains.market_data.infrastructure.data.storage", "message": "Wrote 1 rows to data/fo_historical/BSE_SENSEX-INDEX_1min_2026-09-16.csv", "module": "storage", "funcName": "append_frame", "lineNo": 43}
{"timestamp": "2026-09-16T05:43:00.794247+00:00", "level": "INFO", "logger": "trade_system.domains.trading.infrastructure.brokers.fyers.client", "message": "Fetched 119 candles for NSE:NIFTYBANK-INDEX from 2026-09-16 to 2026-09-16", "module": "client", "funcName": "_get_historical_data_impl", "lineNo": 372}
{"timestamp": "2026-09-16T05:43:00.799845+00:00", "level": "INFO", "logger": "trade_system.domains.market_data.infrastructure.data.storage", "message": "Wrote 1 rows to data/fo_historical/NSE_NIFTYBANK-INDEX_1min_2026-09-16.csv", "module": "storage", "funcName": "append_frame", "lineNo": 43}
{"timestamp": "2026-09-16T05:43:00.856075+00:00", "level": "INFO", "logger": "trade_system.domains.market_data.infrastructure.data.storage", "message": "Wrote 1 rows to data/fo_historical/NSE_NIFTYBANK-INDEX_1min_2026-09-16.csv", "module": "storage", "funcName": "append_frame", "lineNo": 43}
{"timestamp": "2026-09-16T05:44:00.030979+00:00", "level": "INFO", "logger": "trade_system.domains.market_data.infrastructure.data.storage", "message": "Wrote 1 rows to data/fo_historical/NSE_NIFTYBANK-INDEX_1min_2026-09-16.csv", "module": "storage", "funcName": "append_frame", "lineNo": 43}
{"timestamp": "2026-09-16T05:44:00.071437+00:00", "level": "INFO", "logger": "trade_system.domains.market_data.infrastructure.data.storage", "message": "Wrote 1 rows to data/fo_historical/NSE_NIFTYBANK-INDEX_1min_2026-09-16.csv", "module": "storage", "funcName": "append_frame", "lineNo": 43}
{"timestamp": "2026-09-16T05:44:00.177329+00:00", "level": "INFO", "logger": "trade_system.domains.market_data.infrastructure.data.storage", "message": "Wrote 1 rows to data/fo_historical/NSE_NIFTY50-INDEX_1min_2026-09-16.csv", "module": "storage", "funcName": "append_frame", "lineNo": 43}
{"timestamp": "2026-09-16T05:44:00.220289+00:00", "level": "INFO", "logger": "trade_system.domains.market_data.infrastructure.data.storage", "message": "Wrote 1 rows to data/fo_historical/NSE_NIFTY50-INDEX_1min_2026-09-16.csv", "module": "storage", "funcName": "append_frame", "lineNo": 43}
{"timestamp": "2026-09-16T05:44:00.316935+00:00", "level": "INFO", "logger": "trade_system.domains.market_data.infrastructure.data.storage", "message": "Wrote 1 rows to data/fo_historical/BSE_SENSEX-INDEX_1min_2026-09-16.csv", "module": "storage", "funcName": "append_frame", "lineNo": 43}
{"timestamp": "2026-09-16T05:44:00.342898+00:00", "level": "INFO", "logger": "trade_system.domains.market_data.infrastructure.data.storage", "message": "Wrote 1 rows to data/fo_historical/BSE_SENSEX-INDEX_1min_2026-09-16.csv", "module": "storage", "funcName": "append_frame", "lineNo": 43}
{"timestamp": "2026-09-16T05:45:00.089007+00:00", "level": "INFO", "logger": "trade_system.domains.trading.infrastructure.brokers.fyers.client", "message": "Fetched 121 candles for NSE:NIFTY50-INDEX from 2026-09-16 to 2026-09-16", "module": "client", "funcName": "_get_historical_data_impl", "lineNo": 372}
{"timestamp": "2026-09-16T05:45:00.096241+00:00", "level": "INFO", "logger": "trade_system.domains.market_data.infrastructure.data.storage", "message": "Wrote 1 rows to data/fo_historical/NSE_NIFTY50-INDEX_1min_2026-09-16.csv", "module": "storage", "funcName": "append_frame", "lineNo": 43}
{"timestamp": "2026-09-16T05:45:00.124791+00:00", "level": "INFO", "logger": "trade_system.domains.market_data.infrastructure.data.storage", "message": "Wrote 1 rows to data/fo_historical/NSE_NIFTY50-INDEX_1min_2026-09-16.csv", "module": "storage", "funcName": "append_frame", "lineNo": 43}
{"timestamp": "2026-09-16T05:45:00.349044+00:00", "level": "INFO", "logger": "trade_system.domains.trading.infrastructure.brokers.fyers.client", "message": "Fetched 121 candles for NSE:NIFTYBANK-INDEX from 2026-09-16 to 2026-09-16", "module": "client", "funcName": "_get_historical_data_impl", "lineNo": 372}
{"timestamp": "2026-09-16T05:45:00.353291+00:00", "level": "INFO", "logger": "trade_system.domains.market_data.infrastructure.data.storage", "message": "Wrote 1 rows to data/fo_historical/NSE_NIFTYBANK-INDEX_1min_2026-09-16.csv", "module": "storage", "funcName": "append_frame", "lineNo": 43}
{"timestamp": "2026-09-16T05:45:00.380725+00:00", "level": "INFO", "logger": "trade_system.domains.market_data.infrastructure.data.storage", "message": "Wrote 1 rows to data/fo_historical/NSE_NIFTYBANK-INDEX_1min_2026-09-16.csv", "module": "storage", "funcName": "append_frame", "lineNo": 43}
{"timestamp": "2026-09-16T05:45:00.583421+00:00", "level": "INFO", "logger": "trade_system.domains.trading.infrastructure.brokers.fyers.client", "message": "Fetched 121 candles for BSE:SENSEX-INDEX from 2026-09-16 to 2026-09-16", "module": "client", "funcName": "_get_historical_data_impl", "lineNo": 372}
{"timestamp": "2026-09-16T05:45:00.587593+00:00", "level": "INFO", "logger": "trade_system.domains.market_data.infrastructure.data.storage", "message": "Wrote 1 rows to data/fo_historical/BSE_SENSEX-INDEX_1min_2026-09-16.csv", "module": "storage", "funcName": "append_frame", "lineNo": 43}
{"timestamp": "2026-09-16T05:45:00.614086+00:00", "level": "INFO", "logger": "trade_system.domains.market_data.infrastructure.data.storage", "message": "Wrote 1 rows to data/fo_historical/BSE_SENSEX-INDEX_1min_2026-09-16.csv", "module": "storage", "funcName": "append_frame", "lineNo": 43}
{"timestamp": "2026-09-16T05:45:42.875425+00:00", "level": "INFO", "logger": "trade_system.domains.analysis.application.analysis.intraday_option_edge", "message": "IOE Pipeline Stage 1: Universe shortlisting...", "module": "intraday_option_edge", "funcName": "scan", "lineNo": 155}
{"timestamp": "2026-09-16T05:45:43.014704+00:00", "level": "INFO", "logger": "trade_system.domains.analysis.application.analysis.fo_intraday_shortlist", "message": "Running FOIntradayShortlist for 2026-09-16", "module": "fo_intraday_shortlist", "funcName": "shortlist", "lineNo": 111}
{"timestamp": "2026-09-16T05:45:49.174814+00:00", "level": "INFO", "logger": "trade_system.interfaces.live.collector", "message": "Option-chain snapshot saved to data/option_chain_data/NIFTY50_strikes_20260916.csv", "module": "collector", "funcName": "_save_option_chain_snapshot", "lineNo": 2581}
{"timestamp": "2026-09-16T05:45:53.412193+00:00", "level": "INFO", "logger": "trade_system.domains.analysis.application.analysis.fo_intraday_shortlist", "message": "Shortlisted 25/207 stocks (Leaders: 3, Laggards: 3)", "module": "fo_intraday_shortlist", "funcName": "shortlist", "lineNo": 225}
{"timestamp": "2026-09-16T05:45:53.414403+00:00", "level": "INFO", "logger": "trade_system.domains.analysis.application.analysis.intraday_option_edge", "message": "IOE Pipeline: 25 stocks shortlisted.", "module": "intraday_option_edge", "funcName": "scan", "lineNo": 161}
{"timestamp": "2026-09-16T05:45:53.414743+00:00", "level": "INFO", "logger": "trade_system.domains.analysis.application.analysis.intraday_option_edge", "message": "IOE Pipeline Stage 2: Regime detection...", "module": "intraday_option_edge", "funcName": "scan", "lineNo": 164}
{"timestamp": "2026-09-16T05:45:53.424164+00:00", "level": "INFO", "logger": "trade_system.domains.analysis.application.analysis.intraday_option_edge", "message": "IOE Pipeline: Regime = \u2696\ufe0f NEUTRAL (threshold: 60)", "module": "intraday_option_edge", "funcName": "scan", "lineNo": 166}
{"timestamp": "2026-09-16T05:45:53.424266+00:00", "level": "INFO", "logger": "trade_system.domains.analysis.application.analysis.intraday_option_edge", "message": "IOE Pipeline Stage 3: Edge scoring...", "module": "intraday_option_edge", "funcName": "scan", "lineNo": 169}
{"timestamp": "2026-09-16T05:45:55.144829+00:00", "level": "INFO", "logger": "trade_system.interfaces.live.collector", "message": "Option-chain snapshot saved to data/option_chain_data/NIFTYBANK_strikes_20260916.csv", "module": "collector", "funcName": "_save_option_chain_snapshot", "lineNo": 2581}
{"timestamp": "2026-09-16T05:46:00.093101+00:00", "level": "INFO", "logger": "trade_system.domains.market_data.infrastructure.data.storage", "message": "Wrote 1 rows to data/fo_historical/NSE_NIFTY50-INDEX_1min_2026-09-16.csv", "module": "storage", "funcName": "append_frame", "lineNo": 43}
{"timestamp": "2026-09-16T05:46:00.477913+00:00", "level": "INFO", "logger": "trade_system.domains.market_data.infrastructure.data.storage", "message": "Wrote 1 rows to data/fo_historical/NSE_NIFTY50-INDEX_1min_2026-09-16.csv", "module": "storage", "funcName": "append_frame", "lineNo": 43}
{"timestamp": "2026-09-16T05:46:01.129033+00:00", "level": "INFO", "logger": "trade_system.domains.market_data.infrastructure.data.storage", "message": "Wrote 1 rows to data/fo_historical/NSE_NIFTYBANK-INDEX_1min_2026-09-16.csv", "module": "storage", "funcName": "append_frame", "lineNo": 43}
{"timestamp": "2026-09-16T05:46:01.217680+00:00", "level": "INFO", "logger": "trade_system.interfaces.live.collector", "message": "Option-chain snapshot saved to data/option_chain_data/SENSEX_strikes_20260916.csv", "module": "collector", "funcName": "_save_option_chain_snapshot", "lineNo": 2581}
{"timestamp": "2026-09-16T05:46:01.485595+00:00", "level": "INFO", "logger": "trade_system.domains.market_data.infrastructure.data.storage", "message": "Wrote 1 rows to data/fo_historical/NSE_NIFTYBANK-INDEX_1min_2026-09-16.csv", "module": "storage", "funcName": "append_frame", "lineNo": 43}
{"timestamp": "2026-09-16T05:46:02.055142+00:00", "level": "INFO", "logger": "trade_system.domains.market_data.infrastructure.data.storage", "message": "Wrote 1 rows to data/fo_historical/BSE_SENSEX-INDEX_1min_2026-09-16.csv", "module": "storage", "funcName": "append_frame", "lineNo": 43}
{"timestamp": "2026-09-16T05:46:02.325884+00:00", "level": "INFO", "logger": "trade_system.domains.market_data.infrastructure.data.storage", "message": "Wrote 1 rows to data/fo_historical/BSE_SENSEX-INDEX_1min_2026-09-16.csv", "module": "storage", "funcName": "append_frame", "lineNo": 43}
{"timestamp": "2026-09-16T05:46:29.267197+00:00", "level": "INFO", "logger": "trade_system.domains.analysis.application.analysis.intraday_option_edge", "message": "IOE Pipeline: 24 stocks passed regime-adjusted threshold (60)", "module": "intraday_option_edge", "funcName": "scan", "lineNo": 190}
{"timestamp": "2026-09-16T05:46:29.267820+00:00", "level": "INFO", "logger": "trade_system.domains.analysis.application.analysis.intraday_option_edge", "message": "IOE Pipeline: Fetching 15m data for entry trigger evaluation...", "module": "intraday_option_edge", "funcName": "scan", "lineNo": 201}
{"timestamp": "2026-09-16T05:46:29.538271+00:00", "level": "INFO", "logger": "trade_system.domains.analysis.application.analysis.intraday_option_edge", "message": "IOE Pipeline Stage 4+5: Entry triggers & option selection...", "module": "intraday_option_edge", "funcName": "scan", "lineNo": 221}
{"timestamp": "2026-09-16T05:46:30.453362+00:00", "level": "INFO", "logger": "trade_system.domains.analysis.application.analysis.intraday_option_edge", "message": "IOE Pipeline: Returning 3 actionable alerts.", "module": "intraday_option_edge", "funcName": "scan", "lineNo": 293}
{"timestamp": "2026-09-16T05:47:00.204424+00:00", "level": "INFO", "logger": "trade_system.domains.trading.infrastructure.brokers.fyers.client", "message": "Fetched 123 candles for NSE:NIFTY50-INDEX from 2026-09-16 to 2026-09-16", "module": "client", "funcName": "_get_historical_data_impl", "lineNo": 372}
{"timestamp": "2026-09-16T05:47:00.209797+00:00", "level": "INFO", "logger": "trade_system.domains.market_data.infrastructure.data.storage", "message": "Wrote 1 rows to data/fo_historical/NSE_NIFTY50-INDEX_1min_2026-09-16.csv", "module": "storage", "funcName": "append_frame", "lineNo": 43}
{"timestamp": "2026-09-16T05:47:00.237382+00:00", "level": "INFO", "logger": "trade_system.domains.market_data.infrastructure.data.storage", "message": "Wrote 1 rows to data/fo_historical/NSE_NIFTY50-INDEX_1min_2026-09-16.csv", "module": "storage", "funcName": "append_frame", "lineNo": 43}
{"timestamp": "2026-09-16T05:47:00.441422+00:00", "level": "INFO", "logger": "trade_system.domains.trading.infrastructure.brokers.fyers.client", "message": "Fetched 123 candles for NSE:NIFTYBANK-INDEX from 2026-09-16 to 2026-09-16", "module": "client", "funcName": "_get_historical_data_impl", "lineNo": 372}
{"timestamp": "2026-09-16T05:47:00.445672+00:00", "level": "INFO", "logger": "trade_system.domains.market_data.infrastructure.data.storage", "message": "Wrote 1 rows to data/fo_historical/NSE_NIFTYBANK-INDEX_1min_2026-09-16.csv", "module": "storage", "funcName": "append_frame", "lineNo": 43}
{"timestamp": "2026-09-16T05:47:00.472094+00:00", "level": "INFO", "logger": "trade_system.domains.market_data.infrastructure.data.storage", "message": "Wrote 1 rows to data/fo_historical/NSE_NIFTYBANK-INDEX_1min_2026-09-16.csv", "module": "storage", "funcName": "append_frame", "lineNo": 43}
{"timestamp": "2026-09-16T05:47:00.714371+00:00", "level": "INFO", "logger": "trade_system.domains.trading.infrastructure.brokers.fyers.client", "message": "Fetched 123 candles for BSE:SENSEX-INDEX from 2026-09-16 to 2026-09-16", "module": "client", "funcName": "_get_historical_data_impl", "lineNo": 372}
{"timestamp": "2026-09-16T05:47:00.718886+00:00", "level": "INFO", "logger": "trade_system.domains.market_data.infrastructure.data.storage", "message": "Wrote 1 rows to data/fo_historical/BSE_SENSEX-INDEX_1min_2026-09-16.csv", "module": "storage", "funcName": "append_frame", "lineNo": 43}
{"timestamp": "2026-09-16T05:47:00.746975+00:00", "level": "INFO", "logger": "trade_system.domains.market_data.infrastructure.data.storage", "message": "Wrote 1 rows to data/fo_historical/BSE_SENSEX-INDEX_1min_2026-09-16.csv", "module": "storage", "funcName": "append_frame", "lineNo": 43}
{"timestamp": "2026-09-16T05:47:02.011918+00:00", "level": "INFO", "logger": "trade_system.interfaces.live.pipelines.sr_pipeline", "message": "[NIFTY50] Zone proximity: VAL @ \u20b923250.00 | Price: \u20b923263.55 (above)", "module": "sr_pipeline", "funcName": "on_tick", "lineNo": 268}
{"timestamp": "2026-09-16T05:47:02.012117+00:00", "level": "INFO", "logger": "trade_system.interfaces.live.pipelines.sr_pipeline", "message": "[NIFTYBANK] Zone proximity: POC @ \u20b956172.50 | Price: \u20b956199.75 (above)", "module": "sr_pipeline", "funcName": "on_tick", "lineNo": 268}
{"timestamp": "2026-09-16T05:48:00.064125+00:00", "level": "INFO", "logger": "trade_system.domains.market_data.infrastructure.data.storage", "message": "Wrote 1 rows to data/fo_historical/NSE_NIFTY50-INDEX_1min_2026-09-16.csv", "module": "storage", "funcName": "append_frame", "lineNo": 43}
{"timestamp": "2026-09-16T05:48:00.091580+00:00", "level": "INFO", "logger": "trade_system.domains.market_data.infrastructure.data.storage", "message": "Wrote 1 rows to data/fo_historical/NSE_NIFTY50-INDEX_1min_2026-09-16.csv", "module": "storage", "funcName": "append_frame", "lineNo": 43}
{"timestamp": "2026-09-16T05:48:00.183568+00:00", "level": "INFO", "logger": "trade_system.domains.market_data.infrastructure.data.storage", "message": "Wrote 1 rows to data/fo_historical/NSE_NIFTYBANK-INDEX_1min_2026-09-16.csv", "module": "storage", "funcName": "append_frame", "lineNo": 43}
{"timestamp": "2026-09-16T05:48:00.209180+00:00", "level": "INFO", "logger": "trade_system.domains.market_data.infrastructure.data.storage", "message": "Wrote 1 rows to data/fo_historical/NSE_NIFTYBANK-INDEX_1min_2026-09-16.csv", "module": "storage", "funcName": "append_frame", "lineNo": 43}
{"timestamp": "2026-09-16T05:48:00.354421+00:00", "level": "INFO", "logger": "trade_system.domains.analysis.application.analysis.breakout_screener", "message": "Starting Intraday Sector Breakout/Breakdown Scan...", "module": "breakout_screener", "funcName": "scan_for_breakouts", "lineNo": 61}
{"timestamp": "2026-09-16T05:48:00.455376+00:00", "level": "INFO", "logger": "trade_system.domains.market_data.infrastructure.data.storage", "message": "Wrote 1 rows to data/fo_historical/BSE_SENSEX-INDEX_1min_2026-09-16.csv", "module": "storage", "funcName": "append_frame", "lineNo": 43}
{"timestamp": "2026-09-16T05:48:00.483102+00:00", "level": "INFO", "logger": "trade_system.domains.market_data.infrastructure.data.storage", "message": "Wrote 1 rows to data/fo_historical/BSE_SENSEX-INDEX_1min_2026-09-16.csv", "module": "storage", "funcName": "append_frame", "lineNo": 43}
{"timestamp": "2026-09-16T05:48:00.723384+00:00", "level": "INFO", "logger": "trade_system.domains.analysis.application.analysis.breakout_screener", "message": "Scanning data for date: 2026-09-16", "module": "breakout_screener", "funcName": "scan_for_breakouts", "lineNo": 106}
{"timestamp": "2026-09-16T05:48:01.014752+00:00", "level": "INFO", "logger": "trade_system.domains.analysis.application.analysis.breakout_screener", "message": "Leading Sectors (Long): ['FMCG', 'BANKING', 'CEMENT']", "module": "breakout_screener", "funcName": "scan_for_breakouts", "lineNo": 164}
{"timestamp": "2026-09-16T05:48:01.014936+00:00", "level": "INFO", "logger": "trade_system.domains.analysis.application.analysis.breakout_screener", "message": "Lagging Sectors (Short): ['CAPITAL_GOODS', 'CHEMICALS', 'INFRA']", "module": "breakout_screener", "funcName": "scan_for_breakouts", "lineNo": 165}
{"timestamp": "2026-09-16T05:48:01.027997+00:00", "level": "INFO", "logger": "trade_system.domains.analysis.application.analysis.breakout_screener", "message": "Loaded 11 consolidation watchlists for 2026-09-16", "module": "breakout_screener", "funcName": "scan_for_breakouts", "lineNo": 185}
{"timestamp": "2026-09-16T05:48:03.484443+00:00", "level": "INFO", "logger": "trade_system.interfaces.live.pipelines.sr_pipeline", "message": "[SENSEX] Zone proximity: POC @ \u20b974257.50 | Price: \u20b974404.79 (above)", "module": "sr_pipeline", "funcName": "on_tick", "lineNo": 268}
{"timestamp": "2026-09-16T05:48:14.340682+00:00", "level": "INFO", "logger": "trade_system.domains.analysis.application.analysis.breakout_screener", "message": "Scan complete. Found 184 alerts (ORB: 4, ST_Flip: 4, ST_Touch: 8).", "module": "breakout_screener", "funcName": "scan_for_breakouts", "lineNo": 858}
{"timestamp": "2026-09-16T05:49:00.196983+00:00", "level": "INFO", "logger": "trade_system.domains.trading.infrastructure.brokers.fyers.client", "message": "Fetched 125 candles for NSE:NIFTY50-INDEX from 2026-09-16 to 2026-09-16", "module": "client", "funcName": "_get_historical_data_impl", "lineNo": 372}
{"timestamp": "2026-09-16T05:49:00.204168+00:00", "level": "INFO", "logger": "trade_system.domains.market_data.infrastructure.data.storage", "message": "Wrote 1 rows to data/fo_historical/NSE_NIFTY50-INDEX_1min_2026-09-16.csv", "module": "storage", "funcName": "append_frame", "lineNo": 43}
{"timestamp": "2026-09-16T05:49:00.234383+00:00", "level": "INFO", "logger": "trade_system.domains.market_data.infrastructure.data.storage", "message": "Wrote 1 rows to data/fo_historical/NSE_NIFTY50-INDEX_1min_2026-09-16.csv", "module": "storage", "funcName": "append_frame", "lineNo": 43}
{"timestamp": "2026-09-16T05:49:00.451678+00:00", "level": "INFO", "logger": "trade_system.domains.trading.infrastructure.brokers.fyers.client", "message": "Fetched 125 candles for NSE:NIFTYBANK-INDEX from 2026-09-16 to 2026-09-16", "module": "client", "funcName": "_get_historical_data_impl", "lineNo": 372}
{"timestamp": "2026-09-16T05:49:00.456038+00:00", "level": "INFO", "logger": "trade_system.domains.market_data.infrastructure.data.storage", "message": "Wrote 1 rows to data/fo_historical/NSE_NIFTYBANK-INDEX_1min_2026-09-16.csv", "module": "storage", "funcName": "append_frame", "lineNo": 43}
{"timestamp": "2026-09-16T05:49:00.510370+00:00", "level": "INFO", "logger": "trade_system.domains.market_data.infrastructure.data.storage", "message": "Wrote 1 rows to data/fo_historical/NSE_NIFTYBANK-INDEX_1min_2026-09-16.csv", "module": "storage", "funcName": "append_frame", "lineNo": 43}
{"timestamp": "2026-09-16T05:49:00.703498+00:00", "level": "INFO", "logger": "trade_system.domains.trading.infrastructure.brokers.fyers.client", "message": "Fetched 125 candles for BSE:SENSEX-INDEX from 2026-09-16 to 2026-09-16", "module": "client", "funcName": "_get_historical_data_impl", "lineNo": 372}
{"timestamp": "2026-09-16T05:49:00.708264+00:00", "level": "INFO", "logger": "trade_system.domains.market_data.infrastructure.data.storage", "message": "Wrote 1 rows to data/fo_historical/BSE_SENSEX-INDEX_1min_2026-09-16.csv", "module": "storage", "funcName": "append_frame", "lineNo": 43}
{"timestamp": "2026-09-16T05:49:00.736889+00:00", "level": "INFO", "logger": "trade_system.domains.market_data.infrastructure.data.storage", "message": "Wrote 1 rows to data/fo_historical/BSE_SENSEX-INDEX_1min_2026-09-16.csv", "module": "storage", "funcName": "append_frame", "lineNo": 43}
{"timestamp": "2026-09-16T05:49:06.600758+00:00", "level": "INFO", "logger": "trade_system.interfaces.live.collector", "message": "Option-chain snapshot saved to data/option_chain_data/NIFTY50_strikes_20260916.csv", "module": "collector", "funcName": "_save_option_chain_snapshot", "lineNo": 2581}
{"timestamp": "2026-09-16T05:49:11.841024+00:00", "level": "INFO", "logger": "trade_system.interfaces.live.collector", "message": "Option-chain snapshot saved to data/option_chain_data/NIFTYBANK_strikes_20260916.csv", "module": "collector", "funcName": "_save_option_chain_snapshot", "lineNo": 2581}
{"timestamp": "2026-09-16T05:49:17.098691+00:00", "level": "INFO", "logger": "trade_system.interfaces.live.collector", "message": "Option-chain snapshot saved to data/option_chain_data/SENSEX_strikes_20260916.csv", "module": "collector", "funcName": "_save_option_chain_snapshot", "lineNo": 2581}
{"timestamp": "2026-09-16T05:50:00.028261+00:00", "level": "INFO", "logger": "trade_system.domains.market_data.infrastructure.data.storage", "message": "Wrote 1 rows to data/fo_historical/NSE_NIFTY50-INDEX_1min_2026-09-16.csv", "module": "storage", "funcName": "append_frame", "lineNo": 43}
{"timestamp": "2026-09-16T05:50:00.065443+00:00", "level": "INFO", "logger": "trade_system.domains.market_data.infrastructure.data.storage", "message": "Wrote 1 rows to data/fo_historical/NSE_NIFTY50-INDEX_1min_2026-09-16.csv", "module": "storage", "funcName": "append_frame", "lineNo": 43}
{"timestamp": "2026-09-16T05:50:00.167178+00:00", "level": "INFO", "logger": "trade_system.domains.market_data.infrastructure.data.storage", "message": "Wrote 1 rows to data/fo_historical/NSE_NIFTYBANK-INDEX_1min_2026-09-16.csv", "module": "storage", "funcName": "append_frame", "lineNo": 43}
{"timestamp": "2026-09-16T05:50:00.196520+00:00", "level": "INFO", "logger": "trade_system.domains.market_data.infrastructure.data.storage", "message": "Wrote 1 rows to data/fo_historical/NSE_NIFTYBANK-INDEX_1min_2026-09-16.csv", "module": "storage", "funcName": "append_frame", "lineNo": 43}
{"timestamp": "2026-09-16T05:50:00.558395+00:00", "level": "INFO", "logger": "trade_system.domains.market_data.infrastructure.data.storage", "message": "Wrote 1 rows to data/fo_historical/BSE_SENSEX-INDEX_1min_2026-09-16.csv", "module": "storage", "funcName": "append_frame", "lineNo": 43}
{"timestamp": "2026-09-16T05:50:00.584778+00:00", "level": "INFO", "logger": "trade_system.domains.market_data.infrastructure.data.storage", "message": "Wrote 1 rows to data/fo_historical/BSE_SENSEX-INDEX_1min_2026-09-16.csv", "module": "storage", "funcName": "append_frame", "lineNo": 43}
{"timestamp": "2026-09-16T05:50:18.306248+00:00", "level": "INFO", "logger": "trade_system.interfaces.live.pipelines.sr_pipeline", "message": "[NIFTYBANK] Zone proximity: VAL @ \u20b956050.00 | Price: \u20b956161.95 (above)", "module": "sr_pipeline", "funcName": "on_tick", "lineNo": 268}
{"timestamp": "2026-09-16T05:51:00.101148+00:00", "level": "INFO", "logger": "trade_system.domains.trading.infrastructure.brokers.fyers.client", "message": "Fetched 127 candles for NSE:NIFTY50-INDEX from 2026-09-16 to 2026-09-16", "module": "client", "funcName": "_get_historical_data_impl", "lineNo": 372}
{"timestamp": "2026-09-16T05:51:00.114511+00:00", "level": "INFO", "logger": "trade_system.domains.market_data.infrastructure.data.storage", "message": "Wrote 1 rows to data/fo_historical/NSE_NIFTY50-INDEX_1min_2026-09-16.csv", "module": "storage", "funcName": "append_frame", "lineNo": 43}
{"timestamp": "2026-09-16T05:51:00.150269+00:00", "level": "INFO", "logger": "trade_system.domains.market_data.infrastructure.data.storage", "message": "Wrote 1 rows to data/fo_historical/NSE_NIFTY50-INDEX_1min_2026-09-16.csv", "module": "storage", "funcName": "append_frame", "lineNo": 43}
{"timestamp": "2026-09-16T05:51:00.337335+00:00", "level": "INFO", "logger": "trade_system.domains.trading.infrastructure.brokers.fyers.client", "message": "Fetched 127 candles for NSE:NIFTYBANK-INDEX from 2026-09-16 to 2026-09-16", "module": "client", "funcName": "_get_historical_data_impl", "lineNo": 372}
{"timestamp": "2026-09-16T05:51:00.343165+00:00", "level": "INFO", "logger": "trade_system.domains.market_data.infrastructure.data.storage", "message": "Wrote 1 rows to data/fo_historical/NSE_NIFTYBANK-INDEX_1min_2026-09-16.csv", "module": "storage", "funcName": "append_frame", "lineNo": 43}
{"timestamp": "2026-09-16T05:51:00.371486+00:00", "level": "INFO", "logger": "trade_system.domains.market_data.infrastructure.data.storage", "message": "Wrote 1 rows to data/fo_historical/NSE_NIFTYBANK-INDEX_1min_2026-09-16.csv", "module": "storage", "funcName": "append_frame", "lineNo": 43}
{"timestamp": "2026-09-16T05:51:00.626344+00:00", "level": "INFO", "logger": "trade_system.domains.trading.infrastructure.brokers.fyers.client", "message": "Fetched 127 candles for BSE:SENSEX-INDEX from 2026-09-16 to 2026-09-16", "module": "client", "funcName": "_get_historical_data_impl", "lineNo": 372}
{"timestamp": "2026-09-16T05:51:00.631243+00:00", "level": "INFO", "logger": "trade_system.domains.market_data.infrastructure.data.storage", "message": "Wrote 1 rows to data/fo_historical/BSE_SENSEX-INDEX_1min_2026-09-16.csv", "module": "storage", "funcName": "append_frame", "lineNo": 43}
{"timestamp": "2026-09-16T05:51:00.659256+00:00", "level": "INFO", "logger": "trade_system.domains.market_data.infrastructure.data.storage", "message": "Wrote 1 rows to data/fo_historical/BSE_SENSEX-INDEX_1min_2026-09-16.csv", "module": "storage", "funcName": "append_frame", "lineNo": 43}
{"timestamp": "2026-09-16T05:51:30.464144+00:00", "level": "INFO", "logger": "trade_system.domains.analysis.application.analysis.intraday_option_edge", "message": "IOE Pipeline Stage 1: Universe shortlisting...", "module": "intraday_option_edge", "funcName": "scan", "lineNo": 155}
{"timestamp": "2026-09-16T05:51:30.646194+00:00", "level": "INFO", "logger": "trade_system.domains.analysis.application.analysis.fo_intraday_shortlist", "message": "Running FOIntradayShortlist for 2026-09-16", "module": "fo_intraday_shortlist", "funcName": "shortlist", "lineNo": 111}
{"timestamp": "2026-09-16T05:51:41.418172+00:00", "level": "INFO", "logger": "trade_system.domains.analysis.application.analysis.fo_intraday_shortlist", "message": "Shortlisted 25/207 stocks (Leaders: 3, Laggards: 3)", "module": "fo_intraday_shortlist", "funcName": "shortlist", "lineNo": 225}
{"timestamp": "2026-09-16T05:51:41.421606+00:00", "level": "INFO", "logger": "trade_system.domains.analysis.application.analysis.intraday_option_edge", "message": "IOE Pipeline: 25 stocks shortlisted.", "module": "intraday_option_edge", "funcName": "scan", "lineNo": 161}
{"timestamp": "2026-09-16T05:51:41.421747+00:00", "level": "INFO", "logger": "trade_system.domains.analysis.application.analysis.intraday_option_edge", "message": "IOE Pipeline Stage 2: Regime detection...", "module": "intraday_option_edge", "funcName": "scan", "lineNo": 164}
{"timestamp": "2026-09-16T05:51:41.426165+00:00", "level": "INFO", "logger": "trade_system.domains.analysis.application.analysis.intraday_option_edge", "message": "IOE Pipeline: Regime = \u2696\ufe0f NEUTRAL (threshold: 60)", "module": "intraday_option_edge", "funcName": "scan", "lineNo": 166}
{"timestamp": "2026-09-16T05:51:41.426298+00:00", "level": "INFO", "logger": "trade_system.domains.analysis.application.analysis.intraday_option_edge", "message": "IOE Pipeline Stage 3: Edge scoring...", "module": "intraday_option_edge", "funcName": "scan", "lineNo": 169}
{"timestamp": "2026-09-16T05:52:00.100121+00:00", "level": "INFO", "logger": "trade_system.domains.market_data.infrastructure.data.storage", "message": "Wrote 1 rows to data/fo_historical/NSE_NIFTY50-INDEX_1min_2026-09-16.csv", "module": "storage", "funcName": "append_frame", "lineNo": 43}
{"timestamp": "2026-09-16T05:52:00.529348+00:00", "level": "INFO", "logger": "trade_system.domains.market_data.infrastructure.data.storage", "message": "Wrote 1 rows to data/fo_historical/NSE_NIFTY50-INDEX_1min_2026-09-16.csv", "module": "storage", "funcName": "append_frame", "lineNo": 43}
{"timestamp": "2026-09-16T05:52:01.021682+00:00", "level": "INFO", "logger": "trade_system.domains.market_data.infrastructure.data.storage", "message": "Wrote 1 rows to data/fo_historical/NSE_NIFTYBANK-INDEX_1min_2026-09-16.csv", "module": "storage", "funcName": "append_frame", "lineNo": 43}
{"timestamp": "2026-09-16T05:52:01.286398+00:00", "level": "INFO", "logger": "trade_system.domains.market_data.infrastructure.data.storage", "message": "Wrote 1 rows to data/fo_historical/NSE_NIFTYBANK-INDEX_1min_2026-09-16.csv", "module": "storage", "funcName": "append_frame", "lineNo": 43}
{"timestamp": "2026-09-16T05:52:01.705891+00:00", "level": "INFO", "logger": "trade_system.domains.market_data.infrastructure.data.storage", "message": "Wrote 1 rows to data/fo_historical/BSE_SENSEX-INDEX_1min_2026-09-16.csv", "module": "storage", "funcName": "append_frame", "lineNo": 43}
{"timestamp": "2026-09-16T05:52:02.017086+00:00", "level": "INFO", "logger": "trade_system.domains.market_data.infrastructure.data.storage", "message": "Wrote 1 rows to data/fo_historical/BSE_SENSEX-INDEX_1min_2026-09-16.csv", "module": "storage", "funcName": "append_frame", "lineNo": 43}
{"timestamp": "2026-09-16T05:52:18.078345+00:00", "level": "INFO", "logger": "trade_system.domains.analysis.application.analysis.intraday_option_edge", "message": "IOE Pipeline: 24 stocks passed regime-adjusted threshold (60)", "module": "intraday_option_edge", "funcName": "scan", "lineNo": 190}
{"timestamp": "2026-09-16T05:52:18.079009+00:00", "level": "INFO", "logger": "trade_system.domains.analysis.application.analysis.intraday_option_edge", "message": "IOE Pipeline: Fetching 15m data for entry trigger evaluation...", "module": "intraday_option_edge", "funcName": "scan", "lineNo": 201}
{"timestamp": "2026-09-16T05:52:18.347235+00:00", "level": "INFO", "logger": "trade_system.domains.analysis.application.analysis.intraday_option_edge", "message": "IOE Pipeline Stage 4+5: Entry triggers & option selection...", "module": "intraday_option_edge", "funcName": "scan", "lineNo": 221}
{"timestamp": "2026-09-16T05:52:19.275680+00:00", "level": "INFO", "logger": "trade_system.domains.analysis.application.analysis.intraday_option_edge", "message": "IOE Pipeline: Returning 3 actionable alerts.", "module": "intraday_option_edge", "funcName": "scan", "lineNo": 293}
{"timestamp": "2026-09-16T05:52:22.343058+00:00", "level": "INFO", "logger": "trade_system.interfaces.live.collector", "message": "Option-chain snapshot saved to data/option_chain_data/NIFTY50_strikes_20260916.csv", "module": "collector", "funcName": "_save_option_chain_snapshot", "lineNo": 2581}
{"timestamp": "2026-09-16T05:52:27.589780+00:00", "level": "INFO", "logger": "trade_system.interfaces.live.collector", "message": "Option-chain snapshot saved to data/option_chain_data/NIFTYBANK_strikes_20260916.csv", "module": "collector", "funcName": "_save_option_chain_snapshot", "lineNo": 2581}
{"timestamp": "2026-09-16T05:52:33.056580+00:00", "level": "INFO", "logger": "trade_system.interfaces.live.collector", "message": "Option-chain snapshot saved to data/option_chain_data/SENSEX_strikes_20260916.csv", "module": "collector", "funcName": "_save_option_chain_snapshot", "lineNo": 2581}
{"timestamp": "2026-09-16T05:53:00.078741+00:00", "level": "INFO", "logger": "trade_system.domains.trading.infrastructure.brokers.fyers.client", "message": "Fetched 129 candles for NSE:NIFTY50-INDEX from 2026-09-16 to 2026-09-16", "module": "client", "funcName": "_get_historical_data_impl", "lineNo": 372}
{"timestamp": "2026-09-16T05:53:00.085660+00:00", "level": "INFO", "logger": "trade_system.domains.market_data.infrastructure.data.storage", "message": "Wrote 1 rows to data/fo_historical/NSE_NIFTY50-INDEX_1min_2026-09-16.csv", "module": "storage", "funcName": "append_frame", "lineNo": 43}
{"timestamp": "2026-09-16T05:53:00.117239+00:00", "level": "INFO", "logger": "trade_system.domains.market_data.infrastructure.data.storage", "message": "Wrote 1 rows to data/fo_historical/NSE_NIFTY50-INDEX_1min_2026-09-16.csv", "module": "storage", "funcName": "append_frame", "lineNo": 43}
{"timestamp": "2026-09-16T05:53:00.520010+00:00", "level": "INFO", "logger": "trade_system.domains.trading.infrastructure.brokers.fyers.client", "message": "Fetched 129 candles for NSE:NIFTYBANK-INDEX from 2026-09-16 to 2026-09-16", "module": "client", "funcName": "_get_historical_data_impl", "lineNo": 372}
{"timestamp": "2026-09-16T05:53:00.525377+00:00", "level": "INFO", "logger": "trade_system.domains.market_data.infrastructure.data.storage", "message": "Wrote 1 rows to data/fo_historical/NSE_NIFTYBANK-INDEX_1min_2026-09-16.csv", "module": "storage", "funcName": "append_frame", "lineNo": 43}
{"timestamp": "2026-09-16T05:53:00.553517+00:00", "level": "INFO", "logger": "trade_system.domains.market_data.infrastructure.data.storage", "message": "Wrote 1 rows to data/fo_historical/NSE_NIFTYBANK-INDEX_1min_2026-09-16.csv", "module": "storage", "funcName": "append_frame", "lineNo": 43}
{"timestamp": "2026-09-16T05:53:00.750843+00:00", "level": "INFO", "logger": "trade_system.domains.trading.infrastructure.brokers.fyers.client", "message": "Fetched 129 candles for BSE:SENSEX-INDEX from 2026-09-16 to 2026-09-16", "module": "client", "funcName": "_get_historical_data_impl", "lineNo": 372}
{"timestamp": "2026-09-16T05:53:00.756150+00:00", "level": "INFO", "logger": "trade_system.domains.market_data.infrastructure.data.storage", "message": "Wrote 1 rows to data/fo_historical/BSE_SENSEX-INDEX_1min_2026-09-16.csv", "module": "storage", "funcName": "append_frame", "lineNo": 43}
{"timestamp": "2026-09-16T05:53:00.784950+00:00", "level": "INFO", "logger": "trade_system.domains.market_data.infrastructure.data.storage", "message": "Wrote 1 rows to data/fo_historical/BSE_SENSEX-INDEX_1min_2026-09-16.csv", "module": "storage", "funcName": "append_frame", "lineNo": 43}
{"timestamp": "2026-09-16T05:53:14.355516+00:00", "level": "INFO", "logger": "trade_system.domains.analysis.application.analysis.breakout_screener", "message": "Starting Intraday Sector Breakout/Breakdown Scan...", "module": "breakout_screener", "funcName": "scan_for_breakouts", "lineNo": 61}
{"timestamp": "2026-09-16T05:53:14.553426+00:00", "level": "INFO", "logger": "trade_system.domains.analysis.application.analysis.breakout_screener", "message": "Scanning data for date: 2026-09-16", "module": "breakout_screener", "funcName": "scan_for_breakouts", "lineNo": 106}
{"timestamp": "2026-09-16T05:53:14.805634+00:00", "level": "INFO", "logger": "trade_system.domains.analysis.application.analysis.breakout_screener", "message": "Leading Sectors (Long): ['FMCG', 'BANKING', 'CEMENT']", "module": "breakout_screener", "funcName": "scan_for_breakouts", "lineNo": 164}
{"timestamp": "2026-09-16T05:53:14.805866+00:00", "level": "INFO", "logger": "trade_system.domains.analysis.application.analysis.breakout_screener", "message": "Lagging Sectors (Short): ['CAPITAL_GOODS', 'CHEMICALS', 'INFRA']", "module": "breakout_screener", "funcName": "scan_for_breakouts", "lineNo": 165}
{"timestamp": "2026-09-16T05:53:14.817666+00:00", "level": "INFO", "logger": "trade_system.domains.analysis.application.analysis.breakout_screener", "message": "Loaded 11 consolidation watchlists for 2026-09-16", "module": "breakout_screener", "funcName": "scan_for_breakouts", "lineNo": 185}
{"timestamp": "2026-09-16T05:53:28.405079+00:00", "level": "INFO", "logger": "trade_system.domains.analysis.application.analysis.breakout_screener", "message": "Scan complete. Found 184 alerts (ORB: 4, ST_Flip: 4, ST_Touch: 8).", "module": "breakout_screener", "funcName": "scan_for_breakouts", "lineNo": 858}
{"timestamp": "2026-09-16T05:54:00.022638+00:00", "level": "INFO", "logger": "trade_system.domains.market_data.infrastructure.data.storage", "message": "Wrote 1 rows to data/fo_historical/NSE_NIFTY50-INDEX_1min_2026-09-16.csv", "module": "storage", "funcName": "append_frame", "lineNo": 43}
{"timestamp": "2026-09-16T05:54:00.050356+00:00", "level": "INFO", "logger": "trade_system.domains.market_data.infrastructure.data.storage", "message": "Wrote 1 rows to data/fo_historical/NSE_NIFTY50-INDEX_1min_2026-09-16.csv", "module": "storage", "funcName": "append_frame", "lineNo": 43}
{"timestamp": "2026-09-16T05:54:00.146539+00:00", "level": "INFO", "logger": "trade_system.domains.market_data.infrastructure.data.storage", "message": "Wrote 1 rows to data/fo_historical/NSE_NIFTYBANK-INDEX_1min_2026-09-16.csv", "module": "storage", "funcName": "append_frame", "lineNo": 43}
{"timestamp": "2026-09-16T05:54:00.174199+00:00", "level": "INFO", "logger": "trade_system.domains.market_data.infrastructure.data.storage", "message": "Wrote 1 rows to data/fo_historical/NSE_NIFTYBANK-INDEX_1min_2026-09-16.csv", "module": "storage", "funcName": "append_frame", "lineNo": 43}
{"timestamp": "2026-09-16T05:54:00.972983+00:00", "level": "INFO", "logger": "trade_system.domains.advisory.application.agent.live_alert_agent", "message": "Live alert sent: NSE:NIFTYBANK-INDEX_SMC_BULLISH_SWEEP_RECLAIM", "module": "live_alert_agent", "funcName": "_debounce_send", "lineNo": 503}
{"timestamp": "2026-09-16T05:54:00.997965+00:00", "level": "INFO", "logger": "trade_system.domains.market_data.infrastructure.data.storage", "message": "Wrote 1 rows to data/fo_historical/BSE_SENSEX-INDEX_1min_2026-09-16.csv", "module": "storage", "funcName": "append_frame", "lineNo": 43}
{"timestamp": "2026-09-16T05:54:01.023762+00:00", "level": "INFO", "logger": "trade_system.domains.market_data.infrastructure.data.storage", "message": "Wrote 1 rows to data/fo_historical/BSE_SENSEX-INDEX_1min_2026-09-16.csv", "module": "storage", "funcName": "append_frame", "lineNo": 43}
{"timestamp": "2026-09-16T05:55:00.189697+00:00", "level": "INFO", "logger": "trade_system.domains.trading.infrastructure.brokers.fyers.client", "message": "Fetched 131 candles for NSE:NIFTY50-INDEX from 2026-09-16 to 2026-09-16", "module": "client", "funcName": "_get_historical_data_impl", "lineNo": 372}
{"timestamp": "2026-09-16T05:55:00.196630+00:00", "level": "INFO", "logger": "trade_system.domains.market_data.infrastructure.data.storage", "message": "Wrote 1 rows to data/fo_historical/NSE_NIFTY50-INDEX_1min_2026-09-16.csv", "module": "storage", "funcName": "append_frame", "lineNo": 43}
{"timestamp": "2026-09-16T05:55:00.224137+00:00", "level": "INFO", "logger": "trade_system.domains.market_data.infrastructure.data.storage", "message": "Wrote 1 rows to data/fo_historical/NSE_NIFTY50-INDEX_1min_2026-09-16.csv", "module": "storage", "funcName": "append_frame", "lineNo": 43}
{"timestamp": "2026-09-16T05:55:00.435197+00:00", "level": "INFO", "logger": "trade_system.domains.trading.infrastructure.brokers.fyers.client", "message": "Fetched 131 candles for NSE:NIFTYBANK-INDEX from 2026-09-16 to 2026-09-16", "module": "client", "funcName": "_get_historical_data_impl", "lineNo": 372}
{"timestamp": "2026-09-16T05:55:00.440359+00:00", "level": "INFO", "logger": "trade_system.domains.market_data.infrastructure.data.storage", "message": "Wrote 1 rows to data/fo_historical/NSE_NIFTYBANK-INDEX_1min_2026-09-16.csv", "module": "storage", "funcName": "append_frame", "lineNo": 43}
{"timestamp": "2026-09-16T05:55:00.467557+00:00", "level": "INFO", "logger": "trade_system.domains.market_data.infrastructure.data.storage", "message": "Wrote 1 rows to data/fo_historical/NSE_NIFTYBANK-INDEX_1min_2026-09-16.csv", "module": "storage", "funcName": "append_frame", "lineNo": 43}
{"timestamp": "2026-09-16T05:55:00.893359+00:00", "level": "INFO", "logger": "trade_system.domains.trading.infrastructure.brokers.fyers.client", "message": "Fetched 131 candles for BSE:SENSEX-INDEX from 2026-09-16 to 2026-09-16", "module": "client", "funcName": "_get_historical_data_impl", "lineNo": 372}
{"timestamp": "2026-09-16T05:55:00.898893+00:00", "level": "INFO", "logger": "trade_system.domains.market_data.infrastructure.data.storage", "message": "Wrote 1 rows to data/fo_historical/BSE_SENSEX-INDEX_1min_2026-09-16.csv", "module": "storage", "funcName": "append_frame", "lineNo": 43}
{"timestamp": "2026-09-16T05:55:00.926013+00:00", "level": "INFO", "logger": "trade_system.domains.market_data.infrastructure.data.storage", "message": "Wrote 1 rows to data/fo_historical/BSE_SENSEX-INDEX_1min_2026-09-16.csv", "module": "storage", "funcName": "append_frame", "lineNo": 43}
{"timestamp": "2026-09-16T05:55:38.297675+00:00", "level": "INFO", "logger": "trade_system.interfaces.live.collector", "message": "Option-chain snapshot saved to data/option_chain_data/NIFTY50_strikes_20260916.csv", "module": "collector", "funcName": "_save_option_chain_snapshot", "lineNo": 2581}
{"timestamp": "2026-09-16T05:55:43.545648+00:00", "level": "INFO", "logger": "trade_system.interfaces.live.collector", "message": "Option-chain snapshot saved to data/option_chain_data/NIFTYBANK_strikes_20260916.csv", "module": "collector", "funcName": "_save_option_chain_snapshot", "lineNo": 2581}
{"timestamp": "2026-09-16T05:55:48.795730+00:00", "level": "INFO", "logger": "trade_system.interfaces.live.collector", "message": "Option-chain snapshot saved to data/option_chain_data/SENSEX_strikes_20260916.csv", "module": "collector", "funcName": "_save_option_chain_snapshot", "lineNo": 2581}
{"timestamp": "2026-09-16T05:56:00.029170+00:00", "level": "INFO", "logger": "trade_system.domains.market_data.infrastructure.data.storage", "message": "Wrote 1 rows to data/fo_historical/NSE_NIFTY50-INDEX_1min_2026-09-16.csv", "module": "storage", "funcName": "append_frame", "lineNo": 43}
{"timestamp": "2026-09-16T05:56:00.068479+00:00", "level": "INFO", "logger": "trade_system.domains.market_data.infrastructure.data.storage", "message": "Wrote 1 rows to data/fo_historical/NSE_NIFTY50-INDEX_1min_2026-09-16.csv", "module": "storage", "funcName": "append_frame", "lineNo": 43}
{"timestamp": "2026-09-16T05:56:00.171692+00:00", "level": "INFO", "logger": "trade_system.domains.market_data.infrastructure.data.storage", "message": "Wrote 1 rows to data/fo_historical/NSE_NIFTYBANK-INDEX_1min_2026-09-16.csv", "module": "storage", "funcName": "append_frame", "lineNo": 43}
{"timestamp": "2026-09-16T05:56:00.199161+00:00", "level": "INFO", "logger": "trade_system.domains.market_data.infrastructure.data.storage", "message": "Wrote 1 rows to data/fo_historical/NSE_NIFTYBANK-INDEX_1min_2026-09-16.csv", "module": "storage", "funcName": "append_frame", "lineNo": 43}
{"timestamp": "2026-09-16T05:56:00.858193+00:00", "level": "INFO", "logger": "trade_system.domains.market_data.infrastructure.data.storage", "message": "Wrote 1 rows to data/fo_historical/BSE_SENSEX-INDEX_1min_2026-09-16.csv", "module": "storage", "funcName": "append_frame", "lineNo": 43}
{"timestamp": "2026-09-16T05:56:00.887217+00:00", "level": "INFO", "logger": "trade_system.domains.market_data.infrastructure.data.storage", "message": "Wrote 1 rows to data/fo_historical/BSE_SENSEX-INDEX_1min_2026-09-16.csv", "module": "storage", "funcName": "append_frame", "lineNo": 43}
{"timestamp": "2026-09-16T05:57:00.269458+00:00", "level": "INFO", "logger": "trade_system.domains.trading.infrastructure.brokers.fyers.client", "message": "Fetched 133 candles for NSE:NIFTYBANK-INDEX from 2026-09-16 to 2026-09-16", "module": "client", "funcName": "_get_historical_data_impl", "lineNo": 372}
{"timestamp": "2026-09-16T05:57:00.278070+00:00", "level": "INFO", "logger": "trade_system.domains.market_data.infrastructure.data.storage", "message": "Wrote 1 rows to data/fo_historical/NSE_NIFTYBANK-INDEX_1min_2026-09-16.csv", "module": "storage", "funcName": "append_frame", "lineNo": 43}
{"timestamp": "2026-09-16T05:57:00.311006+00:00", "level": "INFO", "logger": "trade_system.domains.market_data.infrastructure.data.storage", "message": "Wrote 1 rows to data/fo_historical/NSE_NIFTYBANK-INDEX_1min_2026-09-16.csv", "module": "storage", "funcName": "append_frame", "lineNo": 43}
{"timestamp": "2026-09-16T05:57:00.481011+00:00", "level": "INFO", "logger": "trade_system.domains.trading.infrastructure.brokers.fyers.client", "message": "Fetched 133 candles for NSE:NIFTY50-INDEX from 2026-09-16 to 2026-09-16", "module": "client", "funcName": "_get_historical_data_impl", "lineNo": 372}
{"timestamp": "2026-09-16T05:57:00.486657+00:00", "level": "INFO", "logger": "trade_system.domains.market_data.infrastructure.data.storage", "message": "Wrote 1 rows to data/fo_historical/NSE_NIFTY50-INDEX_1min_2026-09-16.csv", "module": "storage", "funcName": "append_frame", "lineNo": 43}
{"timestamp": "2026-09-16T05:57:00.516120+00:00", "level": "INFO", "logger": "trade_system.domains.market_data.infrastructure.data.storage", "message": "Wrote 1 rows to data/fo_historical/NSE_NIFTY50-INDEX_1min_2026-09-16.csv", "module": "storage", "funcName": "append_frame", "lineNo": 43}
{"timestamp": "2026-09-16T05:57:00.982522+00:00", "level": "INFO", "logger": "trade_system.domains.trading.infrastructure.brokers.fyers.client", "message": "Fetched 133 candles for BSE:SENSEX-INDEX from 2026-09-16 to 2026-09-16", "module": "client", "funcName": "_get_historical_data_impl", "lineNo": 372}
{"timestamp": "2026-09-16T05:57:00.987132+00:00", "level": "INFO", "logger": "trade_system.domains.market_data.infrastructure.data.storage", "message": "Wrote 1 rows to data/fo_historical/BSE_SENSEX-INDEX_1min_2026-09-16.csv", "module": "storage", "funcName": "append_frame", "lineNo": 43}
{"timestamp": "2026-09-16T05:57:01.069689+00:00", "level": "INFO", "logger": "trade_system.domains.market_data.infrastructure.data.storage", "message": "Wrote 1 rows to data/fo_historical/BSE_SENSEX-INDEX_1min_2026-09-16.csv", "module": "storage", "funcName": "append_frame", "lineNo": 43}
{"timestamp": "2026-09-16T05:57:19.283460+00:00", "level": "INFO", "logger": "trade_system.domains.analysis.application.analysis.intraday_option_edge", "message": "IOE Pipeline Stage 1: Universe shortlisting...", "module": "intraday_option_edge", "funcName": "scan", "lineNo": 155}
{"timestamp": "2026-09-16T05:57:19.434205+00:00", "level": "INFO", "logger": "trade_system.domains.analysis.application.analysis.fo_intraday_shortlist", "message": "Running FOIntradayShortlist for 2026-09-16", "module": "fo_intraday_shortlist", "funcName": "shortlist", "lineNo": 111}
{"timestamp": "2026-09-16T05:57:30.039147+00:00", "level": "INFO", "logger": "trade_system.domains.analysis.application.analysis.fo_intraday_shortlist", "message": "Shortlisted 25/207 stocks (Leaders: 3, Laggards: 3)", "module": "fo_intraday_shortlist", "funcName": "shortlist", "lineNo": 225}
{"timestamp": "2026-09-16T05:57:30.042050+00:00", "level": "INFO", "logger": "trade_system.domains.analysis.application.analysis.intraday_option_edge", "message": "IOE Pipeline: 25 stocks shortlisted.", "module": "intraday_option_edge", "funcName": "scan", "lineNo": 161}
{"timestamp": "2026-09-16T05:57:30.042153+00:00", "level": "INFO", "logger": "trade_system.domains.analysis.application.analysis.intraday_option_edge", "message": "IOE Pipeline Stage 2: Regime detection...", "module": "intraday_option_edge", "funcName": "scan", "lineNo": 164}
{"timestamp": "2026-09-16T05:57:30.045588+00:00", "level": "INFO", "logger": "trade_system.domains.analysis.application.analysis.intraday_option_edge", "message": "IOE Pipeline: Regime = \u2696\ufe0f NEUTRAL (threshold: 60)", "module": "intraday_option_edge", "funcName": "scan", "lineNo": 166}
{"timestamp": "2026-09-16T05:57:30.045664+00:00", "level": "INFO", "logger": "trade_system.domains.analysis.application.analysis.intraday_option_edge", "message": "IOE Pipeline Stage 3: Edge scoring...", "module": "intraday_option_edge", "funcName": "scan", "lineNo": 169}
{"timestamp": "2026-09-16T05:58:00.190365+00:00", "level": "INFO", "logger": "trade_system.domains.market_data.infrastructure.data.storage", "message": "Wrote 1 rows to data/fo_historical/NSE_NIFTY50-INDEX_1min_2026-09-16.csv", "module": "storage", "funcName": "append_frame", "lineNo": 43}
{"timestamp": "2026-09-16T05:58:00.490501+00:00", "level": "INFO", "logger": "trade_system.domains.market_data.infrastructure.data.storage", "message": "Wrote 1 rows to data/fo_historical/NSE_NIFTY50-INDEX_1min_2026-09-16.csv", "module": "storage", "funcName": "append_frame", "lineNo": 43}
{"timestamp": "2026-09-16T05:58:00.957656+00:00", "level": "INFO", "logger": "trade_system.domains.market_data.infrastructure.data.storage", "message": "Wrote 1 rows to data/fo_historical/NSE_NIFTYBANK-INDEX_1min_2026-09-16.csv", "module": "storage", "funcName": "append_frame", "lineNo": 43}
{"timestamp": "2026-09-16T05:58:01.250150+00:00", "level": "INFO", "logger": "trade_system.domains.market_data.infrastructure.data.storage", "message": "Wrote 1 rows to data/fo_historical/NSE_NIFTYBANK-INDEX_1min_2026-09-16.csv", "module": "storage", "funcName": "append_frame", "lineNo": 43}
{"timestamp": "2026-09-16T05:58:01.733256+00:00", "level": "INFO", "logger": "trade_system.domains.market_data.infrastructure.data.storage", "message": "Wrote 1 rows to data/fo_historical/BSE_SENSEX-INDEX_1min_2026-09-16.csv", "module": "storage", "funcName": "append_frame", "lineNo": 43}
{"timestamp": "2026-09-16T05:58:02.110347+00:00", "level": "INFO", "logger": "trade_system.domains.market_data.infrastructure.data.storage", "message": "Wrote 1 rows to data/fo_historical/BSE_SENSEX-INDEX_1min_2026-09-16.csv", "module": "storage", "funcName": "append_frame", "lineNo": 43}
{"timestamp": "2026-09-16T05:58:06.828646+00:00", "level": "INFO", "logger": "trade_system.domains.analysis.application.analysis.intraday_option_edge", "message": "IOE Pipeline: 24 stocks passed regime-adjusted threshold (60)", "module": "intraday_option_edge", "funcName": "scan", "lineNo": 190}
{"timestamp": "2026-09-16T05:58:06.828830+00:00", "level": "INFO", "logger": "trade_system.domains.analysis.application.analysis.intraday_option_edge", "message": "IOE Pipeline: Fetching 15m data for entry trigger evaluation...", "module": "intraday_option_edge", "funcName": "scan", "lineNo": 201}
{"timestamp": "2026-09-16T05:58:07.074246+00:00", "level": "INFO", "logger": "trade_system.domains.analysis.application.analysis.intraday_option_edge", "message": "IOE Pipeline Stage 4+5: Entry triggers & option selection...", "module": "intraday_option_edge", "funcName": "scan", "lineNo": 221}
{"timestamp": "2026-09-16T05:58:08.023063+00:00", "level": "INFO", "logger": "trade_system.domains.analysis.application.analysis.intraday_option_edge", "message": "IOE Pipeline: Returning 3 actionable alerts.", "module": "intraday_option_edge", "funcName": "scan", "lineNo": 293}
{"timestamp": "2026-09-16T05:58:28.416645+00:00", "level": "INFO", "logger": "trade_system.domains.analysis.application.analysis.breakout_screener", "message": "Starting Intraday Sector Breakout/Breakdown Scan...", "module": "breakout_screener", "funcName": "scan_for_breakouts", "lineNo": 61}
{"timestamp": "2026-09-16T05:58:28.667081+00:00", "level": "INFO", "logger": "trade_system.domains.analysis.application.analysis.breakout_screener", "message": "Scanning data for date: 2026-09-16", "module": "breakout_screener", "funcName": "scan_for_breakouts", "lineNo": 106}
{"timestamp": "2026-09-16T05:58:28.936481+00:00", "level": "INFO", "logger": "trade_system.domains.analysis.application.analysis.breakout_screener", "message": "Leading Sectors (Long): ['FMCG', 'BANKING', 'CEMENT']", "module": "breakout_screener", "funcName": "scan_for_breakouts", "lineNo": 164}
{"timestamp": "2026-09-16T05:58:28.936636+00:00", "level": "INFO", "logger": "trade_system.domains.analysis.application.analysis.breakout_screener", "message": "Lagging Sectors (Short): ['CAPITAL_GOODS', 'CHEMICALS', 'INFRA']", "module": "breakout_screener", "funcName": "scan_for_breakouts", "lineNo": 165}
{"timestamp": "2026-09-16T05:58:28.946375+00:00", "level": "INFO", "logger": "trade_system.domains.analysis.application.analysis.breakout_screener", "message": "Loaded 11 consolidation watchlists for 2026-09-16", "module": "breakout_screener", "funcName": "scan_for_breakouts", "lineNo": 185}
{"timestamp": "2026-09-16T05:58:42.465561+00:00", "level": "INFO", "logger": "trade_system.domains.analysis.application.analysis.breakout_screener", "message": "Scan complete. Found 184 alerts (ORB: 4, ST_Flip: 4, ST_Touch: 8).", "module": "breakout_screener", "funcName": "scan_for_breakouts", "lineNo": 858}
{"timestamp": "2026-09-16T05:58:54.063206+00:00", "level": "INFO", "logger": "trade_system.interfaces.live.collector", "message": "Option-chain snapshot saved to data/option_chain_data/NIFTY50_strikes_20260916.csv", "module": "collector", "funcName": "_save_option_chain_snapshot", "lineNo": 2581}
{"timestamp": "2026-09-16T05:58:59.316110+00:00", "level": "INFO", "logger": "trade_system.interfaces.live.collector", "message": "Option-chain snapshot saved to data/option_chain_data/NIFTYBANK_strikes_20260916.csv", "module": "collector", "funcName": "_save_option_chain_snapshot", "lineNo": 2581}
{"timestamp": "2026-09-16T05:59:00.232735+00:00", "level": "INFO", "logger": "trade_system.domains.trading.infrastructure.brokers.fyers.client", "message": "Fetched 135 candles for NSE:NIFTY50-INDEX from 2026-09-16 to 2026-09-16", "module": "client", "funcName": "_get_historical_data_impl", "lineNo": 372}
{"timestamp": "2026-09-16T05:59:00.238633+00:00", "level": "INFO", "logger": "trade_system.domains.market_data.infrastructure.data.storage", "message": "Wrote 1 rows to data/fo_historical/NSE_NIFTY50-INDEX_1min_2026-09-16.csv", "module": "storage", "funcName": "append_frame", "lineNo": 43}
{"timestamp": "2026-09-16T05:59:00.267613+00:00", "level": "INFO", "logger": "trade_system.domains.market_data.infrastructure.data.storage", "message": "Wrote 1 rows to data/fo_historical/NSE_NIFTY50-INDEX_1min_2026-09-16.csv", "module": "storage", "funcName": "append_frame", "lineNo": 43}
{"timestamp": "2026-09-16T05:59:00.504398+00:00", "level": "INFO", "logger": "trade_system.domains.trading.infrastructure.brokers.fyers.client", "message": "Fetched 135 candles for NSE:NIFTYBANK-INDEX from 2026-09-16 to 2026-09-16", "module": "client", "funcName": "_get_historical_data_impl", "lineNo": 372}
{"timestamp": "2026-09-16T05:59:00.509779+00:00", "level": "INFO", "logger": "trade_system.domains.market_data.infrastructure.data.storage", "message": "Wrote 1 rows to data/fo_historical/NSE_NIFTYBANK-INDEX_1min_2026-09-16.csv", "module": "storage", "funcName": "append_frame", "lineNo": 43}
{"timestamp": "2026-09-16T05:59:00.536617+00:00", "level": "INFO", "logger": "trade_system.domains.market_data.infrastructure.data.storage", "message": "Wrote 1 rows to data/fo_historical/NSE_NIFTYBANK-INDEX_1min_2026-09-16.csv", "module": "storage", "funcName": "append_frame", "lineNo": 43}
{"timestamp": "2026-09-16T05:59:01.054396+00:00", "level": "INFO", "logger": "trade_system.domains.trading.infrastructure.brokers.fyers.client", "message": "Fetched 135 candles for BSE:SENSEX-INDEX from 2026-09-16 to 2026-09-16", "module": "client", "funcName": "_get_historical_data_impl", "lineNo": 372}
{"timestamp": "2026-09-16T05:59:01.059818+00:00", "level": "INFO", "logger": "trade_system.domains.market_data.infrastructure.data.storage", "message": "Wrote 1 rows to data/fo_historical/BSE_SENSEX-INDEX_1min_2026-09-16.csv", "module": "storage", "funcName": "append_frame", "lineNo": 43}
{"timestamp": "2026-09-16T05:59:01.089230+00:00", "level": "INFO", "logger": "trade_system.domains.market_data.infrastructure.data.storage", "message": "Wrote 1 rows to data/fo_historical/BSE_SENSEX-INDEX_1min_2026-09-16.csv", "module": "storage", "funcName": "append_frame", "lineNo": 43}
{"timestamp": "2026-09-16T05:59:04.578082+00:00", "level": "INFO", "logger": "trade_system.interfaces.live.collector", "message": "Option-chain snapshot saved to data/option_chain_data/SENSEX_strikes_20260916.csv", "module": "collector", "funcName": "_save_option_chain_snapshot", "lineNo": 2581}
{"timestamp": "2026-09-16T06:00:00.141790+00:00", "level": "INFO", "logger": "trade_system.domains.market_data.infrastructure.data.storage", "message": "Wrote 1 rows to data/fo_historical/NSE_NIFTY50-INDEX_1min_2026-09-16.csv", "module": "storage", "funcName": "append_frame", "lineNo": 43}
{"timestamp": "2026-09-16T06:00:00.183361+00:00", "level": "INFO", "logger": "trade_system.domains.market_data.infrastructure.data.storage", "message": "Wrote 1 rows to data/fo_historical/NSE_NIFTY50-INDEX_1min_2026-09-16.csv", "module": "storage", "funcName": "append_frame", "lineNo": 43}
{"timestamp": "2026-09-16T06:00:00.319226+00:00", "level": "INFO", "logger": "trade_system.domains.market_data.infrastructure.data.storage", "message": "Wrote 1 rows to data/fo_historical/NSE_NIFTYBANK-INDEX_1min_2026-09-16.csv", "module": "storage", "funcName": "append_frame", "lineNo": 43}
{"timestamp": "2026-09-16T06:00:00.347472+00:00", "level": "INFO", "logger": "trade_system.domains.market_data.infrastructure.data.storage", "message": "Wrote 1 rows to data/fo_historical/NSE_NIFTYBANK-INDEX_1min_2026-09-16.csv", "module": "storage", "funcName": "append_frame", "lineNo": 43}
{"timestamp": "2026-09-16T06:00:01.402955+00:00", "level": "INFO", "logger": "trade_system.interfaces.live.pipelines.index_pipeline", "message": "ST crossover NSE:NIFTYBANK-INDEX at 2026-09-16 11:27:00 | trend=-1 close=56088.15 st=56288.60", "module": "index_pipeline", "funcName": "_check_trend_change", "lineNo": 531}
{"timestamp": "2026-09-16T06:00:01.454877+00:00", "level": "INFO", "logger": "trade_system.domains.market_data.infrastructure.data.storage", "message": "Wrote 1 rows to data/fo_historical/BSE_SENSEX-INDEX_1min_2026-09-16.csv", "module": "storage", "funcName": "append_frame", "lineNo": 43}
{"timestamp": "2026-09-16T06:00:01.483622+00:00", "level": "INFO", "logger": "trade_system.domains.market_data.infrastructure.data.storage", "message": "Wrote 1 rows to data/fo_historical/BSE_SENSEX-INDEX_1min_2026-09-16.csv", "module": "storage", "funcName": "append_frame", "lineNo": 43}
{"timestamp": "2026-09-16T06:01:00.119160+00:00", "level": "INFO", "logger": "trade_system.domains.trading.infrastructure.brokers.fyers.client", "message": "Fetched 137 candles for NSE:NIFTY50-INDEX from 2026-09-16 to 2026-09-16", "module": "client", "funcName": "_get_historical_data_impl", "lineNo": 372}
{"timestamp": "2026-09-16T06:01:00.130323+00:00", "level": "INFO", "logger": "trade_system.domains.market_data.infrastructure.data.storage", "message": "Wrote 1 rows to data/fo_historical/NSE_NIFTY50-INDEX_1min_2026-09-16.csv", "module": "storage", "funcName": "append_frame", "lineNo": 43}
{"timestamp": "2026-09-16T06:01:00.168544+00:00", "level": "INFO", "logger": "trade_system.domains.market_data.infrastructure.data.storage", "message": "Wrote 1 rows to data/fo_historical/NSE_NIFTY50-INDEX_1min_2026-09-16.csv", "module": "storage", "funcName": "append_frame", "lineNo": 43}
{"timestamp": "2026-09-16T06:01:00.339568+00:00", "level": "INFO", "logger": "trade_system.domains.trading.infrastructure.brokers.fyers.client", "message": "Fetched 137 candles for BSE:SENSEX-INDEX from 2026-09-16 to 2026-09-16", "module": "client", "funcName": "_get_historical_data_impl", "lineNo": 372}
{"timestamp": "2026-09-16T06:01:00.345883+00:00", "level": "INFO", "logger": "trade_system.domains.market_data.infrastructure.data.storage", "message": "Wrote 1 rows to data/fo_historical/BSE_SENSEX-INDEX_1min_2026-09-16.csv", "module": "storage", "funcName": "append_frame", "lineNo": 43}
{"timestamp": "2026-09-16T06:01:00.373809+00:00", "level": "INFO", "logger": "trade_system.domains.market_data.infrastructure.data.storage", "message": "Wrote 1 rows to data/fo_historical/BSE_SENSEX-INDEX_1min_2026-09-16.csv", "module": "storage", "funcName": "append_frame", "lineNo": 43}
{"timestamp": "2026-09-16T06:01:00.625913+00:00", "level": "INFO", "logger": "trade_system.domains.trading.infrastructure.brokers.fyers.client", "message": "Fetched 137 candles for NSE:NIFTYBANK-INDEX from 2026-09-16 to 2026-09-16", "module": "client", "funcName": "_get_historical_data_impl", "lineNo": 372}
{"timestamp": "2026-09-16T06:01:00.632878+00:00", "level": "INFO", "logger": "trade_system.domains.market_data.infrastructure.data.storage", "message": "Wrote 1 rows to data/fo_historical/NSE_NIFTYBANK-INDEX_1min_2026-09-16.csv", "module": "storage", "funcName": "append_frame", "lineNo": 43}
{"timestamp": "2026-09-16T06:01:00.666566+00:00", "level": "INFO", "logger": "trade_system.domains.market_data.infrastructure.data.storage", "message": "Wrote 1 rows to data/fo_historical/NSE_NIFTYBANK-INDEX_1min_2026-09-16.csv", "module": "storage", "funcName": "append_frame", "lineNo": 43}
{"timestamp": "2026-09-16T06:02:00.022775+00:00", "level": "INFO", "logger": "trade_system.domains.market_data.infrastructure.data.storage", "message": "Wrote 1 rows to data/fo_historical/NSE_NIFTY50-INDEX_1min_2026-09-16.csv", "module": "storage", "funcName": "append_frame", "lineNo": 43}
{"timestamp": "2026-09-16T06:02:00.052804+00:00", "level": "INFO", "logger": "trade_system.domains.market_data.infrastructure.data.storage", "message": "Wrote 1 rows to data/fo_historical/NSE_NIFTY50-INDEX_1min_2026-09-16.csv", "module": "storage", "funcName": "append_frame", "lineNo": 43}
{"timestamp": "2026-09-16T06:02:00.153387+00:00", "level": "INFO", "logger": "trade_system.domains.market_data.infrastructure.data.storage", "message": "Wrote 1 rows to data/fo_historical/NSE_NIFTYBANK-INDEX_1min_2026-09-16.csv", "module": "storage", "funcName": "append_frame", "lineNo": 43}
{"timestamp": "2026-09-16T06:02:00.180890+00:00", "level": "INFO", "logger": "trade_system.domains.market_data.infrastructure.data.storage", "message": "Wrote 1 rows to data/fo_historical/NSE_NIFTYBANK-INDEX_1min_2026-09-16.csv", "module": "storage", "funcName": "append_frame", "lineNo": 43}
{"timestamp": "2026-09-16T06:02:00.277006+00:00", "level": "INFO", "logger": "trade_system.domains.market_data.infrastructure.data.storage", "message": "Wrote 1 rows to data/fo_historical/BSE_SENSEX-INDEX_1min_2026-09-16.csv", "module": "storage", "funcName": "append_frame", "lineNo": 43}
{"timestamp": "2026-09-16T06:02:00.304417+00:00", "level": "INFO", "logger": "trade_system.domains.market_data.infrastructure.data.storage", "message": "Wrote 1 rows to data/fo_historical/BSE_SENSEX-INDEX_1min_2026-09-16.csv", "module": "storage", "funcName": "append_frame", "lineNo": 43}
{"timestamp": "2026-09-16T06:02:09.833444+00:00", "level": "INFO", "logger": "trade_system.interfaces.live.collector", "message": "Option-chain snapshot saved to data/option_chain_data/NIFTY50_strikes_20260916.csv", "module": "collector", "funcName": "_save_option_chain_snapshot", "lineNo": 2581}
{"timestamp": "2026-09-16T06:02:15.101177+00:00", "level": "INFO", "logger": "trade_system.interfaces.live.collector", "message": "Option-chain snapshot saved to data/option_chain_data/NIFTYBANK_strikes_20260916.csv", "module": "collector", "funcName": "_save_option_chain_snapshot", "lineNo": 2581}
{"timestamp": "2026-09-16T06:02:20.383515+00:00", "level": "INFO", "logger": "trade_system.interfaces.live.collector", "message": "Option-chain snapshot saved to data/option_chain_data/SENSEX_strikes_20260916.csv", "module": "collector", "funcName": "_save_option_chain_snapshot", "lineNo": 2581}
{"timestamp": "2026-09-16T06:03:00.139894+00:00", "level": "INFO", "logger": "trade_system.domains.trading.infrastructure.brokers.fyers.client", "message": "Fetched 139 candles for NSE:NIFTY50-INDEX from 2026-09-16 to 2026-09-16", "module": "client", "funcName": "_get_historical_data_impl", "lineNo": 372}
{"timestamp": "2026-09-16T06:03:00.150823+00:00", "level": "INFO", "logger": "trade_system.domains.market_data.infrastructure.data.storage", "message": "Wrote 1 rows to data/fo_historical/NSE_NIFTY50-INDEX_1min_2026-09-16.csv", "module": "storage", "funcName": "append_frame", "lineNo": 43}
{"timestamp": "2026-09-16T06:03:00.190582+00:00", "level": "INFO", "logger": "trade_system.domains.market_data.infrastructure.data.storage", "message": "Wrote 1 rows to data/fo_historical/NSE_NIFTY50-INDEX_1min_2026-09-16.csv", "module": "storage", "funcName": "append_frame", "lineNo": 43}
{"timestamp": "2026-09-16T06:03:00.383170+00:00", "level": "INFO", "logger": "trade_system.domains.trading.infrastructure.brokers.fyers.client", "message": "Fetched 139 candles for BSE:SENSEX-INDEX from 2026-09-16 to 2026-09-16", "module": "client", "funcName": "_get_historical_data_impl", "lineNo": 372}
{"timestamp": "2026-09-16T06:03:00.390621+00:00", "level": "INFO", "logger": "trade_system.domains.market_data.infrastructure.data.storage", "message": "Wrote 1 rows to data/fo_historical/BSE_SENSEX-INDEX_1min_2026-09-16.csv", "module": "storage", "funcName": "append_frame", "lineNo": 43}
{"timestamp": "2026-09-16T06:03:00.424976+00:00", "level": "INFO", "logger": "trade_system.domains.market_data.infrastructure.data.storage", "message": "Wrote 1 rows to data/fo_historical/BSE_SENSEX-INDEX_1min_2026-09-16.csv", "module": "storage", "funcName": "append_frame", "lineNo": 43}
{"timestamp": "2026-09-16T06:03:00.647309+00:00", "level": "INFO", "logger": "trade_system.domains.trading.infrastructure.brokers.fyers.client", "message": "Fetched 139 candles for NSE:NIFTYBANK-INDEX from 2026-09-16 to 2026-09-16", "module": "client", "funcName": "_get_historical_data_impl", "lineNo": 372}
{"timestamp": "2026-09-16T06:03:00.655512+00:00", "level": "INFO", "logger": "trade_system.domains.market_data.infrastructure.data.storage", "message": "Wrote 1 rows to data/fo_historical/NSE_NIFTYBANK-INDEX_1min_2026-09-16.csv", "module": "storage", "funcName": "append_frame", "lineNo": 43}
{"timestamp": "2026-09-16T06:03:00.690691+00:00", "level": "INFO", "logger": "trade_system.domains.market_data.infrastructure.data.storage", "message": "Wrote 1 rows to data/fo_historical/NSE_NIFTYBANK-INDEX_1min_2026-09-16.csv", "module": "storage", "funcName": "append_frame", "lineNo": 43}
{"timestamp": "2026-09-16T06:03:08.031398+00:00", "level": "INFO", "logger": "trade_system.domains.analysis.application.analysis.intraday_option_edge", "message": "IOE Pipeline Stage 1: Universe shortlisting...", "module": "intraday_option_edge", "funcName": "scan", "lineNo": 155}
{"timestamp": "2026-09-16T06:03:08.183236+00:00", "level": "INFO", "logger": "trade_system.domains.analysis.application.analysis.fo_intraday_shortlist", "message": "Running FOIntradayShortlist for 2026-09-16", "module": "fo_intraday_shortlist", "funcName": "shortlist", "lineNo": 111}
{"timestamp": "2026-09-16T06:03:20.440737+00:00", "level": "INFO", "logger": "trade_system.domains.analysis.application.analysis.fo_intraday_shortlist", "message": "Shortlisted 25/207 stocks (Leaders: 3, Laggards: 3)", "module": "fo_intraday_shortlist", "funcName": "shortlist", "lineNo": 225}
{"timestamp": "2026-09-16T06:03:20.448077+00:00", "level": "INFO", "logger": "trade_system.domains.analysis.application.analysis.intraday_option_edge", "message": "IOE Pipeline: 25 stocks shortlisted.", "module": "intraday_option_edge", "funcName": "scan", "lineNo": 161}
{"timestamp": "2026-09-16T06:03:20.448259+00:00", "level": "INFO", "logger": "trade_system.domains.analysis.application.analysis.intraday_option_edge", "message": "IOE Pipeline Stage 2: Regime detection...", "module": "intraday_option_edge", "funcName": "scan", "lineNo": 164}
{"timestamp": "2026-09-16T06:03:20.455065+00:00", "level": "INFO", "logger": "trade_system.domains.analysis.application.analysis.intraday_option_edge", "message": "IOE Pipeline: Regime = \u2696\ufe0f NEUTRAL (threshold: 60)", "module": "intraday_option_edge", "funcName": "scan", "lineNo": 166}
{"timestamp": "2026-09-16T06:03:20.455209+00:00", "level": "INFO", "logger": "trade_system.domains.analysis.application.analysis.intraday_option_edge", "message": "IOE Pipeline Stage 3: Edge scoring...", "module": "intraday_option_edge", "funcName": "scan", "lineNo": 169}
{"timestamp": "2026-09-16T06:03:42.482200+00:00", "level": "INFO", "logger": "trade_system.domains.analysis.application.analysis.breakout_screener", "message": "Starting Intraday Sector Breakout/Breakdown Scan...", "module": "breakout_screener", "funcName": "scan_for_breakouts", "lineNo": 61}
{"timestamp": "2026-09-16T06:04:00.237837+00:00", "level": "INFO", "logger": "trade_system.domains.market_data.infrastructure.data.storage", "message": "Wrote 1 rows to data/fo_historical/NSE_NIFTYBANK-INDEX_1min_2026-09-16.csv", "module": "storage", "funcName": "append_frame", "lineNo": 43}
{"timestamp": "2026-09-16T06:04:00.637140+00:00", "level": "INFO", "logger": "trade_system.domains.market_data.infrastructure.data.storage", "message": "Wrote 1 rows to data/fo_historical/NSE_NIFTYBANK-INDEX_1min_2026-09-16.csv", "module": "storage", "funcName": "append_frame", "lineNo": 43}
{"timestamp": "2026-09-16T06:04:01.324889+00:00", "level": "INFO", "logger": "trade_system.domains.market_data.infrastructure.data.storage", "message": "Wrote 1 rows to data/fo_historical/BSE_SENSEX-INDEX_1min_2026-09-16.csv", "module": "storage", "funcName": "append_frame", "lineNo": 43}
{"timestamp": "2026-09-16T06:04:01.867707+00:00", "level": "INFO", "logger": "trade_system.domains.market_data.infrastructure.data.storage", "message": "Wrote 1 rows to data/fo_historical/BSE_SENSEX-INDEX_1min_2026-09-16.csv", "module": "storage", "funcName": "append_frame", "lineNo": 43}
{"timestamp": "2026-09-16T06:04:02.475407+00:00", "level": "INFO", "logger": "trade_system.domains.analysis.application.analysis.intraday_option_edge", "message": "IOE Pipeline: 24 stocks passed regime-adjusted threshold (60)", "module": "intraday_option_edge", "funcName": "scan", "lineNo": 190}
{"timestamp": "2026-09-16T06:04:02.475560+00:00", "level": "INFO", "logger": "trade_system.domains.analysis.application.analysis.intraday_option_edge", "message": "IOE Pipeline: Fetching 15m data for entry trigger evaluation...", "module": "intraday_option_edge", "funcName": "scan", "lineNo": 201}
{"timestamp": "2026-09-16T06:04:02.483349+00:00", "level": "INFO", "logger": "trade_system.domains.market_data.infrastructure.data.storage", "message": "Wrote 1 rows to data/fo_historical/NSE_NIFTY50-INDEX_1min_2026-09-16.csv", "module": "storage", "funcName": "append_frame", "lineNo": 43}
{"timestamp": "2026-09-16T06:04:02.521889+00:00", "level": "INFO", "logger": "trade_system.domains.market_data.infrastructure.data.storage", "message": "Wrote 1 rows to data/fo_historical/NSE_NIFTY50-INDEX_1min_2026-09-16.csv", "module": "storage", "funcName": "append_frame", "lineNo": 43}
{"timestamp": "2026-09-16T06:04:02.759626+00:00", "level": "INFO", "logger": "trade_system.domains.analysis.application.analysis.breakout_screener", "message": "Scanning data for date: 2026-09-16", "module": "breakout_screener", "funcName": "scan_for_breakouts", "lineNo": 106}
{"timestamp": "2026-09-16T06:04:03.181945+00:00", "level": "INFO", "logger": "trade_system.domains.analysis.application.analysis.breakout_screener", "message": "Leading Sectors (Long): ['FMCG', 'BANKING', 'CEMENT']", "module": "breakout_screener", "funcName": "scan_for_breakouts", "lineNo": 164}
{"timestamp": "2026-09-16T06:04:03.182822+00:00", "level": "INFO", "logger": "trade_system.domains.analysis.application.analysis.breakout_screener", "message": "Lagging Sectors (Short): ['CAPITAL_GOODS', 'CHEMICALS', 'INFRA']", "module": "breakout_screener", "funcName": "scan_for_breakouts", "lineNo": 165}
{"timestamp": "2026-09-16T06:04:03.263982+00:00", "level": "INFO", "logger": "trade_system.domains.analysis.application.analysis.breakout_screener", "message": "Loaded 11 consolidation watchlists for 2026-09-16", "module": "breakout_screener", "funcName": "scan_for_breakouts", "lineNo": 185}
{"timestamp": "2026-09-16T06:04:03.493511+00:00", "level": "INFO", "logger": "trade_system.domains.analysis.application.analysis.intraday_option_edge", "message": "IOE Pipeline Stage 4+5: Entry triggers & option selection...", "module": "intraday_option_edge", "funcName": "scan", "lineNo": 221}
{"timestamp": "2026-09-16T06:04:05.757173+00:00", "level": "INFO", "logger": "trade_system.domains.analysis.application.analysis.intraday_option_edge", "message": "IOE Pipeline: Returning 3 actionable alerts.", "module": "intraday_option_edge", "funcName": "scan", "lineNo": 293}
{"timestamp": "2026-09-16T06:04:19.889123+00:00", "level": "INFO", "logger": "trade_system.domains.analysis.application.analysis.breakout_screener", "message": "Scan complete. Found 184 alerts (ORB: 4, ST_Flip: 4, ST_Touch: 8).", "module": "breakout_screener", "funcName": "scan_for_breakouts", "lineNo": 858}
{"timestamp": "2026-09-16T06:05:00.098784+00:00", "level": "INFO", "logger": "trade_system.domains.trading.infrastructure.brokers.fyers.client", "message": "Fetched 141 candles for NSE:NIFTYBANK-INDEX from 2026-09-16 to 2026-09-16", "module": "client", "funcName": "_get_historical_data_impl", "lineNo": 372}
{"timestamp": "2026-09-16T06:05:00.107884+00:00", "level": "INFO", "logger": "trade_system.domains.market_data.infrastructure.data.storage", "message": "Wrote 1 rows to data/fo_historical/NSE_NIFTYBANK-INDEX_1min_2026-09-16.csv", "module": "storage", "funcName": "append_frame", "lineNo": 43}
{"timestamp": "2026-09-16T06:05:00.138813+00:00", "level": "INFO", "logger": "trade_system.domains.market_data.infrastructure.data.storage", "message": "Wrote 1 rows to data/fo_historical/NSE_NIFTYBANK-INDEX_1min_2026-09-16.csv", "module": "storage", "funcName": "append_frame", "lineNo": 43}
{"timestamp": "2026-09-16T06:05:00.349892+00:00", "level": "INFO", "logger": "trade_system.domains.trading.infrastructure.brokers.fyers.client", "message": "Fetched 141 candles for NSE:NIFTY50-INDEX from 2026-09-16 to 2026-09-16", "module": "client", "funcName": "_get_historical_data_impl", "lineNo": 372}
{"timestamp": "2026-09-16T06:05:00.355962+00:00", "level": "INFO", "logger": "trade_system.domains.market_data.infrastructure.data.storage", "message": "Wrote 1 rows to data/fo_historical/NSE_NIFTY50-INDEX_1min_2026-09-16.csv", "module": "storage", "funcName": "append_frame", "lineNo": 43}
{"timestamp": "2026-09-16T06:05:00.383476+00:00", "level": "INFO", "logger": "trade_system.domains.market_data.infrastructure.data.storage", "message": "Wrote 1 rows to data/fo_historical/NSE_NIFTY50-INDEX_1min_2026-09-16.csv", "module": "storage", "funcName": "append_frame", "lineNo": 43}
{"timestamp": "2026-09-16T06:05:00.595258+00:00", "level": "INFO", "logger": "trade_system.domains.trading.infrastructure.brokers.fyers.client", "message": "Fetched 141 candles for BSE:SENSEX-INDEX from 2026-09-16 to 2026-09-16", "module": "client", "funcName": "_get_historical_data_impl", "lineNo": 372}
{"timestamp": "2026-09-16T06:05:00.601202+00:00", "level": "INFO", "logger": "trade_system.domains.market_data.infrastructure.data.storage", "message": "Wrote 1 rows to data/fo_historical/BSE_SENSEX-INDEX_1min_2026-09-16.csv", "module": "storage", "funcName": "append_frame", "lineNo": 43}
{"timestamp": "2026-09-16T06:05:00.628262+00:00", "level": "INFO", "logger": "trade_system.domains.market_data.infrastructure.data.storage", "message": "Wrote 1 rows to data/fo_historical/BSE_SENSEX-INDEX_1min_2026-09-16.csv", "module": "storage", "funcName": "append_frame", "lineNo": 43}
{"timestamp": "2026-09-16T06:05:25.623758+00:00", "level": "INFO", "logger": "trade_system.interfaces.live.collector", "message": "Option-chain snapshot saved to data/option_chain_data/NIFTY50_strikes_20260916.csv", "module": "collector", "funcName": "_save_option_chain_snapshot", "lineNo": 2581}
{"timestamp": "2026-09-16T06:05:30.865394+00:00", "level": "INFO", "logger": "trade_system.interfaces.live.collector", "message": "Option-chain snapshot saved to data/option_chain_data/NIFTYBANK_strikes_20260916.csv", "module": "collector", "funcName": "_save_option_chain_snapshot", "lineNo": 2581}
{"timestamp": "2026-09-16T06:05:36.169626+00:00", "level": "INFO", "logger": "trade_system.interfaces.live.collector", "message": "Option-chain snapshot saved to data/option_chain_data/SENSEX_strikes_20260916.csv", "module": "collector", "funcName": "_save_option_chain_snapshot", "lineNo": 2581}
{"timestamp": "2026-09-16T06:06:00.037894+00:00", "level": "INFO", "logger": "trade_system.domains.market_data.infrastructure.data.storage", "message": "Wrote 1 rows to data/fo_historical/NSE_NIFTYBANK-INDEX_1min_2026-09-16.csv", "module": "storage", "funcName": "append_frame", "lineNo": 43}
{"timestamp": "2026-09-16T06:06:00.069363+00:00", "level": "INFO", "logger": "trade_system.domains.market_data.infrastructure.data.storage", "message": "Wrote 1 rows to data/fo_historical/NSE_NIFTYBANK-INDEX_1min_2026-09-16.csv", "module": "storage", "funcName": "append_frame", "lineNo": 43}
{"timestamp": "2026-09-16T06:06:00.167247+00:00", "level": "INFO", "logger": "trade_system.domains.market_data.infrastructure.data.storage", "message": "Wrote 1 rows to data/fo_historical/NSE_NIFTY50-INDEX_1min_2026-09-16.csv", "module": "storage", "funcName": "append_frame", "lineNo": 43}
{"timestamp": "2026-09-16T06:06:00.194745+00:00", "level": "INFO", "logger": "trade_system.domains.market_data.infrastructure.data.storage", "message": "Wrote 1 rows to data/fo_historical/NSE_NIFTY50-INDEX_1min_2026-09-16.csv", "module": "storage", "funcName": "append_frame", "lineNo": 43}
{"timestamp": "2026-09-16T06:06:00.359726+00:00", "level": "INFO", "logger": "trade_system.domains.market_data.infrastructure.data.storage", "message": "Wrote 1 rows to data/fo_historical/BSE_SENSEX-INDEX_1min_2026-09-16.csv", "module": "storage", "funcName": "append_frame", "lineNo": 43}
{"timestamp": "2026-09-16T06:06:00.390356+00:00", "level": "INFO", "logger": "trade_system.domains.market_data.infrastructure.data.storage", "message": "Wrote 1 rows to data/fo_historical/BSE_SENSEX-INDEX_1min_2026-09-16.csv", "module": "storage", "funcName": "append_frame", "lineNo": 43}
