2026-07-03 22:11:51.451 Uvicorn server started on 0.0.0.0:8501

  You can now view your Streamlit app in your browser.

  Local URL: http://localhost:8501
  Network URL: http://192.168.0.106:8501

Failed to scrape NDTV Profit: 403 Client Error: Forbidden for url: https://www.ndtvprofit.com/latest
2026-07-03 22:11:54.200 Please replace `use_container_width` with `width`.

`use_container_width` will be removed after 2025-12-31.

For `use_container_width=True`, use `width='stretch'`. For `use_container_width=False`, use `width='content'`.
2026-07-03 22:11:56.104 Please replace `use_container_width` with `width`.

`use_container_width` will be removed after 2025-12-31.

For `use_container_width=True`, use `width='stretch'`. For `use_container_width=False`, use `width='content'`.
2026-07-03 22:11:58.937 Please replace `use_container_width` with `width`.

`use_container_width` will be removed after 2025-12-31.

For `use_container_width=True`, use `width='stretch'`. For `use_container_width=False`, use `width='content'`.
2026-07-03 22:11:59.049 Please replace `use_container_width` with `width`.

`use_container_width` will be removed after 2025-12-31.

For `use_container_width=True`, use `width='stretch'`. For `use_container_width=False`, use `width='content'`.
2026-07-03 22:11:59.071 Please replace `use_container_width` with `width`.

`use_container_width` will be removed after 2025-12-31.

For `use_container_width=True`, use `width='stretch'`. For `use_container_width=False`, use `width='content'`.
[31m──[0m[31m────────────────────────[0m[31m [0m[1;31mTraceback [0m[1;2;31m(most recent call last)[0m[31m [0m[31m─────────────────────────[0m[31m──[0m
[31m [0m [2;33m/opt/anaconda3/lib/python3.11/site-packages/streamlit/runtime/scriptrunner/[0m[1;33mexec_code[0m [31m [0m
[31m [0m [1;33m.py[0m:[94m129[0m in [92mexec_func_with_error_handling[0m                                             [31m [0m
[31m [0m                                                                                      [31m [0m
[31m [0m [2;33m/opt/anaconda3/lib/python3.11/site-packages/streamlit/runtime/scriptrunner/[0m[1;33mscript_ru[0m [31m [0m
[31m [0m [1;33mnner.py[0m:[94m689[0m in [92mcode_to_exec[0m                                                          [31m [0m
[31m [0m                                                                                      [31m [0m
[31m [0m [2;33m/Users/pratham/aitrade/trade_system_v2/src/trade_system/interfaces/dashboard/[0m[1;33mmain.py[0m [31m [0m
[31m [0m :[94m57[0m in [92m<module>[0m                                                                      [31m [0m
[31m [0m                                                                                      [31m [0m
[31m [0m   [2m54 [0m[2m│   [0mst.sidebar.caption([33mf[0m[33m"[0m[33m⏱️ Implicit updates every [0m[33m{[0mrefresh_rate[33m}[0m[33ms[0m[33m"[0m)             [31m [0m
[31m [0m   [2m55 [0m                                                                                [31m [0m
[31m [0m   [2m56 [0m[2m# Run the selected page[0m                                                         [31m [0m
[31m [0m [31m❱ [0m57 pg.run()                                                                        [31m [0m
[31m [0m   [2m58 [0m                                                                                [31m [0m
[31m [0m   [2m59 [0m[2m# Implicit Update Logic[0m                                                         [31m [0m
[31m [0m   [2m60 [0m[2m# We use st_autorefresh to trigger a clean server-side script rerun at the sele[0m [31m [0m
[31m [0m                                                                                      [31m [0m
[31m [0m [2;33m/opt/anaconda3/lib/python3.11/site-packages/streamlit/navigation/[0m[1;33mpage.py[0m:[94m490[0m in [92mrun[0m  [31m [0m
[31m [0m                                                                                      [31m [0m
[31m [0m [2;33m/Users/pratham/aitrade/trade_system_v2/src/trade_system/interfaces/dashboard/[0m[1;33mstrateg[0m [31m [0m
[31m [0m [1;33my_dashboard.py[0m:[94m228[0m in [92m<module>[0m                                                       [31m [0m
[31m [0m                                                                                      [31m [0m
[31m [0m   [2m225 [0m[2m│   │   [0mst.info([33m"[0m[33mNo AI research cycles (Agent Lab) recorded yet.[0m[33m"[0m)             [31m [0m
[31m [0m   [2m226 [0m                                                                               [31m [0m
[31m [0m   [2m227 [0m[94mif[0m [91m__name__[0m == [33m"[0m[33m__main__[0m[33m"[0m:                                                     [31m [0m
[31m [0m [31m❱ [0m228 [2m│   [0mmain()                                                                     [31m [0m
[31m [0m   [2m229 [0m                                                                               [31m [0m
[31m [0m                                                                                      [31m [0m
[31m [0m [2;33m/Users/pratham/aitrade/trade_system_v2/src/trade_system/interfaces/dashboard/[0m[1;33mstrateg[0m [31m [0m
[31m [0m [1;33my_dashboard.py[0m:[94m149[0m in [92mmain[0m                                                           [31m [0m
[31m [0m                                                                                      [31m [0m
[31m [0m   [2m146 [0m[2m│   [0m[94mif[0m selected_strat:                                                         [31m [0m
[31m [0m   [2m147 [0m[2m│   │   [0mtrades_df = cached_load_strategy_trades(ROOT, selected_strat)          [31m [0m
[31m [0m   [2m148 [0m[2m│   │   [0m[94mif[0m [95mnot[0m trades_df.empty:                                                [31m [0m
[31m [0m [31m❱ [0m149 [2m│   │   │   [0mtrades_df = trades_df.sort_values([33m'[0m[33mentry_time[0m[33m'[0m)                    [31m [0m
[31m [0m   [2m150 [0m[2m│   │   │   [0mtrades_df[[33m'[0m[33mcum_pnl[0m[33m'[0m] = trades_df[[33m'[0m[33mpoints_captured[0m[33m'[0m].cumsum()       [31m [0m
[31m [0m   [2m151 [0m[2m│   │   │   [0m                                                                   [31m [0m
[31m [0m   [2m152 [0m[2m│   │   │   [0m[2m# --- Equity Curve & Drawdown ---[0m                                  [31m [0m
[31m [0m                                                                                      [31m [0m
[31m [0m [2;33m/opt/anaconda3/lib/python3.11/site-packages/pandas/core/[0m[1;33mframe.py[0m:[94m7211[0m in [92msort_values[0m [31m [0m
[31m [0m                                                                                      [31m [0m
[31m [0m   [2m 7208 [0m[2m│   │   [0m[94melif[0m [96mlen[0m(by):                                                        [31m [0m
[31m [0m   [2m 7209 [0m[2m│   │   │   [0m[2m# len(by) == 1[0m                                                   [31m [0m
[31m [0m   [2m 7210 [0m[2m│   │   │   [0m                                                                 [31m [0m
[31m [0m [31m❱ [0m 7211 [2m│   │   │   [0mk = [96mself[0m._get_label_or_level_values(by[[94m0[0m], axis=axis)            [31m [0m
[31m [0m   [2m 7212 [0m[2m│   │   │   [0m                                                                 [31m [0m
[31m [0m   [2m 7213 [0m[2m│   │   │   [0m[2m# need to rewrap column in Series to apply key function[0m          [31m [0m
[31m [0m   [2m 7214 [0m[2m│   │   │   [0m[94mif[0m key [95mis[0m [95mnot[0m [94mNone[0m:                                              [31m [0m
[31m [0m                                                                                      [31m [0m
[31m [0m [2;33m/opt/anaconda3/lib/python3.11/site-packages/pandas/core/[0m[1;33mgeneric.py[0m:[94m1914[0m in           [31m [0m
[31m [0m [92m_get_label_or_level_values[0m                                                           [31m [0m
[31m [0m                                                                                      [31m [0m
[31m [0m   [2m 1911 [0m[2m│   │   [0m[94melif[0m [96mself[0m._is_level_reference(key, axis=axis):                       [31m [0m
[31m [0m   [2m 1912 [0m[2m│   │   │   [0mvalues = [96mself[0m.axes[axis].get_level_values(key)._values           [31m [0m
[31m [0m   [2m 1913 [0m[2m│   │   [0m[94melse[0m:                                                                [31m [0m
[31m [0m [31m❱ [0m 1914 [2m│   │   │   [0m[94mraise[0m [96mKeyError[0m(key)                                              [31m [0m
[31m [0m   [2m 1915 [0m[2m│   │   [0m                                                                     [31m [0m
[31m [0m   [2m 1916 [0m[2m│   │   [0m[2m# Check for duplicates[0m                                               [31m [0m
[31m [0m   [2m 1917 [0m[2m│   │   [0m[94mif[0m values.ndim > [94m1[0m:                                                  [31m [0m
[31m────────────────────────────────────────────────────────────────────────────────────────[0m
[1;91mKeyError: [0m[32m'entry_time'[0m
2026-07-03 22:12:01.428 Please replace `use_container_width` with `width`.

`use_container_width` will be removed after 2025-12-31.

For `use_container_width=True`, use `width='stretch'`. For `use_container_width=False`, use `width='content'`.
/Users/pratham/aitrade/trade_system_v2/src/trade_system/interfaces/dashboard/sector_scope_dashboard.py:702: FutureWarning:

Styler.applymap has been deprecated. Use Styler.map instead.

2026-07-03 22:12:42.647 Please replace `use_container_width` with `width`.

`use_container_width` will be removed after 2025-12-31.

For `use_container_width=True`, use `width='stretch'`. For `use_container_width=False`, use `width='content'`.
/Users/pratham/aitrade/trade_system_v2/src/trade_system/interfaces/dashboard/sector_scope_dashboard.py:721: FutureWarning:

Styler.applymap has been deprecated. Use Styler.map instead.

2026-07-03 22:12:42.649 Please replace `use_container_width` with `width`.

`use_container_width` will be removed after 2025-12-31.

For `use_container_width=True`, use `width='stretch'`. For `use_container_width=False`, use `width='content'`.
2026-07-03 22:12:44.368 Please replace `use_container_width` with `width`.

`use_container_width` will be removed after 2025-12-31.

For `use_container_width=True`, use `width='stretch'`. For `use_container_width=False`, use `width='content'`.
2026-07-03 22:12:55.026 Please replace `use_container_width` with `width`.

`use_container_width` will be removed after 2025-12-31.

For `use_container_width=True`, use `width='stretch'`. For `use_container_width=False`, use `width='content'`.
2026-07-03 22:12:55.122 Please replace `use_container_width` with `width`.

`use_container_width` will be removed after 2025-12-31.

For `use_container_width=True`, use `width='stretch'`. For `use_container_width=False`, use `width='content'`.
2026-07-03 22:12:55.142 Please replace `use_container_width` with `width`.

`use_container_width` will be removed after 2025-12-31.

For `use_container_width=True`, use `width='stretch'`. For `use_container_width=False`, use `width='content'`.
2026-07-03 22:13:17.198 Please replace `use_container_width` with `width`.

`use_container_width` will be removed after 2025-12-31.

For `use_container_width=True`, use `width='stretch'`. For `use_container_width=False`, use `width='content'`.
2026-07-03 22:13:18.149 Please replace `use_container_width` with `width`.

`use_container_width` will be removed after 2025-12-31.

For `use_container_width=True`, use `width='stretch'`. For `use_container_width=False`, use `width='content'`.
/Users/pratham/aitrade/trade_system_v2/src/trade_system/interfaces/dashboard/sector_scope_dashboard.py:1166: FutureWarning:

Styler.applymap has been deprecated. Use Styler.map instead.

2026-07-03 22:13:18.622 Please replace `use_container_width` with `width`.

`use_container_width` will be removed after 2025-12-31.

For `use_container_width=True`, use `width='stretch'`. For `use_container_width=False`, use `width='content'`.
/Users/pratham/aitrade/trade_system_v2/src/trade_system/interfaces/dashboard/sector_scope_dashboard.py:1445: FutureWarning:

Styler.applymap has been deprecated. Use Styler.map instead.

/Users/pratham/aitrade/trade_system_v2/src/trade_system/interfaces/dashboard/sector_scope_dashboard.py:1448: FutureWarning:

Styler.applymap has been deprecated. Use Styler.map instead.

2026-07-03 22:13:30.739 Please replace `use_container_width` with `width`.

`use_container_width` will be removed after 2025-12-31.

For `use_container_width=True`, use `width='stretch'`. For `use_container_width=False`, use `width='content'`.
2026-07-03 22:13:30.754 Please replace `use_container_width` with `width`.

`use_container_width` will be removed after 2025-12-31.

For `use_container_width=True`, use `width='stretch'`. For `use_container_width=False`, use `width='content'`.
2026-07-03 22:13:30.758 Please replace `use_container_width` with `width`.

`use_container_width` will be removed after 2025-12-31.

For `use_container_width=True`, use `width='stretch'`. For `use_container_width=False`, use `width='content'`.
2026-07-03 22:13:53.242 Please replace `use_container_width` with `width`.

`use_container_width` will be removed after 2025-12-31.

For `use_container_width=True`, use `width='stretch'`. For `use_container_width=False`, use `width='content'`.
2026-07-03 22:13:53.252 Please replace `use_container_width` with `width`.

`use_container_width` will be removed after 2025-12-31.

For `use_container_width=True`, use `width='stretch'`. For `use_container_width=False`, use `width='content'`.
2026-07-03 22:13:53.253 Please replace `use_container_width` with `width`.

`use_container_width` will be removed after 2025-12-31.

For `use_container_width=True`, use `width='stretch'`. For `use_container_width=False`, use `width='content'`.
/Users/pratham/aitrade/trade_system_v2/src/trade_system/interfaces/dashboard/sector_scope_dashboard.py:702: FutureWarning:

Styler.applymap has been deprecated. Use Styler.map instead.

2026-07-03 22:14:36.006 Please replace `use_container_width` with `width`.

`use_container_width` will be removed after 2025-12-31.

For `use_container_width=True`, use `width='stretch'`. For `use_container_width=False`, use `width='content'`.
/Users/pratham/aitrade/trade_system_v2/src/trade_system/interfaces/dashboard/sector_scope_dashboard.py:721: FutureWarning:

Styler.applymap has been deprecated. Use Styler.map instead.

2026-07-03 22:14:36.009 Please replace `use_container_width` with `width`.

`use_container_width` will be removed after 2025-12-31.

For `use_container_width=True`, use `width='stretch'`. For `use_container_width=False`, use `width='content'`.
2026-07-03 22:14:36.023 Please replace `use_container_width` with `width`.

`use_container_width` will be removed after 2025-12-31.

For `use_container_width=True`, use `width='stretch'`. For `use_container_width=False`, use `width='content'`.
2026-07-03 22:14:49.096 Please replace `use_container_width` with `width`.

`use_container_width` will be removed after 2025-12-31.

For `use_container_width=True`, use `width='stretch'`. For `use_container_width=False`, use `width='content'`.
2026-07-03 22:14:50.059 Please replace `use_container_width` with `width`.

`use_container_width` will be removed after 2025-12-31.

For `use_container_width=True`, use `width='stretch'`. For `use_container_width=False`, use `width='content'`.
/Users/pratham/aitrade/trade_system_v2/src/trade_system/interfaces/dashboard/sector_scope_dashboard.py:1166: FutureWarning:

Styler.applymap has been deprecated. Use Styler.map instead.

2026-07-03 22:14:50.465 Please replace `use_container_width` with `width`.

`use_container_width` will be removed after 2025-12-31.

For `use_container_width=True`, use `width='stretch'`. For `use_container_width=False`, use `width='content'`.
2026-07-03 22:14:53.684 Please replace `use_container_width` with `width`.

`use_container_width` will be removed after 2025-12-31.

For `use_container_width=True`, use `width='stretch'`. For `use_container_width=False`, use `width='content'`.
2026-07-03 22:14:53.840 Please replace `use_container_width` with `width`.

`use_container_width` will be removed after 2025-12-31.

For `use_container_width=True`, use `width='stretch'`. For `use_container_width=False`, use `width='content'`.
2026-07-03 22:14:53.858 Please replace `use_container_width` with `width`.

`use_container_width` will be removed after 2025-12-31.

For `use_container_width=True`, use `width='stretch'`. For `use_container_width=False`, use `width='content'`.
/Users/pratham/aitrade/trade_system_v2/src/trade_system/interfaces/dashboard/sector_scope_dashboard.py:1445: FutureWarning:

Styler.applymap has been deprecated. Use Styler.map instead.

/Users/pratham/aitrade/trade_system_v2/src/trade_system/interfaces/dashboard/sector_scope_dashboard.py:1448: FutureWarning:

Styler.applymap has been deprecated. Use Styler.map instead.

2026-07-03 22:15:02.981 Please replace `use_container_width` with `width`.

`use_container_width` will be removed after 2025-12-31.

For `use_container_width=True`, use `width='stretch'`. For `use_container_width=False`, use `width='content'`.
2026-07-03 22:15:02.995 Please replace `use_container_width` with `width`.

`use_container_width` will be removed after 2025-12-31.

For `use_container_width=True`, use `width='stretch'`. For `use_container_width=False`, use `width='content'`.
2026-07-03 22:15:02.998 Please replace `use_container_width` with `width`.

`use_container_width` will be removed after 2025-12-31.

For `use_container_width=True`, use `width='stretch'`. For `use_container_width=False`, use `width='content'`.
/Users/pratham/aitrade/trade_system_v2/src/trade_system/interfaces/dashboard/sector_scope_dashboard.py:702: FutureWarning:

Styler.applymap has been deprecated. Use Styler.map instead.

2026-07-03 22:15:31.633 Please replace `use_container_width` with `width`.

`use_container_width` will be removed after 2025-12-31.

For `use_container_width=True`, use `width='stretch'`. For `use_container_width=False`, use `width='content'`.
/Users/pratham/aitrade/trade_system_v2/src/trade_system/interfaces/dashboard/sector_scope_dashboard.py:721: FutureWarning:

Styler.applymap has been deprecated. Use Styler.map instead.

2026-07-03 22:15:31.636 Please replace `use_container_width` with `width`.

`use_container_width` will be removed after 2025-12-31.

For `use_container_width=True`, use `width='stretch'`. For `use_container_width=False`, use `width='content'`.
2026-07-03 22:15:31.646 Please replace `use_container_width` with `width`.

`use_container_width` will be removed after 2025-12-31.

For `use_container_width=True`, use `width='stretch'`. For `use_container_width=False`, use `width='content'`.
2026-07-03 22:15:44.032 Please replace `use_container_width` with `width`.

`use_container_width` will be removed after 2025-12-31.

For `use_container_width=True`, use `width='stretch'`. For `use_container_width=False`, use `width='content'`.
2026-07-03 22:15:44.955 Please replace `use_container_width` with `width`.

`use_container_width` will be removed after 2025-12-31.

For `use_container_width=True`, use `width='stretch'`. For `use_container_width=False`, use `width='content'`.
/Users/pratham/aitrade/trade_system_v2/src/trade_system/interfaces/dashboard/sector_scope_dashboard.py:1166: FutureWarning:

Styler.applymap has been deprecated. Use Styler.map instead.

2026-07-03 22:15:45.395 Please replace `use_container_width` with `width`.

`use_container_width` will be removed after 2025-12-31.

For `use_container_width=True`, use `width='stretch'`. For `use_container_width=False`, use `width='content'`.
2026-07-03 22:15:53.423 Please replace `use_container_width` with `width`.

`use_container_width` will be removed after 2025-12-31.

For `use_container_width=True`, use `width='stretch'`. For `use_container_width=False`, use `width='content'`.
2026-07-03 22:15:53.557 Please replace `use_container_width` with `width`.

`use_container_width` will be removed after 2025-12-31.

For `use_container_width=True`, use `width='stretch'`. For `use_container_width=False`, use `width='content'`.
2026-07-03 22:15:53.608 Please replace `use_container_width` with `width`.

`use_container_width` will be removed after 2025-12-31.

For `use_container_width=True`, use `width='stretch'`. For `use_container_width=False`, use `width='content'`.
/Users/pratham/aitrade/trade_system_v2/src/trade_system/interfaces/dashboard/sector_scope_dashboard.py:1445: FutureWarning:

Styler.applymap has been deprecated. Use Styler.map instead.

/Users/pratham/aitrade/trade_system_v2/src/trade_system/interfaces/dashboard/sector_scope_dashboard.py:1448: FutureWarning:

Styler.applymap has been deprecated. Use Styler.map instead.

2026-07-03 22:15:57.496 Please replace `use_container_width` with `width`.

`use_container_width` will be removed after 2025-12-31.

For `use_container_width=True`, use `width='stretch'`. For `use_container_width=False`, use `width='content'`.
2026-07-03 22:15:57.509 Please replace `use_container_width` with `width`.

`use_container_width` will be removed after 2025-12-31.

For `use_container_width=True`, use `width='stretch'`. For `use_container_width=False`, use `width='content'`.
2026-07-03 22:15:57.513 Please replace `use_container_width` with `width`.

`use_container_width` will be removed after 2025-12-31.

For `use_container_width=True`, use `width='stretch'`. For `use_container_width=False`, use `width='content'`.
/Users/pratham/aitrade/trade_system_v2/src/trade_system/interfaces/dashboard/sector_scope_dashboard.py:702: FutureWarning:

Styler.applymap has been deprecated. Use Styler.map instead.

2026-07-03 22:16:35.913 Please replace `use_container_width` with `width`.

`use_container_width` will be removed after 2025-12-31.

For `use_container_width=True`, use `width='stretch'`. For `use_container_width=False`, use `width='content'`.
/Users/pratham/aitrade/trade_system_v2/src/trade_system/interfaces/dashboard/sector_scope_dashboard.py:721: FutureWarning:

Styler.applymap has been deprecated. Use Styler.map instead.

2026-07-03 22:16:35.916 Please replace `use_container_width` with `width`.

`use_container_width` will be removed after 2025-12-31.

For `use_container_width=True`, use `width='stretch'`. For `use_container_width=False`, use `width='content'`.
2026-07-03 22:16:35.927 Please replace `use_container_width` with `width`.

`use_container_width` will be removed after 2025-12-31.

For `use_container_width=True`, use `width='stretch'`. For `use_container_width=False`, use `width='content'`.
2026-07-03 22:16:48.874 Please replace `use_container_width` with `width`.

`use_container_width` will be removed after 2025-12-31.

For `use_container_width=True`, use `width='stretch'`. For `use_container_width=False`, use `width='content'`.
2026-07-03 22:16:49.820 Please replace `use_container_width` with `width`.

`use_container_width` will be removed after 2025-12-31.

For `use_container_width=True`, use `width='stretch'`. For `use_container_width=False`, use `width='content'`.
/Users/pratham/aitrade/trade_system_v2/src/trade_system/interfaces/dashboard/sector_scope_dashboard.py:1166: FutureWarning:

Styler.applymap has been deprecated. Use Styler.map instead.

2026-07-03 22:16:50.242 Please replace `use_container_width` with `width`.

`use_container_width` will be removed after 2025-12-31.

For `use_container_width=True`, use `width='stretch'`. For `use_container_width=False`, use `width='content'`.
2026-07-03 22:16:53.745 Please replace `use_container_width` with `width`.

`use_container_width` will be removed after 2025-12-31.

For `use_container_width=True`, use `width='stretch'`. For `use_container_width=False`, use `width='content'`.
2026-07-03 22:16:53.865 Please replace `use_container_width` with `width`.

`use_container_width` will be removed after 2025-12-31.

For `use_container_width=True`, use `width='stretch'`. For `use_container_width=False`, use `width='content'`.
2026-07-03 22:16:53.885 Please replace `use_container_width` with `width`.

`use_container_width` will be removed after 2025-12-31.

For `use_container_width=True`, use `width='stretch'`. For `use_container_width=False`, use `width='content'`.
/Users/pratham/aitrade/trade_system_v2/src/trade_system/interfaces/dashboard/sector_scope_dashboard.py:1445: FutureWarning:

Styler.applymap has been deprecated. Use Styler.map instead.

/Users/pratham/aitrade/trade_system_v2/src/trade_system/interfaces/dashboard/sector_scope_dashboard.py:1448: FutureWarning:

Styler.applymap has been deprecated. Use Styler.map instead.

2026-07-03 22:17:02.547 Please replace `use_container_width` with `width`.

`use_container_width` will be removed after 2025-12-31.

For `use_container_width=True`, use `width='stretch'`. For `use_container_width=False`, use `width='content'`.
2026-07-03 22:17:02.561 Please replace `use_container_width` with `width`.

`use_container_width` will be removed after 2025-12-31.

For `use_container_width=True`, use `width='stretch'`. For `use_container_width=False`, use `width='content'`.
2026-07-03 22:17:02.565 Please replace `use_container_width` with `width`.

`use_container_width` will be removed after 2025-12-31.

For `use_container_width=True`, use `width='stretch'`. For `use_container_width=False`, use `width='content'`.
/Users/pratham/aitrade/trade_system_v2/src/trade_system/interfaces/dashboard/sector_scope_dashboard.py:702: FutureWarning:

Styler.applymap has been deprecated. Use Styler.map instead.

2026-07-03 22:17:31.528 Please replace `use_container_width` with `width`.

`use_container_width` will be removed after 2025-12-31.

For `use_container_width=True`, use `width='stretch'`. For `use_container_width=False`, use `width='content'`.
/Users/pratham/aitrade/trade_system_v2/src/trade_system/interfaces/dashboard/sector_scope_dashboard.py:721: FutureWarning:

Styler.applymap has been deprecated. Use Styler.map instead.

2026-07-03 22:17:31.531 Please replace `use_container_width` with `width`.

`use_container_width` will be removed after 2025-12-31.

For `use_container_width=True`, use `width='stretch'`. For `use_container_width=False`, use `width='content'`.
2026-07-03 22:17:31.542 Please replace `use_container_width` with `width`.

`use_container_width` will be removed after 2025-12-31.

For `use_container_width=True`, use `width='stretch'`. For `use_container_width=False`, use `width='content'`.
2026-07-03 22:17:44.577 Please replace `use_container_width` with `width`.

`use_container_width` will be removed after 2025-12-31.

For `use_container_width=True`, use `width='stretch'`. For `use_container_width=False`, use `width='content'`.
2026-07-03 22:17:45.510 Please replace `use_container_width` with `width`.

`use_container_width` will be removed after 2025-12-31.

For `use_container_width=True`, use `width='stretch'`. For `use_container_width=False`, use `width='content'`.
/Users/pratham/aitrade/trade_system_v2/src/trade_system/interfaces/dashboard/sector_scope_dashboard.py:1166: FutureWarning:

Styler.applymap has been deprecated. Use Styler.map instead.

2026-07-03 22:17:45.964 Please replace `use_container_width` with `width`.

`use_container_width` will be removed after 2025-12-31.

For `use_container_width=True`, use `width='stretch'`. For `use_container_width=False`, use `width='content'`.
2026-07-03 22:17:53.455 Please replace `use_container_width` with `width`.

`use_container_width` will be removed after 2025-12-31.

For `use_container_width=True`, use `width='stretch'`. For `use_container_width=False`, use `width='content'`.
2026-07-03 22:17:53.541 Please replace `use_container_width` with `width`.

`use_container_width` will be removed after 2025-12-31.

For `use_container_width=True`, use `width='stretch'`. For `use_container_width=False`, use `width='content'`.
2026-07-03 22:17:53.584 Please replace `use_container_width` with `width`.

`use_container_width` will be removed after 2025-12-31.

For `use_container_width=True`, use `width='stretch'`. For `use_container_width=False`, use `width='content'`.
/Users/pratham/aitrade/trade_system_v2/src/trade_system/interfaces/dashboard/sector_scope_dashboard.py:1445: FutureWarning:

Styler.applymap has been deprecated. Use Styler.map instead.

/Users/pratham/aitrade/trade_system_v2/src/trade_system/interfaces/dashboard/sector_scope_dashboard.py:1448: FutureWarning:

Styler.applymap has been deprecated. Use Styler.map instead.

2026-07-03 22:17:58.472 Please replace `use_container_width` with `width`.

`use_container_width` will be removed after 2025-12-31.

For `use_container_width=True`, use `width='stretch'`. For `use_container_width=False`, use `width='content'`.
2026-07-03 22:17:58.486 Please replace `use_container_width` with `width`.

`use_container_width` will be removed after 2025-12-31.

For `use_container_width=True`, use `width='stretch'`. For `use_container_width=False`, use `width='content'`.
2026-07-03 22:17:58.489 Please replace `use_container_width` with `width`.

`use_container_width` will be removed after 2025-12-31.

For `use_container_width=True`, use `width='stretch'`. For `use_container_width=False`, use `width='content'`.
/Users/pratham/aitrade/trade_system_v2/src/trade_system/interfaces/dashboard/sector_scope_dashboard.py:702: FutureWarning:

Styler.applymap has been deprecated. Use Styler.map instead.

2026-07-03 22:18:36.164 Please replace `use_container_width` with `width`.

`use_container_width` will be removed after 2025-12-31.

For `use_container_width=True`, use `width='stretch'`. For `use_container_width=False`, use `width='content'`.
/Users/pratham/aitrade/trade_system_v2/src/trade_system/interfaces/dashboard/sector_scope_dashboard.py:721: FutureWarning:

Styler.applymap has been deprecated. Use Styler.map instead.

2026-07-03 22:18:36.167 Please replace `use_container_width` with `width`.

`use_container_width` will be removed after 2025-12-31.

For `use_container_width=True`, use `width='stretch'`. For `use_container_width=False`, use `width='content'`.
2026-07-03 22:18:36.178 Please replace `use_container_width` with `width`.

`use_container_width` will be removed after 2025-12-31.

For `use_container_width=True`, use `width='stretch'`. For `use_container_width=False`, use `width='content'`.
2026-07-03 22:18:48.614 Please replace `use_container_width` with `width`.

`use_container_width` will be removed after 2025-12-31.

For `use_container_width=True`, use `width='stretch'`. For `use_container_width=False`, use `width='content'`.
2026-07-03 22:18:49.530 Please replace `use_container_width` with `width`.

`use_container_width` will be removed after 2025-12-31.

For `use_container_width=True`, use `width='stretch'`. For `use_container_width=False`, use `width='content'`.
/Users/pratham/aitrade/trade_system_v2/src/trade_system/interfaces/dashboard/sector_scope_dashboard.py:1166: FutureWarning:

Styler.applymap has been deprecated. Use Styler.map instead.

2026-07-03 22:18:49.978 Please replace `use_container_width` with `width`.

`use_container_width` will be removed after 2025-12-31.

For `use_container_width=True`, use `width='stretch'`. For `use_container_width=False`, use `width='content'`.
2026-07-03 22:18:53.931 Please replace `use_container_width` with `width`.

`use_container_width` will be removed after 2025-12-31.

For `use_container_width=True`, use `width='stretch'`. For `use_container_width=False`, use `width='content'`.
2026-07-03 22:18:54.070 Please replace `use_container_width` with `width`.

`use_container_width` will be removed after 2025-12-31.

For `use_container_width=True`, use `width='stretch'`. For `use_container_width=False`, use `width='content'`.
2026-07-03 22:18:54.084 Please replace `use_container_width` with `width`.

`use_container_width` will be removed after 2025-12-31.

For `use_container_width=True`, use `width='stretch'`. For `use_container_width=False`, use `width='content'`.
/Users/pratham/aitrade/trade_system_v2/src/trade_system/interfaces/dashboard/sector_scope_dashboard.py:1445: FutureWarning:

Styler.applymap has been deprecated. Use Styler.map instead.

/Users/pratham/aitrade/trade_system_v2/src/trade_system/interfaces/dashboard/sector_scope_dashboard.py:1448: FutureWarning:

Styler.applymap has been deprecated. Use Styler.map instead.

2026-07-03 22:19:02.447 Please replace `use_container_width` with `width`.

`use_container_width` will be removed after 2025-12-31.

For `use_container_width=True`, use `width='stretch'`. For `use_container_width=False`, use `width='content'`.
2026-07-03 22:19:02.460 Please replace `use_container_width` with `width`.

`use_container_width` will be removed after 2025-12-31.

For `use_container_width=True`, use `width='stretch'`. For `use_container_width=False`, use `width='content'`.
2026-07-03 22:19:02.464 Please replace `use_container_width` with `width`.

`use_container_width` will be removed after 2025-12-31.

For `use_container_width=True`, use `width='stretch'`. For `use_container_width=False`, use `width='content'`.
/Users/pratham/aitrade/trade_system_v2/src/trade_system/interfaces/dashboard/sector_scope_dashboard.py:702: FutureWarning:

Styler.applymap has been deprecated. Use Styler.map instead.

2026-07-03 22:19:31.424 Please replace `use_container_width` with `width`.

`use_container_width` will be removed after 2025-12-31.

For `use_container_width=True`, use `width='stretch'`. For `use_container_width=False`, use `width='content'`.
/Users/pratham/aitrade/trade_system_v2/src/trade_system/interfaces/dashboard/sector_scope_dashboard.py:721: FutureWarning:

Styler.applymap has been deprecated. Use Styler.map instead.

2026-07-03 22:19:31.427 Please replace `use_container_width` with `width`.

`use_container_width` will be removed after 2025-12-31.

For `use_container_width=True`, use `width='stretch'`. For `use_container_width=False`, use `width='content'`.
2026-07-03 22:19:31.438 Please replace `use_container_width` with `width`.

`use_container_width` will be removed after 2025-12-31.

For `use_container_width=True`, use `width='stretch'`. For `use_container_width=False`, use `width='content'`.
2026-07-03 22:19:44.219 Please replace `use_container_width` with `width`.

`use_container_width` will be removed after 2025-12-31.

For `use_container_width=True`, use `width='stretch'`. For `use_container_width=False`, use `width='content'`.
2026-07-03 22:19:45.140 Please replace `use_container_width` with `width`.

`use_container_width` will be removed after 2025-12-31.

For `use_container_width=True`, use `width='stretch'`. For `use_container_width=False`, use `width='content'`.
/Users/pratham/aitrade/trade_system_v2/src/trade_system/interfaces/dashboard/sector_scope_dashboard.py:1166: FutureWarning:

Styler.applymap has been deprecated. Use Styler.map instead.

2026-07-03 22:19:45.533 Please replace `use_container_width` with `width`.

`use_container_width` will be removed after 2025-12-31.

For `use_container_width=True`, use `width='stretch'`. For `use_container_width=False`, use `width='content'`.
2026-07-03 22:19:54.778 Please replace `use_container_width` with `width`.

`use_container_width` will be removed after 2025-12-31.

For `use_container_width=True`, use `width='stretch'`. For `use_container_width=False`, use `width='content'`.
2026-07-03 22:19:54.832 Please replace `use_container_width` with `width`.

`use_container_width` will be removed after 2025-12-31.

For `use_container_width=True`, use `width='stretch'`. For `use_container_width=False`, use `width='content'`.
2026-07-03 22:19:54.835 Please replace `use_container_width` with `width`.

`use_container_width` will be removed after 2025-12-31.

For `use_container_width=True`, use `width='stretch'`. For `use_container_width=False`, use `width='content'`.
/Users/pratham/aitrade/trade_system_v2/src/trade_system/interfaces/dashboard/sector_scope_dashboard.py:1445: FutureWarning:

Styler.applymap has been deprecated. Use Styler.map instead.

/Users/pratham/aitrade/trade_system_v2/src/trade_system/interfaces/dashboard/sector_scope_dashboard.py:1448: FutureWarning:

Styler.applymap has been deprecated. Use Styler.map instead.

2026-07-03 22:19:58.072 Please replace `use_container_width` with `width`.

`use_container_width` will be removed after 2025-12-31.

For `use_container_width=True`, use `width='stretch'`. For `use_container_width=False`, use `width='content'`.
2026-07-03 22:19:58.085 Please replace `use_container_width` with `width`.

`use_container_width` will be removed after 2025-12-31.

For `use_container_width=True`, use `width='stretch'`. For `use_container_width=False`, use `width='content'`.
2026-07-03 22:19:58.089 Please replace `use_container_width` with `width`.

`use_container_width` will be removed after 2025-12-31.

For `use_container_width=True`, use `width='stretch'`. For `use_container_width=False`, use `width='content'`.
/Users/pratham/aitrade/trade_system_v2/src/trade_system/interfaces/dashboard/sector_scope_dashboard.py:702: FutureWarning:

Styler.applymap has been deprecated. Use Styler.map instead.

2026-07-03 22:20:36.042 Please replace `use_container_width` with `width`.

`use_container_width` will be removed after 2025-12-31.

For `use_container_width=True`, use `width='stretch'`. For `use_container_width=False`, use `width='content'`.
/Users/pratham/aitrade/trade_system_v2/src/trade_system/interfaces/dashboard/sector_scope_dashboard.py:721: FutureWarning:

Styler.applymap has been deprecated. Use Styler.map instead.

2026-07-03 22:20:36.046 Please replace `use_container_width` with `width`.

`use_container_width` will be removed after 2025-12-31.

For `use_container_width=True`, use `width='stretch'`. For `use_container_width=False`, use `width='content'`.
2026-07-03 22:20:36.059 Please replace `use_container_width` with `width`.

`use_container_width` will be removed after 2025-12-31.

For `use_container_width=True`, use `width='stretch'`. For `use_container_width=False`, use `width='content'`.
2026-07-03 22:20:48.951 Please replace `use_container_width` with `width`.

`use_container_width` will be removed after 2025-12-31.

For `use_container_width=True`, use `width='stretch'`. For `use_container_width=False`, use `width='content'`.
2026-07-03 22:20:49.912 Please replace `use_container_width` with `width`.

`use_container_width` will be removed after 2025-12-31.

For `use_container_width=True`, use `width='stretch'`. For `use_container_width=False`, use `width='content'`.
/Users/pratham/aitrade/trade_system_v2/src/trade_system/interfaces/dashboard/sector_scope_dashboard.py:1166: FutureWarning:

Styler.applymap has been deprecated. Use Styler.map instead.

2026-07-03 22:20:50.386 Please replace `use_container_width` with `width`.

`use_container_width` will be removed after 2025-12-31.

For `use_container_width=True`, use `width='stretch'`. For `use_container_width=False`, use `width='content'`.
2026-07-03 22:20:55.770 Please replace `use_container_width` with `width`.

`use_container_width` will be removed after 2025-12-31.

For `use_container_width=True`, use `width='stretch'`. For `use_container_width=False`, use `width='content'`.
2026-07-03 22:20:55.913 Please replace `use_container_width` with `width`.

`use_container_width` will be removed after 2025-12-31.

For `use_container_width=True`, use `width='stretch'`. For `use_container_width=False`, use `width='content'`.
2026-07-03 22:20:55.925 Please replace `use_container_width` with `width`.

`use_container_width` will be removed after 2025-12-31.

For `use_container_width=True`, use `width='stretch'`. For `use_container_width=False`, use `width='content'`.
/Users/pratham/aitrade/trade_system_v2/src/trade_system/interfaces/dashboard/sector_scope_dashboard.py:1445: FutureWarning:

Styler.applymap has been deprecated. Use Styler.map instead.

/Users/pratham/aitrade/trade_system_v2/src/trade_system/interfaces/dashboard/sector_scope_dashboard.py:1448: FutureWarning:

Styler.applymap has been deprecated. Use Styler.map instead.

2026-07-03 22:21:02.914 Please replace `use_container_width` with `width`.

`use_container_width` will be removed after 2025-12-31.

For `use_container_width=True`, use `width='stretch'`. For `use_container_width=False`, use `width='content'`.
2026-07-03 22:21:02.932 Please replace `use_container_width` with `width`.

`use_container_width` will be removed after 2025-12-31.

For `use_container_width=True`, use `width='stretch'`. For `use_container_width=False`, use `width='content'`.
2026-07-03 22:21:02.936 Please replace `use_container_width` with `width`.

`use_container_width` will be removed after 2025-12-31.

For `use_container_width=True`, use `width='stretch'`. For `use_container_width=False`, use `width='content'`.
2026-07-03 22:21:56.254 Please replace `use_container_width` with `width`.

`use_container_width` will be removed after 2025-12-31.

For `use_container_width=True`, use `width='stretch'`. For `use_container_width=False`, use `width='content'`.
2026-07-03 22:21:56.265 Please replace `use_container_width` with `width`.

`use_container_width` will be removed after 2025-12-31.

For `use_container_width=True`, use `width='stretch'`. For `use_container_width=False`, use `width='content'`.
2026-07-03 22:21:56.267 Please replace `use_container_width` with `width`.

`use_container_width` will be removed after 2025-12-31.

For `use_container_width=True`, use `width='stretch'`. For `use_container_width=False`, use `width='content'`.
/Users/pratham/aitrade/trade_system_v2/src/trade_system/interfaces/dashboard/sector_scope_dashboard.py:702: FutureWarning:

Styler.applymap has been deprecated. Use Styler.map instead.

2026-07-03 22:22:04.126 Please replace `use_container_width` with `width`.

`use_container_width` will be removed after 2025-12-31.

For `use_container_width=True`, use `width='stretch'`. For `use_container_width=False`, use `width='content'`.
/Users/pratham/aitrade/trade_system_v2/src/trade_system/interfaces/dashboard/sector_scope_dashboard.py:721: FutureWarning:

Styler.applymap has been deprecated. Use Styler.map instead.

2026-07-03 22:22:04.129 Please replace `use_container_width` with `width`.

`use_container_width` will be removed after 2025-12-31.

For `use_container_width=True`, use `width='stretch'`. For `use_container_width=False`, use `width='content'`.
2026-07-03 22:22:04.143 Please replace `use_container_width` with `width`.

`use_container_width` will be removed after 2025-12-31.

For `use_container_width=True`, use `width='stretch'`. For `use_container_width=False`, use `width='content'`.
2026-07-03 22:22:16.829 Please replace `use_container_width` with `width`.

`use_container_width` will be removed after 2025-12-31.

For `use_container_width=True`, use `width='stretch'`. For `use_container_width=False`, use `width='content'`.
2026-07-03 22:22:17.791 Please replace `use_container_width` with `width`.

`use_container_width` will be removed after 2025-12-31.

For `use_container_width=True`, use `width='stretch'`. For `use_container_width=False`, use `width='content'`.
/Users/pratham/aitrade/trade_system_v2/src/trade_system/interfaces/dashboard/sector_scope_dashboard.py:1166: FutureWarning:

Styler.applymap has been deprecated. Use Styler.map instead.

2026-07-03 22:22:18.322 Please replace `use_container_width` with `width`.

`use_container_width` will be removed after 2025-12-31.

For `use_container_width=True`, use `width='stretch'`. For `use_container_width=False`, use `width='content'`.
/Users/pratham/aitrade/trade_system_v2/src/trade_system/interfaces/dashboard/sector_scope_dashboard.py:1445: FutureWarning:

Styler.applymap has been deprecated. Use Styler.map instead.

/Users/pratham/aitrade/trade_system_v2/src/trade_system/interfaces/dashboard/sector_scope_dashboard.py:1448: FutureWarning:

Styler.applymap has been deprecated. Use Styler.map instead.

2026-07-03 22:22:30.610 Please replace `use_container_width` with `width`.

`use_container_width` will be removed after 2025-12-31.

For `use_container_width=True`, use `width='stretch'`. For `use_container_width=False`, use `width='content'`.
2026-07-03 22:22:30.622 Please replace `use_container_width` with `width`.

`use_container_width` will be removed after 2025-12-31.

For `use_container_width=True`, use `width='stretch'`. For `use_container_width=False`, use `width='content'`.
2026-07-03 22:22:30.626 Please replace `use_container_width` with `width`.

`use_container_width` will be removed after 2025-12-31.

For `use_container_width=True`, use `width='stretch'`. For `use_container_width=False`, use `width='content'`.
2026-07-03 22:22:57.257 Please replace `use_container_width` with `width`.

`use_container_width` will be removed after 2025-12-31.

For `use_container_width=True`, use `width='stretch'`. For `use_container_width=False`, use `width='content'`.
2026-07-03 22:22:57.265 Please replace `use_container_width` with `width`.

`use_container_width` will be removed after 2025-12-31.

For `use_container_width=True`, use `width='stretch'`. For `use_container_width=False`, use `width='content'`.
2026-07-03 22:22:57.266 Please replace `use_container_width` with `width`.

`use_container_width` will be removed after 2025-12-31.

For `use_container_width=True`, use `width='stretch'`. For `use_container_width=False`, use `width='content'`.
/Users/pratham/aitrade/trade_system_v2/src/trade_system/interfaces/dashboard/sector_scope_dashboard.py:702: FutureWarning:

Styler.applymap has been deprecated. Use Styler.map instead.

2026-07-03 22:22:59.428 Please replace `use_container_width` with `width`.

`use_container_width` will be removed after 2025-12-31.

For `use_container_width=True`, use `width='stretch'`. For `use_container_width=False`, use `width='content'`.
/Users/pratham/aitrade/trade_system_v2/src/trade_system/interfaces/dashboard/sector_scope_dashboard.py:721: FutureWarning:

Styler.applymap has been deprecated. Use Styler.map instead.

2026-07-03 22:22:59.430 Please replace `use_container_width` with `width`.

`use_container_width` will be removed after 2025-12-31.

For `use_container_width=True`, use `width='stretch'`. For `use_container_width=False`, use `width='content'`.
2026-07-03 22:22:59.440 Please replace `use_container_width` with `width`.

`use_container_width` will be removed after 2025-12-31.

For `use_container_width=True`, use `width='stretch'`. For `use_container_width=False`, use `width='content'`.
2026-07-03 22:23:12.186 Please replace `use_container_width` with `width`.

`use_container_width` will be removed after 2025-12-31.

For `use_container_width=True`, use `width='stretch'`. For `use_container_width=False`, use `width='content'`.
2026-07-03 22:23:13.136 Please replace `use_container_width` with `width`.

`use_container_width` will be removed after 2025-12-31.

For `use_container_width=True`, use `width='stretch'`. For `use_container_width=False`, use `width='content'`.
/Users/pratham/aitrade/trade_system_v2/src/trade_system/interfaces/dashboard/sector_scope_dashboard.py:1166: FutureWarning:

Styler.applymap has been deprecated. Use Styler.map instead.

2026-07-03 22:23:13.525 Please replace `use_container_width` with `width`.

`use_container_width` will be removed after 2025-12-31.

For `use_container_width=True`, use `width='stretch'`. For `use_container_width=False`, use `width='content'`.
/Users/pratham/aitrade/trade_system_v2/src/trade_system/interfaces/dashboard/sector_scope_dashboard.py:1445: FutureWarning:

Styler.applymap has been deprecated. Use Styler.map instead.

/Users/pratham/aitrade/trade_system_v2/src/trade_system/interfaces/dashboard/sector_scope_dashboard.py:1448: FutureWarning:

Styler.applymap has been deprecated. Use Styler.map instead.

2026-07-03 22:23:26.036 Please replace `use_container_width` with `width`.

`use_container_width` will be removed after 2025-12-31.

For `use_container_width=True`, use `width='stretch'`. For `use_container_width=False`, use `width='content'`.
2026-07-03 22:23:26.048 Please replace `use_container_width` with `width`.

`use_container_width` will be removed after 2025-12-31.

For `use_container_width=True`, use `width='stretch'`. For `use_container_width=False`, use `width='content'`.
2026-07-03 22:23:26.052 Please replace `use_container_width` with `width`.

`use_container_width` will be removed after 2025-12-31.

For `use_container_width=True`, use `width='stretch'`. For `use_container_width=False`, use `width='content'`.
2026-07-03 22:23:58.313 Please replace `use_container_width` with `width`.

`use_container_width` will be removed after 2025-12-31.

For `use_container_width=True`, use `width='stretch'`. For `use_container_width=False`, use `width='content'`.
2026-07-03 22:23:58.321 Please replace `use_container_width` with `width`.

`use_container_width` will be removed after 2025-12-31.

For `use_container_width=True`, use `width='stretch'`. For `use_container_width=False`, use `width='content'`.
2026-07-03 22:23:58.323 Please replace `use_container_width` with `width`.

`use_container_width` will be removed after 2025-12-31.

For `use_container_width=True`, use `width='stretch'`. For `use_container_width=False`, use `width='content'`.
/Users/pratham/aitrade/trade_system_v2/src/trade_system/interfaces/dashboard/sector_scope_dashboard.py:702: FutureWarning:

Styler.applymap has been deprecated. Use Styler.map instead.

2026-07-03 22:24:04.092 Please replace `use_container_width` with `width`.

`use_container_width` will be removed after 2025-12-31.

For `use_container_width=True`, use `width='stretch'`. For `use_container_width=False`, use `width='content'`.
/Users/pratham/aitrade/trade_system_v2/src/trade_system/interfaces/dashboard/sector_scope_dashboard.py:721: FutureWarning:

Styler.applymap has been deprecated. Use Styler.map instead.

2026-07-03 22:24:04.095 Please replace `use_container_width` with `width`.

`use_container_width` will be removed after 2025-12-31.

For `use_container_width=True`, use `width='stretch'`. For `use_container_width=False`, use `width='content'`.
2026-07-03 22:24:04.105 Please replace `use_container_width` with `width`.

`use_container_width` will be removed after 2025-12-31.

For `use_container_width=True`, use `width='stretch'`. For `use_container_width=False`, use `width='content'`.
2026-07-03 22:24:17.012 Please replace `use_container_width` with `width`.

`use_container_width` will be removed after 2025-12-31.

For `use_container_width=True`, use `width='stretch'`. For `use_container_width=False`, use `width='content'`.
2026-07-03 22:24:17.925 Please replace `use_container_width` with `width`.

`use_container_width` will be removed after 2025-12-31.

For `use_container_width=True`, use `width='stretch'`. For `use_container_width=False`, use `width='content'`.
/Users/pratham/aitrade/trade_system_v2/src/trade_system/interfaces/dashboard/sector_scope_dashboard.py:1166: FutureWarning:

Styler.applymap has been deprecated. Use Styler.map instead.

2026-07-03 22:24:18.384 Please replace `use_container_width` with `width`.

`use_container_width` will be removed after 2025-12-31.

For `use_container_width=True`, use `width='stretch'`. For `use_container_width=False`, use `width='content'`.
/Users/pratham/aitrade/trade_system_v2/src/trade_system/interfaces/dashboard/sector_scope_dashboard.py:1445: FutureWarning:

Styler.applymap has been deprecated. Use Styler.map instead.

/Users/pratham/aitrade/trade_system_v2/src/trade_system/interfaces/dashboard/sector_scope_dashboard.py:1448: FutureWarning:

Styler.applymap has been deprecated. Use Styler.map instead.

2026-07-03 22:24:30.722 Please replace `use_container_width` with `width`.

`use_container_width` will be removed after 2025-12-31.

For `use_container_width=True`, use `width='stretch'`. For `use_container_width=False`, use `width='content'`.
2026-07-03 22:24:30.734 Please replace `use_container_width` with `width`.

`use_container_width` will be removed after 2025-12-31.

For `use_container_width=True`, use `width='stretch'`. For `use_container_width=False`, use `width='content'`.
2026-07-03 22:24:30.738 Please replace `use_container_width` with `width`.

`use_container_width` will be removed after 2025-12-31.

For `use_container_width=True`, use `width='stretch'`. For `use_container_width=False`, use `width='content'`.
2026-07-03 22:24:59.349 Please replace `use_container_width` with `width`.

`use_container_width` will be removed after 2025-12-31.

For `use_container_width=True`, use `width='stretch'`. For `use_container_width=False`, use `width='content'`.
2026-07-03 22:24:59.357 Please replace `use_container_width` with `width`.

`use_container_width` will be removed after 2025-12-31.

For `use_container_width=True`, use `width='stretch'`. For `use_container_width=False`, use `width='content'`.
2026-07-03 22:24:59.358 Please replace `use_container_width` with `width`.

`use_container_width` will be removed after 2025-12-31.

For `use_container_width=True`, use `width='stretch'`. For `use_container_width=False`, use `width='content'`.
/Users/pratham/aitrade/trade_system_v2/src/trade_system/interfaces/dashboard/sector_scope_dashboard.py:702: FutureWarning:

Styler.applymap has been deprecated. Use Styler.map instead.

2026-07-03 22:24:59.749 Please replace `use_container_width` with `width`.

`use_container_width` will be removed after 2025-12-31.

For `use_container_width=True`, use `width='stretch'`. For `use_container_width=False`, use `width='content'`.
/Users/pratham/aitrade/trade_system_v2/src/trade_system/interfaces/dashboard/sector_scope_dashboard.py:721: FutureWarning:

Styler.applymap has been deprecated. Use Styler.map instead.

2026-07-03 22:24:59.752 Please replace `use_container_width` with `width`.

`use_container_width` will be removed after 2025-12-31.

For `use_container_width=True`, use `width='stretch'`. For `use_container_width=False`, use `width='content'`.
2026-07-03 22:24:59.762 Please replace `use_container_width` with `width`.

`use_container_width` will be removed after 2025-12-31.

For `use_container_width=True`, use `width='stretch'`. For `use_container_width=False`, use `width='content'`.
2026-07-03 22:25:12.425 Please replace `use_container_width` with `width`.

`use_container_width` will be removed after 2025-12-31.

For `use_container_width=True`, use `width='stretch'`. For `use_container_width=False`, use `width='content'`.
2026-07-03 22:25:13.360 Please replace `use_container_width` with `width`.

`use_container_width` will be removed after 2025-12-31.

For `use_container_width=True`, use `width='stretch'`. For `use_container_width=False`, use `width='content'`.
/Users/pratham/aitrade/trade_system_v2/src/trade_system/interfaces/dashboard/sector_scope_dashboard.py:1166: FutureWarning:

Styler.applymap has been deprecated. Use Styler.map instead.

2026-07-03 22:25:13.750 Please replace `use_container_width` with `width`.

`use_container_width` will be removed after 2025-12-31.

For `use_container_width=True`, use `width='stretch'`. For `use_container_width=False`, use `width='content'`.
/Users/pratham/aitrade/trade_system_v2/src/trade_system/interfaces/dashboard/sector_scope_dashboard.py:1445: FutureWarning:

Styler.applymap has been deprecated. Use Styler.map instead.

/Users/pratham/aitrade/trade_system_v2/src/trade_system/interfaces/dashboard/sector_scope_dashboard.py:1448: FutureWarning:

Styler.applymap has been deprecated. Use Styler.map instead.

2026-07-03 22:25:26.115 Please replace `use_container_width` with `width`.

`use_container_width` will be removed after 2025-12-31.

For `use_container_width=True`, use `width='stretch'`. For `use_container_width=False`, use `width='content'`.
2026-07-03 22:25:26.128 Please replace `use_container_width` with `width`.

`use_container_width` will be removed after 2025-12-31.

For `use_container_width=True`, use `width='stretch'`. For `use_container_width=False`, use `width='content'`.
2026-07-03 22:25:26.132 Please replace `use_container_width` with `width`.

`use_container_width` will be removed after 2025-12-31.

For `use_container_width=True`, use `width='stretch'`. For `use_container_width=False`, use `width='content'`.
2026-07-03 22:25:59.273 Please replace `use_container_width` with `width`.

`use_container_width` will be removed after 2025-12-31.

For `use_container_width=True`, use `width='stretch'`. For `use_container_width=False`, use `width='content'`.
2026-07-03 22:25:59.285 Please replace `use_container_width` with `width`.

`use_container_width` will be removed after 2025-12-31.

For `use_container_width=True`, use `width='stretch'`. For `use_container_width=False`, use `width='content'`.
2026-07-03 22:25:59.287 Please replace `use_container_width` with `width`.

`use_container_width` will be removed after 2025-12-31.

For `use_container_width=True`, use `width='stretch'`. For `use_container_width=False`, use `width='content'`.
/Users/pratham/aitrade/trade_system_v2/src/trade_system/interfaces/dashboard/sector_scope_dashboard.py:702: FutureWarning:

Styler.applymap has been deprecated. Use Styler.map instead.

2026-07-03 22:26:03.999 Please replace `use_container_width` with `width`.

`use_container_width` will be removed after 2025-12-31.

For `use_container_width=True`, use `width='stretch'`. For `use_container_width=False`, use `width='content'`.
/Users/pratham/aitrade/trade_system_v2/src/trade_system/interfaces/dashboard/sector_scope_dashboard.py:721: FutureWarning:

Styler.applymap has been deprecated. Use Styler.map instead.

2026-07-03 22:26:04.001 Please replace `use_container_width` with `width`.

`use_container_width` will be removed after 2025-12-31.

For `use_container_width=True`, use `width='stretch'`. For `use_container_width=False`, use `width='content'`.
2026-07-03 22:26:04.012 Please replace `use_container_width` with `width`.

`use_container_width` will be removed after 2025-12-31.

For `use_container_width=True`, use `width='stretch'`. For `use_container_width=False`, use `width='content'`.
2026-07-03 22:26:16.809 Please replace `use_container_width` with `width`.

`use_container_width` will be removed after 2025-12-31.

For `use_container_width=True`, use `width='stretch'`. For `use_container_width=False`, use `width='content'`.
2026-07-03 22:26:17.727 Please replace `use_container_width` with `width`.

`use_container_width` will be removed after 2025-12-31.

For `use_container_width=True`, use `width='stretch'`. For `use_container_width=False`, use `width='content'`.
/Users/pratham/aitrade/trade_system_v2/src/trade_system/interfaces/dashboard/sector_scope_dashboard.py:1166: FutureWarning:

Styler.applymap has been deprecated. Use Styler.map instead.

2026-07-03 22:26:18.119 Please replace `use_container_width` with `width`.

`use_container_width` will be removed after 2025-12-31.

For `use_container_width=True`, use `width='stretch'`. For `use_container_width=False`, use `width='content'`.
/Users/pratham/aitrade/trade_system_v2/src/trade_system/interfaces/dashboard/sector_scope_dashboard.py:1445: FutureWarning:

Styler.applymap has been deprecated. Use Styler.map instead.

/Users/pratham/aitrade/trade_system_v2/src/trade_system/interfaces/dashboard/sector_scope_dashboard.py:1448: FutureWarning:

Styler.applymap has been deprecated. Use Styler.map instead.

2026-07-03 22:26:30.135 Please replace `use_container_width` with `width`.

`use_container_width` will be removed after 2025-12-31.

For `use_container_width=True`, use `width='stretch'`. For `use_container_width=False`, use `width='content'`.
2026-07-03 22:26:30.147 Please replace `use_container_width` with `width`.

`use_container_width` will be removed after 2025-12-31.

For `use_container_width=True`, use `width='stretch'`. For `use_container_width=False`, use `width='content'`.
2026-07-03 22:26:30.151 Please replace `use_container_width` with `width`.

`use_container_width` will be removed after 2025-12-31.

For `use_container_width=True`, use `width='stretch'`. For `use_container_width=False`, use `width='content'`.
2026-07-03 22:26:59.274 Please replace `use_container_width` with `width`.

`use_container_width` will be removed after 2025-12-31.

For `use_container_width=True`, use `width='stretch'`. For `use_container_width=False`, use `width='content'`.
2026-07-03 22:26:59.282 Please replace `use_container_width` with `width`.

`use_container_width` will be removed after 2025-12-31.

For `use_container_width=True`, use `width='stretch'`. For `use_container_width=False`, use `width='content'`.
2026-07-03 22:26:59.284 Please replace `use_container_width` with `width`.

`use_container_width` will be removed after 2025-12-31.

For `use_container_width=True`, use `width='stretch'`. For `use_container_width=False`, use `width='content'`.
/Users/pratham/aitrade/trade_system_v2/src/trade_system/interfaces/dashboard/sector_scope_dashboard.py:702: FutureWarning:

Styler.applymap has been deprecated. Use Styler.map instead.

2026-07-03 22:26:59.608 Please replace `use_container_width` with `width`.

`use_container_width` will be removed after 2025-12-31.

For `use_container_width=True`, use `width='stretch'`. For `use_container_width=False`, use `width='content'`.
/Users/pratham/aitrade/trade_system_v2/src/trade_system/interfaces/dashboard/sector_scope_dashboard.py:721: FutureWarning:

Styler.applymap has been deprecated. Use Styler.map instead.

2026-07-03 22:26:59.610 Please replace `use_container_width` with `width`.

`use_container_width` will be removed after 2025-12-31.

For `use_container_width=True`, use `width='stretch'`. For `use_container_width=False`, use `width='content'`.
2026-07-03 22:26:59.620 Please replace `use_container_width` with `width`.

`use_container_width` will be removed after 2025-12-31.

For `use_container_width=True`, use `width='stretch'`. For `use_container_width=False`, use `width='content'`.
2026-07-03 22:27:12.147 Please replace `use_container_width` with `width`.

`use_container_width` will be removed after 2025-12-31.

For `use_container_width=True`, use `width='stretch'`. For `use_container_width=False`, use `width='content'`.
2026-07-03 22:27:13.081 Please replace `use_container_width` with `width`.

`use_container_width` will be removed after 2025-12-31.

For `use_container_width=True`, use `width='stretch'`. For `use_container_width=False`, use `width='content'`.
/Users/pratham/aitrade/trade_system_v2/src/trade_system/interfaces/dashboard/sector_scope_dashboard.py:1166: FutureWarning:

Styler.applymap has been deprecated. Use Styler.map instead.

2026-07-03 22:27:13.474 Please replace `use_container_width` with `width`.

`use_container_width` will be removed after 2025-12-31.

For `use_container_width=True`, use `width='stretch'`. For `use_container_width=False`, use `width='content'`.
/Users/pratham/aitrade/trade_system_v2/src/trade_system/interfaces/dashboard/sector_scope_dashboard.py:1445: FutureWarning:

Styler.applymap has been deprecated. Use Styler.map instead.

/Users/pratham/aitrade/trade_system_v2/src/trade_system/interfaces/dashboard/sector_scope_dashboard.py:1448: FutureWarning:

Styler.applymap has been deprecated. Use Styler.map instead.

2026-07-03 22:27:25.765 Please replace `use_container_width` with `width`.

`use_container_width` will be removed after 2025-12-31.

For `use_container_width=True`, use `width='stretch'`. For `use_container_width=False`, use `width='content'`.
2026-07-03 22:27:25.777 Please replace `use_container_width` with `width`.

`use_container_width` will be removed after 2025-12-31.

For `use_container_width=True`, use `width='stretch'`. For `use_container_width=False`, use `width='content'`.
2026-07-03 22:27:25.782 Please replace `use_container_width` with `width`.

`use_container_width` will be removed after 2025-12-31.

For `use_container_width=True`, use `width='stretch'`. For `use_container_width=False`, use `width='content'`.
2026-07-03 22:27:59.396 Please replace `use_container_width` with `width`.

`use_container_width` will be removed after 2025-12-31.

For `use_container_width=True`, use `width='stretch'`. For `use_container_width=False`, use `width='content'`.
2026-07-03 22:27:59.412 Please replace `use_container_width` with `width`.

`use_container_width` will be removed after 2025-12-31.

For `use_container_width=True`, use `width='stretch'`. For `use_container_width=False`, use `width='content'`.
2026-07-03 22:27:59.415 Please replace `use_container_width` with `width`.

`use_container_width` will be removed after 2025-12-31.

For `use_container_width=True`, use `width='stretch'`. For `use_container_width=False`, use `width='content'`.
/Users/pratham/aitrade/trade_system_v2/src/trade_system/interfaces/dashboard/sector_scope_dashboard.py:702: FutureWarning:

Styler.applymap has been deprecated. Use Styler.map instead.

2026-07-03 22:28:04.412 Please replace `use_container_width` with `width`.

`use_container_width` will be removed after 2025-12-31.

For `use_container_width=True`, use `width='stretch'`. For `use_container_width=False`, use `width='content'`.
/Users/pratham/aitrade/trade_system_v2/src/trade_system/interfaces/dashboard/sector_scope_dashboard.py:721: FutureWarning:

Styler.applymap has been deprecated. Use Styler.map instead.

2026-07-03 22:28:04.416 Please replace `use_container_width` with `width`.

`use_container_width` will be removed after 2025-12-31.

For `use_container_width=True`, use `width='stretch'`. For `use_container_width=False`, use `width='content'`.
2026-07-03 22:28:04.428 Please replace `use_container_width` with `width`.

`use_container_width` will be removed after 2025-12-31.

For `use_container_width=True`, use `width='stretch'`. For `use_container_width=False`, use `width='content'`.
2026-07-03 22:28:19.431 Please replace `use_container_width` with `width`.

`use_container_width` will be removed after 2025-12-31.

For `use_container_width=True`, use `width='stretch'`. For `use_container_width=False`, use `width='content'`.
2026-07-03 22:28:20.462 Please replace `use_container_width` with `width`.

`use_container_width` will be removed after 2025-12-31.

For `use_container_width=True`, use `width='stretch'`. For `use_container_width=False`, use `width='content'`.
/Users/pratham/aitrade/trade_system_v2/src/trade_system/interfaces/dashboard/sector_scope_dashboard.py:1166: FutureWarning:

Styler.applymap has been deprecated. Use Styler.map instead.

2026-07-03 22:28:20.950 Please replace `use_container_width` with `width`.

`use_container_width` will be removed after 2025-12-31.

For `use_container_width=True`, use `width='stretch'`. For `use_container_width=False`, use `width='content'`.
/Users/pratham/aitrade/trade_system_v2/src/trade_system/interfaces/dashboard/sector_scope_dashboard.py:1445: FutureWarning:

Styler.applymap has been deprecated. Use Styler.map instead.

/Users/pratham/aitrade/trade_system_v2/src/trade_system/interfaces/dashboard/sector_scope_dashboard.py:1448: FutureWarning:

Styler.applymap has been deprecated. Use Styler.map instead.

2026-07-03 22:28:34.657 Please replace `use_container_width` with `width`.

`use_container_width` will be removed after 2025-12-31.

For `use_container_width=True`, use `width='stretch'`. For `use_container_width=False`, use `width='content'`.
2026-07-03 22:28:34.673 Please replace `use_container_width` with `width`.

`use_container_width` will be removed after 2025-12-31.

For `use_container_width=True`, use `width='stretch'`. For `use_container_width=False`, use `width='content'`.
2026-07-03 22:28:34.678 Please replace `use_container_width` with `width`.

`use_container_width` will be removed after 2025-12-31.

For `use_container_width=True`, use `width='stretch'`. For `use_container_width=False`, use `width='content'`.
/Users/pratham/aitrade/trade_system_v2/src/trade_system/interfaces/dashboard/sector_scope_dashboard.py:702: FutureWarning:

Styler.applymap has been deprecated. Use Styler.map instead.

2026-07-03 22:28:59.578 Please replace `use_container_width` with `width`.

`use_container_width` will be removed after 2025-12-31.

For `use_container_width=True`, use `width='stretch'`. For `use_container_width=False`, use `width='content'`.
/Users/pratham/aitrade/trade_system_v2/src/trade_system/interfaces/dashboard/sector_scope_dashboard.py:721: FutureWarning:

Styler.applymap has been deprecated. Use Styler.map instead.

2026-07-03 22:28:59.583 Please replace `use_container_width` with `width`.

`use_container_width` will be removed after 2025-12-31.

For `use_container_width=True`, use `width='stretch'`. For `use_container_width=False`, use `width='content'`.
2026-07-03 22:28:59.601 Please replace `use_container_width` with `width`.

`use_container_width` will be removed after 2025-12-31.

For `use_container_width=True`, use `width='stretch'`. For `use_container_width=False`, use `width='content'`.
2026-07-03 22:29:07.958 Please replace `use_container_width` with `width`.

`use_container_width` will be removed after 2025-12-31.

For `use_container_width=True`, use `width='stretch'`. For `use_container_width=False`, use `width='content'`.
2026-07-03 22:29:08.042 Please replace `use_container_width` with `width`.

`use_container_width` will be removed after 2025-12-31.

For `use_container_width=True`, use `width='stretch'`. For `use_container_width=False`, use `width='content'`.
2026-07-03 22:29:08.057 Please replace `use_container_width` with `width`.

`use_container_width` will be removed after 2025-12-31.

For `use_container_width=True`, use `width='stretch'`. For `use_container_width=False`, use `width='content'`.
2026-07-03 22:29:14.192 Please replace `use_container_width` with `width`.

`use_container_width` will be removed after 2025-12-31.

For `use_container_width=True`, use `width='stretch'`. For `use_container_width=False`, use `width='content'`.
2026-07-03 22:29:15.194 Please replace `use_container_width` with `width`.

`use_container_width` will be removed after 2025-12-31.

For `use_container_width=True`, use `width='stretch'`. For `use_container_width=False`, use `width='content'`.
/Users/pratham/aitrade/trade_system_v2/src/trade_system/interfaces/dashboard/sector_scope_dashboard.py:1166: FutureWarning:

Styler.applymap has been deprecated. Use Styler.map instead.

2026-07-03 22:29:15.924 Please replace `use_container_width` with `width`.

`use_container_width` will be removed after 2025-12-31.

For `use_container_width=True`, use `width='stretch'`. For `use_container_width=False`, use `width='content'`.
/Users/pratham/aitrade/trade_system_v2/src/trade_system/interfaces/dashboard/sector_scope_dashboard.py:1445: FutureWarning:

Styler.applymap has been deprecated. Use Styler.map instead.

/Users/pratham/aitrade/trade_system_v2/src/trade_system/interfaces/dashboard/sector_scope_dashboard.py:1448: FutureWarning:

Styler.applymap has been deprecated. Use Styler.map instead.

2026-07-03 22:29:29.549 Please replace `use_container_width` with `width`.

`use_container_width` will be removed after 2025-12-31.

For `use_container_width=True`, use `width='stretch'`. For `use_container_width=False`, use `width='content'`.
2026-07-03 22:29:29.565 Please replace `use_container_width` with `width`.

`use_container_width` will be removed after 2025-12-31.

For `use_container_width=True`, use `width='stretch'`. For `use_container_width=False`, use `width='content'`.
2026-07-03 22:29:29.569 Please replace `use_container_width` with `width`.

`use_container_width` will be removed after 2025-12-31.

For `use_container_width=True`, use `width='stretch'`. For `use_container_width=False`, use `width='content'`.
/Users/pratham/aitrade/trade_system_v2/src/trade_system/interfaces/dashboard/sector_scope_dashboard.py:702: FutureWarning:

Styler.applymap has been deprecated. Use Styler.map instead.

2026-07-03 22:29:36.046 Please replace `use_container_width` with `width`.

`use_container_width` will be removed after 2025-12-31.

For `use_container_width=True`, use `width='stretch'`. For `use_container_width=False`, use `width='content'`.
/Users/pratham/aitrade/trade_system_v2/src/trade_system/interfaces/dashboard/sector_scope_dashboard.py:721: FutureWarning:

Styler.applymap has been deprecated. Use Styler.map instead.

2026-07-03 22:29:36.049 Please replace `use_container_width` with `width`.

`use_container_width` will be removed after 2025-12-31.

For `use_container_width=True`, use `width='stretch'`. For `use_container_width=False`, use `width='content'`.
2026-07-03 22:29:36.060 Please replace `use_container_width` with `width`.

`use_container_width` will be removed after 2025-12-31.

For `use_container_width=True`, use `width='stretch'`. For `use_container_width=False`, use `width='content'`.
2026-07-03 22:29:50.028 Please replace `use_container_width` with `width`.

`use_container_width` will be removed after 2025-12-31.

For `use_container_width=True`, use `width='stretch'`. For `use_container_width=False`, use `width='content'`.
2026-07-03 22:29:51.093 Please replace `use_container_width` with `width`.

`use_container_width` will be removed after 2025-12-31.

For `use_container_width=True`, use `width='stretch'`. For `use_container_width=False`, use `width='content'`.
/Users/pratham/aitrade/trade_system_v2/src/trade_system/interfaces/dashboard/sector_scope_dashboard.py:1166: FutureWarning:

Styler.applymap has been deprecated. Use Styler.map instead.

2026-07-03 22:29:51.652 Please replace `use_container_width` with `width`.

`use_container_width` will be removed after 2025-12-31.

For `use_container_width=True`, use `width='stretch'`. For `use_container_width=False`, use `width='content'`.
/Users/pratham/aitrade/trade_system_v2/src/trade_system/interfaces/dashboard/sector_scope_dashboard.py:1445: FutureWarning:

Styler.applymap has been deprecated. Use Styler.map instead.

/Users/pratham/aitrade/trade_system_v2/src/trade_system/interfaces/dashboard/sector_scope_dashboard.py:1448: FutureWarning:

Styler.applymap has been deprecated. Use Styler.map instead.

2026-07-03 22:30:05.617 Please replace `use_container_width` with `width`.

`use_container_width` will be removed after 2025-12-31.

For `use_container_width=True`, use `width='stretch'`. For `use_container_width=False`, use `width='content'`.
2026-07-03 22:30:05.632 Please replace `use_container_width` with `width`.

`use_container_width` will be removed after 2025-12-31.

For `use_container_width=True`, use `width='stretch'`. For `use_container_width=False`, use `width='content'`.
2026-07-03 22:30:05.636 Please replace `use_container_width` with `width`.

`use_container_width` will be removed after 2025-12-31.

For `use_container_width=True`, use `width='stretch'`. For `use_container_width=False`, use `width='content'`.
2026-07-03 22:30:06.472 Please replace `use_container_width` with `width`.

`use_container_width` will be removed after 2025-12-31.

For `use_container_width=True`, use `width='stretch'`. For `use_container_width=False`, use `width='content'`.
2026-07-03 22:30:06.483 Please replace `use_container_width` with `width`.

`use_container_width` will be removed after 2025-12-31.

For `use_container_width=True`, use `width='stretch'`. For `use_container_width=False`, use `width='content'`.
2026-07-03 22:30:06.484 Please replace `use_container_width` with `width`.

`use_container_width` will be removed after 2025-12-31.

For `use_container_width=True`, use `width='stretch'`. For `use_container_width=False`, use `width='content'`.
/Users/pratham/aitrade/trade_system_v2/src/trade_system/interfaces/dashboard/sector_scope_dashboard.py:702: FutureWarning:

Styler.applymap has been deprecated. Use Styler.map instead.

2026-07-03 22:30:31.778 Please replace `use_container_width` with `width`.

`use_container_width` will be removed after 2025-12-31.

For `use_container_width=True`, use `width='stretch'`. For `use_container_width=False`, use `width='content'`.
/Users/pratham/aitrade/trade_system_v2/src/trade_system/interfaces/dashboard/sector_scope_dashboard.py:721: FutureWarning:

Styler.applymap has been deprecated. Use Styler.map instead.

2026-07-03 22:30:31.781 Please replace `use_container_width` with `width`.

`use_container_width` will be removed after 2025-12-31.

For `use_container_width=True`, use `width='stretch'`. For `use_container_width=False`, use `width='content'`.
2026-07-03 22:30:31.797 Please replace `use_container_width` with `width`.

`use_container_width` will be removed after 2025-12-31.

For `use_container_width=True`, use `width='stretch'`. For `use_container_width=False`, use `width='content'`.
2026-07-03 22:30:45.772 Please replace `use_container_width` with `width`.

`use_container_width` will be removed after 2025-12-31.

For `use_container_width=True`, use `width='stretch'`. For `use_container_width=False`, use `width='content'`.
2026-07-03 22:30:46.799 Please replace `use_container_width` with `width`.

`use_container_width` will be removed after 2025-12-31.

For `use_container_width=True`, use `width='stretch'`. For `use_container_width=False`, use `width='content'`.
/Users/pratham/aitrade/trade_system_v2/src/trade_system/interfaces/dashboard/sector_scope_dashboard.py:1166: FutureWarning:

Styler.applymap has been deprecated. Use Styler.map instead.

2026-07-03 22:30:47.370 Please replace `use_container_width` with `width`.

`use_container_width` will be removed after 2025-12-31.

For `use_container_width=True`, use `width='stretch'`. For `use_container_width=False`, use `width='content'`.
2026-07-03 22:31:06.482 Please replace `use_container_width` with `width`.

`use_container_width` will be removed after 2025-12-31.

For `use_container_width=True`, use `width='stretch'`. For `use_container_width=False`, use `width='content'`.
2026-07-03 22:31:06.494 Please replace `use_container_width` with `width`.

`use_container_width` will be removed after 2025-12-31.

For `use_container_width=True`, use `width='stretch'`. For `use_container_width=False`, use `width='content'`.
2026-07-03 22:31:06.500 Please replace `use_container_width` with `width`.

`use_container_width` will be removed after 2025-12-31.

For `use_container_width=True`, use `width='stretch'`. For `use_container_width=False`, use `width='content'`.
/Users/pratham/aitrade/trade_system_v2/src/trade_system/interfaces/dashboard/sector_scope_dashboard.py:702: FutureWarning:

Styler.applymap has been deprecated. Use Styler.map instead.

2026-07-03 22:31:20.460 Please replace `use_container_width` with `width`.

`use_container_width` will be removed after 2025-12-31.

For `use_container_width=True`, use `width='stretch'`. For `use_container_width=False`, use `width='content'`.
/Users/pratham/aitrade/trade_system_v2/src/trade_system/interfaces/dashboard/sector_scope_dashboard.py:721: FutureWarning:

Styler.applymap has been deprecated. Use Styler.map instead.

2026-07-03 22:31:20.512 Please replace `use_container_width` with `width`.

`use_container_width` will be removed after 2025-12-31.

For `use_container_width=True`, use `width='stretch'`. For `use_container_width=False`, use `width='content'`.
2026-07-03 22:31:20.545 Please replace `use_container_width` with `width`.

`use_container_width` will be removed after 2025-12-31.

For `use_container_width=True`, use `width='stretch'`. For `use_container_width=False`, use `width='content'`.
2026-07-03 22:32:01.593 Please replace `use_container_width` with `width`.

`use_container_width` will be removed after 2025-12-31.

For `use_container_width=True`, use `width='stretch'`. For `use_container_width=False`, use `width='content'`.
2026-07-03 22:32:02.622 Please replace `use_container_width` with `width`.

`use_container_width` will be removed after 2025-12-31.

For `use_container_width=True`, use `width='stretch'`. For `use_container_width=False`, use `width='content'`.
/Users/pratham/aitrade/trade_system_v2/src/trade_system/interfaces/dashboard/sector_scope_dashboard.py:1166: FutureWarning:

Styler.applymap has been deprecated. Use Styler.map instead.

2026-07-03 22:32:03.086 Please replace `use_container_width` with `width`.

`use_container_width` will be removed after 2025-12-31.

For `use_container_width=True`, use `width='stretch'`. For `use_container_width=False`, use `width='content'`.
2026-07-03 22:32:07.222 Please replace `use_container_width` with `width`.

`use_container_width` will be removed after 2025-12-31.

For `use_container_width=True`, use `width='stretch'`. For `use_container_width=False`, use `width='content'`.
2026-07-03 22:32:07.400 Please replace `use_container_width` with `width`.

`use_container_width` will be removed after 2025-12-31.

For `use_container_width=True`, use `width='stretch'`. For `use_container_width=False`, use `width='content'`.
2026-07-03 22:32:07.439 Please replace `use_container_width` with `width`.

`use_container_width` will be removed after 2025-12-31.

For `use_container_width=True`, use `width='stretch'`. For `use_container_width=False`, use `width='content'`.
/Users/pratham/aitrade/trade_system_v2/src/trade_system/interfaces/dashboard/sector_scope_dashboard.py:1445: FutureWarning:

Styler.applymap has been deprecated. Use Styler.map instead.

/Users/pratham/aitrade/trade_system_v2/src/trade_system/interfaces/dashboard/sector_scope_dashboard.py:1448: FutureWarning:

Styler.applymap has been deprecated. Use Styler.map instead.

2026-07-03 22:32:16.605 Please replace `use_container_width` with `width`.

`use_container_width` will be removed after 2025-12-31.

For `use_container_width=True`, use `width='stretch'`. For `use_container_width=False`, use `width='content'`.
2026-07-03 22:32:16.621 Please replace `use_container_width` with `width`.

`use_container_width` will be removed after 2025-12-31.

For `use_container_width=True`, use `width='stretch'`. For `use_container_width=False`, use `width='content'`.
2026-07-03 22:32:16.626 Please replace `use_container_width` with `width`.

`use_container_width` will be removed after 2025-12-31.

For `use_container_width=True`, use `width='stretch'`. For `use_container_width=False`, use `width='content'`.
2026-07-03 22:33:06.485 Please replace `use_container_width` with `width`.

`use_container_width` will be removed after 2025-12-31.

For `use_container_width=True`, use `width='stretch'`. For `use_container_width=False`, use `width='content'`.
2026-07-03 22:33:06.497 Please replace `use_container_width` with `width`.

`use_container_width` will be removed after 2025-12-31.

For `use_container_width=True`, use `width='stretch'`. For `use_container_width=False`, use `width='content'`.
2026-07-03 22:33:06.499 Please replace `use_container_width` with `width`.

`use_container_width` will be removed after 2025-12-31.

For `use_container_width=True`, use `width='stretch'`. For `use_container_width=False`, use `width='content'`.
/Users/pratham/aitrade/trade_system_v2/src/trade_system/interfaces/dashboard/sector_scope_dashboard.py:702: FutureWarning:

Styler.applymap has been deprecated. Use Styler.map instead.

2026-07-03 22:33:22.222 Please replace `use_container_width` with `width`.

`use_container_width` will be removed after 2025-12-31.

For `use_container_width=True`, use `width='stretch'`. For `use_container_width=False`, use `width='content'`.
/Users/pratham/aitrade/trade_system_v2/src/trade_system/interfaces/dashboard/sector_scope_dashboard.py:721: FutureWarning:

Styler.applymap has been deprecated. Use Styler.map instead.

2026-07-03 22:33:22.225 Please replace `use_container_width` with `width`.

`use_container_width` will be removed after 2025-12-31.

For `use_container_width=True`, use `width='stretch'`. For `use_container_width=False`, use `width='content'`.
2026-07-03 22:33:22.236 Please replace `use_container_width` with `width`.

`use_container_width` will be removed after 2025-12-31.

For `use_container_width=True`, use `width='stretch'`. For `use_container_width=False`, use `width='content'`.
2026-07-03 22:33:36.245 Please replace `use_container_width` with `width`.

`use_container_width` will be removed after 2025-12-31.

For `use_container_width=True`, use `width='stretch'`. For `use_container_width=False`, use `width='content'`.
2026-07-03 22:33:37.253 Please replace `use_container_width` with `width`.

`use_container_width` will be removed after 2025-12-31.

For `use_container_width=True`, use `width='stretch'`. For `use_container_width=False`, use `width='content'`.
/Users/pratham/aitrade/trade_system_v2/src/trade_system/interfaces/dashboard/sector_scope_dashboard.py:1166: FutureWarning:

Styler.applymap has been deprecated. Use Styler.map instead.

2026-07-03 22:33:37.829 Please replace `use_container_width` with `width`.

`use_container_width` will be removed after 2025-12-31.

For `use_container_width=True`, use `width='stretch'`. For `use_container_width=False`, use `width='content'`.
/Users/pratham/aitrade/trade_system_v2/src/trade_system/interfaces/dashboard/sector_scope_dashboard.py:1445: FutureWarning:

Styler.applymap has been deprecated. Use Styler.map instead.

/Users/pratham/aitrade/trade_system_v2/src/trade_system/interfaces/dashboard/sector_scope_dashboard.py:1448: FutureWarning:

Styler.applymap has been deprecated. Use Styler.map instead.

2026-07-03 22:33:51.142 Please replace `use_container_width` with `width`.

`use_container_width` will be removed after 2025-12-31.

For `use_container_width=True`, use `width='stretch'`. For `use_container_width=False`, use `width='content'`.
2026-07-03 22:33:51.157 Please replace `use_container_width` with `width`.

`use_container_width` will be removed after 2025-12-31.

For `use_container_width=True`, use `width='stretch'`. For `use_container_width=False`, use `width='content'`.
2026-07-03 22:33:51.162 Please replace `use_container_width` with `width`.

`use_container_width` will be removed after 2025-12-31.

For `use_container_width=True`, use `width='stretch'`. For `use_container_width=False`, use `width='content'`.
2026-07-03 22:34:06.488 Please replace `use_container_width` with `width`.

`use_container_width` will be removed after 2025-12-31.

For `use_container_width=True`, use `width='stretch'`. For `use_container_width=False`, use `width='content'`.
2026-07-03 22:34:06.502 Please replace `use_container_width` with `width`.

`use_container_width` will be removed after 2025-12-31.

For `use_container_width=True`, use `width='stretch'`. For `use_container_width=False`, use `width='content'`.
2026-07-03 22:34:06.506 Please replace `use_container_width` with `width`.

`use_container_width` will be removed after 2025-12-31.

For `use_container_width=True`, use `width='stretch'`. For `use_container_width=False`, use `width='content'`.
/Users/pratham/aitrade/trade_system_v2/src/trade_system/interfaces/dashboard/sector_scope_dashboard.py:702: FutureWarning:

Styler.applymap has been deprecated. Use Styler.map instead.

2026-07-03 22:34:17.474 Please replace `use_container_width` with `width`.

`use_container_width` will be removed after 2025-12-31.

For `use_container_width=True`, use `width='stretch'`. For `use_container_width=False`, use `width='content'`.
/Users/pratham/aitrade/trade_system_v2/src/trade_system/interfaces/dashboard/sector_scope_dashboard.py:721: FutureWarning:

Styler.applymap has been deprecated. Use Styler.map instead.

2026-07-03 22:34:17.477 Please replace `use_container_width` with `width`.

`use_container_width` will be removed after 2025-12-31.

For `use_container_width=True`, use `width='stretch'`. For `use_container_width=False`, use `width='content'`.
2026-07-03 22:34:17.488 Please replace `use_container_width` with `width`.

`use_container_width` will be removed after 2025-12-31.

For `use_container_width=True`, use `width='stretch'`. For `use_container_width=False`, use `width='content'`.
2026-07-03 22:34:31.928 Please replace `use_container_width` with `width`.

`use_container_width` will be removed after 2025-12-31.

For `use_container_width=True`, use `width='stretch'`. For `use_container_width=False`, use `width='content'`.
2026-07-03 22:34:32.992 Please replace `use_container_width` with `width`.

`use_container_width` will be removed after 2025-12-31.

For `use_container_width=True`, use `width='stretch'`. For `use_container_width=False`, use `width='content'`.
/Users/pratham/aitrade/trade_system_v2/src/trade_system/interfaces/dashboard/sector_scope_dashboard.py:1166: FutureWarning:

Styler.applymap has been deprecated. Use Styler.map instead.

2026-07-03 22:34:33.467 Please replace `use_container_width` with `width`.

`use_container_width` will be removed after 2025-12-31.

For `use_container_width=True`, use `width='stretch'`. For `use_container_width=False`, use `width='content'`.
/Users/pratham/aitrade/trade_system_v2/src/trade_system/interfaces/dashboard/sector_scope_dashboard.py:1445: FutureWarning:

Styler.applymap has been deprecated. Use Styler.map instead.

/Users/pratham/aitrade/trade_system_v2/src/trade_system/interfaces/dashboard/sector_scope_dashboard.py:1448: FutureWarning:

Styler.applymap has been deprecated. Use Styler.map instead.

2026-07-03 22:34:47.063 Please replace `use_container_width` with `width`.

`use_container_width` will be removed after 2025-12-31.

For `use_container_width=True`, use `width='stretch'`. For `use_container_width=False`, use `width='content'`.
2026-07-03 22:34:47.077 Please replace `use_container_width` with `width`.

`use_container_width` will be removed after 2025-12-31.

For `use_container_width=True`, use `width='stretch'`. For `use_container_width=False`, use `width='content'`.
2026-07-03 22:34:47.082 Please replace `use_container_width` with `width`.

`use_container_width` will be removed after 2025-12-31.

For `use_container_width=True`, use `width='stretch'`. For `use_container_width=False`, use `width='content'`.
2026-07-03 22:35:06.474 Please replace `use_container_width` with `width`.

`use_container_width` will be removed after 2025-12-31.

For `use_container_width=True`, use `width='stretch'`. For `use_container_width=False`, use `width='content'`.
2026-07-03 22:35:06.486 Please replace `use_container_width` with `width`.

`use_container_width` will be removed after 2025-12-31.

For `use_container_width=True`, use `width='stretch'`. For `use_container_width=False`, use `width='content'`.
2026-07-03 22:35:06.487 Please replace `use_container_width` with `width`.

`use_container_width` will be removed after 2025-12-31.

For `use_container_width=True`, use `width='stretch'`. For `use_container_width=False`, use `width='content'`.
/Users/pratham/aitrade/trade_system_v2/src/trade_system/interfaces/dashboard/sector_scope_dashboard.py:702: FutureWarning:

Styler.applymap has been deprecated. Use Styler.map instead.

2026-07-03 22:35:22.114 Please replace `use_container_width` with `width`.

`use_container_width` will be removed after 2025-12-31.

For `use_container_width=True`, use `width='stretch'`. For `use_container_width=False`, use `width='content'`.
/Users/pratham/aitrade/trade_system_v2/src/trade_system/interfaces/dashboard/sector_scope_dashboard.py:721: FutureWarning:

Styler.applymap has been deprecated. Use Styler.map instead.

2026-07-03 22:35:22.118 Please replace `use_container_width` with `width`.

`use_container_width` will be removed after 2025-12-31.

For `use_container_width=True`, use `width='stretch'`. For `use_container_width=False`, use `width='content'`.
2026-07-03 22:35:22.131 Please replace `use_container_width` with `width`.

`use_container_width` will be removed after 2025-12-31.

For `use_container_width=True`, use `width='stretch'`. For `use_container_width=False`, use `width='content'`.
2026-07-03 22:35:36.384 Please replace `use_container_width` with `width`.

`use_container_width` will be removed after 2025-12-31.

For `use_container_width=True`, use `width='stretch'`. For `use_container_width=False`, use `width='content'`.
2026-07-03 22:35:37.470 Please replace `use_container_width` with `width`.

`use_container_width` will be removed after 2025-12-31.

For `use_container_width=True`, use `width='stretch'`. For `use_container_width=False`, use `width='content'`.
/Users/pratham/aitrade/trade_system_v2/src/trade_system/interfaces/dashboard/sector_scope_dashboard.py:1166: FutureWarning:

Styler.applymap has been deprecated. Use Styler.map instead.

2026-07-03 22:35:38.026 Please replace `use_container_width` with `width`.

`use_container_width` will be removed after 2025-12-31.

For `use_container_width=True`, use `width='stretch'`. For `use_container_width=False`, use `width='content'`.
/Users/pratham/aitrade/trade_system_v2/src/trade_system/interfaces/dashboard/sector_scope_dashboard.py:1445: FutureWarning:

Styler.applymap has been deprecated. Use Styler.map instead.

/Users/pratham/aitrade/trade_system_v2/src/trade_system/interfaces/dashboard/sector_scope_dashboard.py:1448: FutureWarning:

Styler.applymap has been deprecated. Use Styler.map instead.

2026-07-03 22:35:52.375 Please replace `use_container_width` with `width`.

`use_container_width` will be removed after 2025-12-31.

For `use_container_width=True`, use `width='stretch'`. For `use_container_width=False`, use `width='content'`.
2026-07-03 22:35:52.392 Please replace `use_container_width` with `width`.

`use_container_width` will be removed after 2025-12-31.

For `use_container_width=True`, use `width='stretch'`. For `use_container_width=False`, use `width='content'`.
2026-07-03 22:35:52.397 Please replace `use_container_width` with `width`.

`use_container_width` will be removed after 2025-12-31.

For `use_container_width=True`, use `width='stretch'`. For `use_container_width=False`, use `width='content'`.
2026-07-03 22:36:06.532 Please replace `use_container_width` with `width`.

`use_container_width` will be removed after 2025-12-31.

For `use_container_width=True`, use `width='stretch'`. For `use_container_width=False`, use `width='content'`.
2026-07-03 22:36:06.546 Please replace `use_container_width` with `width`.

`use_container_width` will be removed after 2025-12-31.

For `use_container_width=True`, use `width='stretch'`. For `use_container_width=False`, use `width='content'`.
2026-07-03 22:36:06.549 Please replace `use_container_width` with `width`.

`use_container_width` will be removed after 2025-12-31.

For `use_container_width=True`, use `width='stretch'`. For `use_container_width=False`, use `width='content'`.
/Users/pratham/aitrade/trade_system_v2/src/trade_system/interfaces/dashboard/sector_scope_dashboard.py:702: FutureWarning:

Styler.applymap has been deprecated. Use Styler.map instead.

2026-07-03 22:36:17.853 Please replace `use_container_width` with `width`.

`use_container_width` will be removed after 2025-12-31.

For `use_container_width=True`, use `width='stretch'`. For `use_container_width=False`, use `width='content'`.
/Users/pratham/aitrade/trade_system_v2/src/trade_system/interfaces/dashboard/sector_scope_dashboard.py:721: FutureWarning:

Styler.applymap has been deprecated. Use Styler.map instead.

2026-07-03 22:36:17.856 Please replace `use_container_width` with `width`.

`use_container_width` will be removed after 2025-12-31.

For `use_container_width=True`, use `width='stretch'`. For `use_container_width=False`, use `width='content'`.
2026-07-03 22:36:17.869 Please replace `use_container_width` with `width`.

`use_container_width` will be removed after 2025-12-31.

For `use_container_width=True`, use `width='stretch'`. For `use_container_width=False`, use `width='content'`.
2026-07-03 22:36:31.493 Please replace `use_container_width` with `width`.

`use_container_width` will be removed after 2025-12-31.

For `use_container_width=True`, use `width='stretch'`. For `use_container_width=False`, use `width='content'`.
2026-07-03 22:36:32.644 Please replace `use_container_width` with `width`.

`use_container_width` will be removed after 2025-12-31.

For `use_container_width=True`, use `width='stretch'`. For `use_container_width=False`, use `width='content'`.
/Users/pratham/aitrade/trade_system_v2/src/trade_system/interfaces/dashboard/sector_scope_dashboard.py:1166: FutureWarning:

Styler.applymap has been deprecated. Use Styler.map instead.

2026-07-03 22:36:33.259 Please replace `use_container_width` with `width`.

`use_container_width` will be removed after 2025-12-31.

For `use_container_width=True`, use `width='stretch'`. For `use_container_width=False`, use `width='content'`.
/Users/pratham/aitrade/trade_system_v2/src/trade_system/interfaces/dashboard/sector_scope_dashboard.py:1445: FutureWarning:

Styler.applymap has been deprecated. Use Styler.map instead.

/Users/pratham/aitrade/trade_system_v2/src/trade_system/interfaces/dashboard/sector_scope_dashboard.py:1448: FutureWarning:

Styler.applymap has been deprecated. Use Styler.map instead.

2026-07-03 22:36:47.428 Please replace `use_container_width` with `width`.

`use_container_width` will be removed after 2025-12-31.

For `use_container_width=True`, use `width='stretch'`. For `use_container_width=False`, use `width='content'`.
2026-07-03 22:36:47.445 Please replace `use_container_width` with `width`.

`use_container_width` will be removed after 2025-12-31.

For `use_container_width=True`, use `width='stretch'`. For `use_container_width=False`, use `width='content'`.
2026-07-03 22:36:47.450 Please replace `use_container_width` with `width`.

`use_container_width` will be removed after 2025-12-31.

For `use_container_width=True`, use `width='stretch'`. For `use_container_width=False`, use `width='content'`.
2026-07-03 22:37:06.520 Please replace `use_container_width` with `width`.

`use_container_width` will be removed after 2025-12-31.

For `use_container_width=True`, use `width='stretch'`. For `use_container_width=False`, use `width='content'`.
2026-07-03 22:37:06.535 Please replace `use_container_width` with `width`.

`use_container_width` will be removed after 2025-12-31.

For `use_container_width=True`, use `width='stretch'`. For `use_container_width=False`, use `width='content'`.
2026-07-03 22:37:06.537 Please replace `use_container_width` with `width`.

`use_container_width` will be removed after 2025-12-31.

For `use_container_width=True`, use `width='stretch'`. For `use_container_width=False`, use `width='content'`.
/Users/pratham/aitrade/trade_system_v2/src/trade_system/interfaces/dashboard/sector_scope_dashboard.py:702: FutureWarning:

Styler.applymap has been deprecated. Use Styler.map instead.

2026-07-03 22:37:21.911 Please replace `use_container_width` with `width`.

`use_container_width` will be removed after 2025-12-31.

For `use_container_width=True`, use `width='stretch'`. For `use_container_width=False`, use `width='content'`.
/Users/pratham/aitrade/trade_system_v2/src/trade_system/interfaces/dashboard/sector_scope_dashboard.py:721: FutureWarning:

Styler.applymap has been deprecated. Use Styler.map instead.

2026-07-03 22:37:21.915 Please replace `use_container_width` with `width`.

`use_container_width` will be removed after 2025-12-31.

For `use_container_width=True`, use `width='stretch'`. For `use_container_width=False`, use `width='content'`.
2026-07-03 22:37:21.928 Please replace `use_container_width` with `width`.

`use_container_width` will be removed after 2025-12-31.

For `use_container_width=True`, use `width='stretch'`. For `use_container_width=False`, use `width='content'`.
2026-07-03 22:37:36.281 Please replace `use_container_width` with `width`.

`use_container_width` will be removed after 2025-12-31.

For `use_container_width=True`, use `width='stretch'`. For `use_container_width=False`, use `width='content'`.
2026-07-03 22:37:37.294 Please replace `use_container_width` with `width`.

`use_container_width` will be removed after 2025-12-31.

For `use_container_width=True`, use `width='stretch'`. For `use_container_width=False`, use `width='content'`.
/Users/pratham/aitrade/trade_system_v2/src/trade_system/interfaces/dashboard/sector_scope_dashboard.py:1166: FutureWarning:

Styler.applymap has been deprecated. Use Styler.map instead.

2026-07-03 22:37:37.792 Please replace `use_container_width` with `width`.

`use_container_width` will be removed after 2025-12-31.

For `use_container_width=True`, use `width='stretch'`. For `use_container_width=False`, use `width='content'`.
/Users/pratham/aitrade/trade_system_v2/src/trade_system/interfaces/dashboard/sector_scope_dashboard.py:1445: FutureWarning:

Styler.applymap has been deprecated. Use Styler.map instead.

/Users/pratham/aitrade/trade_system_v2/src/trade_system/interfaces/dashboard/sector_scope_dashboard.py:1448: FutureWarning:

Styler.applymap has been deprecated. Use Styler.map instead.

2026-07-03 22:37:51.332 Please replace `use_container_width` with `width`.

`use_container_width` will be removed after 2025-12-31.

For `use_container_width=True`, use `width='stretch'`. For `use_container_width=False`, use `width='content'`.
2026-07-03 22:37:51.349 Please replace `use_container_width` with `width`.

`use_container_width` will be removed after 2025-12-31.

For `use_container_width=True`, use `width='stretch'`. For `use_container_width=False`, use `width='content'`.
2026-07-03 22:37:51.354 Please replace `use_container_width` with `width`.

`use_container_width` will be removed after 2025-12-31.

For `use_container_width=True`, use `width='stretch'`. For `use_container_width=False`, use `width='content'`.
2026-07-03 22:38:06.483 Please replace `use_container_width` with `width`.

`use_container_width` will be removed after 2025-12-31.

For `use_container_width=True`, use `width='stretch'`. For `use_container_width=False`, use `width='content'`.
2026-07-03 22:38:06.493 Please replace `use_container_width` with `width`.

`use_container_width` will be removed after 2025-12-31.

For `use_container_width=True`, use `width='stretch'`. For `use_container_width=False`, use `width='content'`.
2026-07-03 22:38:06.494 Please replace `use_container_width` with `width`.

`use_container_width` will be removed after 2025-12-31.

For `use_container_width=True`, use `width='stretch'`. For `use_container_width=False`, use `width='content'`.
/Users/pratham/aitrade/trade_system_v2/src/trade_system/interfaces/dashboard/sector_scope_dashboard.py:702: FutureWarning:

Styler.applymap has been deprecated. Use Styler.map instead.

2026-07-03 22:38:17.601 Please replace `use_container_width` with `width`.

`use_container_width` will be removed after 2025-12-31.

For `use_container_width=True`, use `width='stretch'`. For `use_container_width=False`, use `width='content'`.
/Users/pratham/aitrade/trade_system_v2/src/trade_system/interfaces/dashboard/sector_scope_dashboard.py:721: FutureWarning:

Styler.applymap has been deprecated. Use Styler.map instead.

2026-07-03 22:38:17.605 Please replace `use_container_width` with `width`.

`use_container_width` will be removed after 2025-12-31.

For `use_container_width=True`, use `width='stretch'`. For `use_container_width=False`, use `width='content'`.
2026-07-03 22:38:17.618 Please replace `use_container_width` with `width`.

`use_container_width` will be removed after 2025-12-31.

For `use_container_width=True`, use `width='stretch'`. For `use_container_width=False`, use `width='content'`.
2026-07-03 22:38:32.230 Please replace `use_container_width` with `width`.

`use_container_width` will be removed after 2025-12-31.

For `use_container_width=True`, use `width='stretch'`. For `use_container_width=False`, use `width='content'`.
2026-07-03 22:38:33.276 Please replace `use_container_width` with `width`.

`use_container_width` will be removed after 2025-12-31.

For `use_container_width=True`, use `width='stretch'`. For `use_container_width=False`, use `width='content'`.
/Users/pratham/aitrade/trade_system_v2/src/trade_system/interfaces/dashboard/sector_scope_dashboard.py:1166: FutureWarning:

Styler.applymap has been deprecated. Use Styler.map instead.

2026-07-03 22:38:33.825 Please replace `use_container_width` with `width`.

`use_container_width` will be removed after 2025-12-31.

For `use_container_width=True`, use `width='stretch'`. For `use_container_width=False`, use `width='content'`.
/Users/pratham/aitrade/trade_system_v2/src/trade_system/interfaces/dashboard/sector_scope_dashboard.py:1445: FutureWarning:

Styler.applymap has been deprecated. Use Styler.map instead.

/Users/pratham/aitrade/trade_system_v2/src/trade_system/interfaces/dashboard/sector_scope_dashboard.py:1448: FutureWarning:

Styler.applymap has been deprecated. Use Styler.map instead.

2026-07-03 22:38:47.425 Please replace `use_container_width` with `width`.

`use_container_width` will be removed after 2025-12-31.

For `use_container_width=True`, use `width='stretch'`. For `use_container_width=False`, use `width='content'`.
2026-07-03 22:38:47.439 Please replace `use_container_width` with `width`.

`use_container_width` will be removed after 2025-12-31.

For `use_container_width=True`, use `width='stretch'`. For `use_container_width=False`, use `width='content'`.
2026-07-03 22:38:47.444 Please replace `use_container_width` with `width`.

`use_container_width` will be removed after 2025-12-31.

For `use_container_width=True`, use `width='stretch'`. For `use_container_width=False`, use `width='content'`.
2026-07-03 22:39:06.484 Please replace `use_container_width` with `width`.

`use_container_width` will be removed after 2025-12-31.

For `use_container_width=True`, use `width='stretch'`. For `use_container_width=False`, use `width='content'`.
2026-07-03 22:39:06.494 Please replace `use_container_width` with `width`.

`use_container_width` will be removed after 2025-12-31.

For `use_container_width=True`, use `width='stretch'`. For `use_container_width=False`, use `width='content'`.
2026-07-03 22:39:06.496 Please replace `use_container_width` with `width`.

`use_container_width` will be removed after 2025-12-31.

For `use_container_width=True`, use `width='stretch'`. For `use_container_width=False`, use `width='content'`.
/Users/pratham/aitrade/trade_system_v2/src/trade_system/interfaces/dashboard/sector_scope_dashboard.py:702: FutureWarning:

Styler.applymap has been deprecated. Use Styler.map instead.

2026-07-03 22:39:44.331 Please replace `use_container_width` with `width`.

`use_container_width` will be removed after 2025-12-31.

For `use_container_width=True`, use `width='stretch'`. For `use_container_width=False`, use `width='content'`.
/Users/pratham/aitrade/trade_system_v2/src/trade_system/interfaces/dashboard/sector_scope_dashboard.py:721: FutureWarning:

Styler.applymap has been deprecated. Use Styler.map instead.

2026-07-03 22:39:44.336 Please replace `use_container_width` with `width`.

`use_container_width` will be removed after 2025-12-31.

For `use_container_width=True`, use `width='stretch'`. For `use_container_width=False`, use `width='content'`.
2026-07-03 22:39:44.355 Please replace `use_container_width` with `width`.

`use_container_width` will be removed after 2025-12-31.

For `use_container_width=True`, use `width='stretch'`. For `use_container_width=False`, use `width='content'`.
2026-07-03 22:39:58.629 Please replace `use_container_width` with `width`.

`use_container_width` will be removed after 2025-12-31.

For `use_container_width=True`, use `width='stretch'`. For `use_container_width=False`, use `width='content'`.
2026-07-03 22:39:59.692 Please replace `use_container_width` with `width`.

`use_container_width` will be removed after 2025-12-31.

For `use_container_width=True`, use `width='stretch'`. For `use_container_width=False`, use `width='content'`.
/Users/pratham/aitrade/trade_system_v2/src/trade_system/interfaces/dashboard/sector_scope_dashboard.py:1166: FutureWarning:

Styler.applymap has been deprecated. Use Styler.map instead.

2026-07-03 22:40:00.263 Please replace `use_container_width` with `width`.

`use_container_width` will be removed after 2025-12-31.

For `use_container_width=True`, use `width='stretch'`. For `use_container_width=False`, use `width='content'`.
2026-07-03 22:40:07.188 Please replace `use_container_width` with `width`.

`use_container_width` will be removed after 2025-12-31.

For `use_container_width=True`, use `width='stretch'`. For `use_container_width=False`, use `width='content'`.
2026-07-03 22:40:07.407 Please replace `use_container_width` with `width`.

`use_container_width` will be removed after 2025-12-31.

For `use_container_width=True`, use `width='stretch'`. For `use_container_width=False`, use `width='content'`.
2026-07-03 22:40:07.456 Please replace `use_container_width` with `width`.

`use_container_width` will be removed after 2025-12-31.

For `use_container_width=True`, use `width='stretch'`. For `use_container_width=False`, use `width='content'`.
/Users/pratham/aitrade/trade_system_v2/src/trade_system/interfaces/dashboard/sector_scope_dashboard.py:1445: FutureWarning:

Styler.applymap has been deprecated. Use Styler.map instead.

/Users/pratham/aitrade/trade_system_v2/src/trade_system/interfaces/dashboard/sector_scope_dashboard.py:1448: FutureWarning:

Styler.applymap has been deprecated. Use Styler.map instead.

2026-07-03 22:40:14.857 Please replace `use_container_width` with `width`.

`use_container_width` will be removed after 2025-12-31.

For `use_container_width=True`, use `width='stretch'`. For `use_container_width=False`, use `width='content'`.
2026-07-03 22:40:14.874 Please replace `use_container_width` with `width`.

`use_container_width` will be removed after 2025-12-31.

For `use_container_width=True`, use `width='stretch'`. For `use_container_width=False`, use `width='content'`.
2026-07-03 22:40:14.878 Please replace `use_container_width` with `width`.

`use_container_width` will be removed after 2025-12-31.

For `use_container_width=True`, use `width='stretch'`. For `use_container_width=False`, use `width='content'`.
/Users/pratham/aitrade/trade_system_v2/src/trade_system/interfaces/dashboard/sector_scope_dashboard.py:702: FutureWarning:

Styler.applymap has been deprecated. Use Styler.map instead.

2026-07-03 22:41:04.107 Please replace `use_container_width` with `width`.

`use_container_width` will be removed after 2025-12-31.

For `use_container_width=True`, use `width='stretch'`. For `use_container_width=False`, use `width='content'`.
/Users/pratham/aitrade/trade_system_v2/src/trade_system/interfaces/dashboard/sector_scope_dashboard.py:721: FutureWarning:

Styler.applymap has been deprecated. Use Styler.map instead.

2026-07-03 22:41:04.111 Please replace `use_container_width` with `width`.

`use_container_width` will be removed after 2025-12-31.

For `use_container_width=True`, use `width='stretch'`. For `use_container_width=False`, use `width='content'`.
2026-07-03 22:41:04.129 Please replace `use_container_width` with `width`.

`use_container_width` will be removed after 2025-12-31.

For `use_container_width=True`, use `width='stretch'`. For `use_container_width=False`, use `width='content'`.
2026-07-03 22:41:06.770 Please replace `use_container_width` with `width`.

`use_container_width` will be removed after 2025-12-31.

For `use_container_width=True`, use `width='stretch'`. For `use_container_width=False`, use `width='content'`.
2026-07-03 22:41:06.978 Please replace `use_container_width` with `width`.

`use_container_width` will be removed after 2025-12-31.

For `use_container_width=True`, use `width='stretch'`. For `use_container_width=False`, use `width='content'`.
2026-07-03 22:41:07.021 Please replace `use_container_width` with `width`.

`use_container_width` will be removed after 2025-12-31.

For `use_container_width=True`, use `width='stretch'`. For `use_container_width=False`, use `width='content'`.
2026-07-03 22:41:18.606 Please replace `use_container_width` with `width`.

`use_container_width` will be removed after 2025-12-31.

For `use_container_width=True`, use `width='stretch'`. For `use_container_width=False`, use `width='content'`.
2026-07-03 22:41:19.688 Please replace `use_container_width` with `width`.

`use_container_width` will be removed after 2025-12-31.

For `use_container_width=True`, use `width='stretch'`. For `use_container_width=False`, use `width='content'`.
/Users/pratham/aitrade/trade_system_v2/src/trade_system/interfaces/dashboard/sector_scope_dashboard.py:1166: FutureWarning:

Styler.applymap has been deprecated. Use Styler.map instead.

2026-07-03 22:41:20.264 Please replace `use_container_width` with `width`.

`use_container_width` will be removed after 2025-12-31.

For `use_container_width=True`, use `width='stretch'`. For `use_container_width=False`, use `width='content'`.
/Users/pratham/aitrade/trade_system_v2/src/trade_system/interfaces/dashboard/sector_scope_dashboard.py:1445: FutureWarning:

Styler.applymap has been deprecated. Use Styler.map instead.

/Users/pratham/aitrade/trade_system_v2/src/trade_system/interfaces/dashboard/sector_scope_dashboard.py:1448: FutureWarning:

Styler.applymap has been deprecated. Use Styler.map instead.

2026-07-03 22:41:34.293 Please replace `use_container_width` with `width`.

`use_container_width` will be removed after 2025-12-31.

For `use_container_width=True`, use `width='stretch'`. For `use_container_width=False`, use `width='content'`.
2026-07-03 22:41:34.308 Please replace `use_container_width` with `width`.

`use_container_width` will be removed after 2025-12-31.

For `use_container_width=True`, use `width='stretch'`. For `use_container_width=False`, use `width='content'`.
2026-07-03 22:41:34.313 Please replace `use_container_width` with `width`.

`use_container_width` will be removed after 2025-12-31.

For `use_container_width=True`, use `width='stretch'`. For `use_container_width=False`, use `width='content'`.
/Users/pratham/aitrade/trade_system_v2/src/trade_system/interfaces/dashboard/sector_scope_dashboard.py:702: FutureWarning:

Styler.applymap has been deprecated. Use Styler.map instead.

2026-07-03 22:41:59.837 Please replace `use_container_width` with `width`.

`use_container_width` will be removed after 2025-12-31.

For `use_container_width=True`, use `width='stretch'`. For `use_container_width=False`, use `width='content'`.
/Users/pratham/aitrade/trade_system_v2/src/trade_system/interfaces/dashboard/sector_scope_dashboard.py:721: FutureWarning:

Styler.applymap has been deprecated. Use Styler.map instead.

2026-07-03 22:41:59.841 Please replace `use_container_width` with `width`.

`use_container_width` will be removed after 2025-12-31.

For `use_container_width=True`, use `width='stretch'`. For `use_container_width=False`, use `width='content'`.
2026-07-03 22:41:59.855 Please replace `use_container_width` with `width`.

`use_container_width` will be removed after 2025-12-31.

For `use_container_width=True`, use `width='stretch'`. For `use_container_width=False`, use `width='content'`.
2026-07-03 22:42:07.792 Please replace `use_container_width` with `width`.

`use_container_width` will be removed after 2025-12-31.

For `use_container_width=True`, use `width='stretch'`. For `use_container_width=False`, use `width='content'`.
2026-07-03 22:42:07.953 Please replace `use_container_width` with `width`.

`use_container_width` will be removed after 2025-12-31.

For `use_container_width=True`, use `width='stretch'`. For `use_container_width=False`, use `width='content'`.
2026-07-03 22:42:07.986 Please replace `use_container_width` with `width`.

`use_container_width` will be removed after 2025-12-31.

For `use_container_width=True`, use `width='stretch'`. For `use_container_width=False`, use `width='content'`.
2026-07-03 22:42:14.890 Please replace `use_container_width` with `width`.

`use_container_width` will be removed after 2025-12-31.

For `use_container_width=True`, use `width='stretch'`. For `use_container_width=False`, use `width='content'`.
2026-07-03 22:42:16.012 Please replace `use_container_width` with `width`.

`use_container_width` will be removed after 2025-12-31.

For `use_container_width=True`, use `width='stretch'`. For `use_container_width=False`, use `width='content'`.
/Users/pratham/aitrade/trade_system_v2/src/trade_system/interfaces/dashboard/sector_scope_dashboard.py:1166: FutureWarning:

Styler.applymap has been deprecated. Use Styler.map instead.

2026-07-03 22:42:16.674 Please replace `use_container_width` with `width`.

`use_container_width` will be removed after 2025-12-31.

For `use_container_width=True`, use `width='stretch'`. For `use_container_width=False`, use `width='content'`.
/Users/pratham/aitrade/trade_system_v2/src/trade_system/interfaces/dashboard/sector_scope_dashboard.py:1445: FutureWarning:

Styler.applymap has been deprecated. Use Styler.map instead.

/Users/pratham/aitrade/trade_system_v2/src/trade_system/interfaces/dashboard/sector_scope_dashboard.py:1448: FutureWarning:

Styler.applymap has been deprecated. Use Styler.map instead.

2026-07-03 22:42:30.736 Please replace `use_container_width` with `width`.

`use_container_width` will be removed after 2025-12-31.

For `use_container_width=True`, use `width='stretch'`. For `use_container_width=False`, use `width='content'`.
2026-07-03 22:42:30.753 Please replace `use_container_width` with `width`.

`use_container_width` will be removed after 2025-12-31.

For `use_container_width=True`, use `width='stretch'`. For `use_container_width=False`, use `width='content'`.
2026-07-03 22:42:30.758 Please replace `use_container_width` with `width`.

`use_container_width` will be removed after 2025-12-31.

For `use_container_width=True`, use `width='stretch'`. For `use_container_width=False`, use `width='content'`.
/Users/pratham/aitrade/trade_system_v2/src/trade_system/interfaces/dashboard/sector_scope_dashboard.py:702: FutureWarning:

Styler.applymap has been deprecated. Use Styler.map instead.

2026-07-03 22:43:04.024 Please replace `use_container_width` with `width`.

`use_container_width` will be removed after 2025-12-31.

For `use_container_width=True`, use `width='stretch'`. For `use_container_width=False`, use `width='content'`.
/Users/pratham/aitrade/trade_system_v2/src/trade_system/interfaces/dashboard/sector_scope_dashboard.py:721: FutureWarning:

Styler.applymap has been deprecated. Use Styler.map instead.

2026-07-03 22:43:04.028 Please replace `use_container_width` with `width`.

`use_container_width` will be removed after 2025-12-31.

For `use_container_width=True`, use `width='stretch'`. For `use_container_width=False`, use `width='content'`.
2026-07-03 22:43:04.046 Please replace `use_container_width` with `width`.

`use_container_width` will be removed after 2025-12-31.

For `use_container_width=True`, use `width='stretch'`. For `use_container_width=False`, use `width='content'`.
2026-07-03 22:43:06.983 Please replace `use_container_width` with `width`.

`use_container_width` will be removed after 2025-12-31.

For `use_container_width=True`, use `width='stretch'`. For `use_container_width=False`, use `width='content'`.
2026-07-03 22:43:07.083 Please replace `use_container_width` with `width`.

`use_container_width` will be removed after 2025-12-31.

For `use_container_width=True`, use `width='stretch'`. For `use_container_width=False`, use `width='content'`.
2026-07-03 22:43:07.086 Please replace `use_container_width` with `width`.

`use_container_width` will be removed after 2025-12-31.

For `use_container_width=True`, use `width='stretch'`. For `use_container_width=False`, use `width='content'`.
2026-07-03 22:43:18.217 Please replace `use_container_width` with `width`.

`use_container_width` will be removed after 2025-12-31.

For `use_container_width=True`, use `width='stretch'`. For `use_container_width=False`, use `width='content'`.
2026-07-03 22:43:19.321 Please replace `use_container_width` with `width`.

`use_container_width` will be removed after 2025-12-31.

For `use_container_width=True`, use `width='stretch'`. For `use_container_width=False`, use `width='content'`.
/Users/pratham/aitrade/trade_system_v2/src/trade_system/interfaces/dashboard/sector_scope_dashboard.py:1166: FutureWarning:

Styler.applymap has been deprecated. Use Styler.map instead.

2026-07-03 22:43:19.789 Please replace `use_container_width` with `width`.

`use_container_width` will be removed after 2025-12-31.

For `use_container_width=True`, use `width='stretch'`. For `use_container_width=False`, use `width='content'`.
/Users/pratham/aitrade/trade_system_v2/src/trade_system/interfaces/dashboard/sector_scope_dashboard.py:1445: FutureWarning:

Styler.applymap has been deprecated. Use Styler.map instead.

/Users/pratham/aitrade/trade_system_v2/src/trade_system/interfaces/dashboard/sector_scope_dashboard.py:1448: FutureWarning:

Styler.applymap has been deprecated. Use Styler.map instead.

2026-07-03 22:43:33.728 Please replace `use_container_width` with `width`.

`use_container_width` will be removed after 2025-12-31.

For `use_container_width=True`, use `width='stretch'`. For `use_container_width=False`, use `width='content'`.
2026-07-03 22:43:33.746 Please replace `use_container_width` with `width`.

`use_container_width` will be removed after 2025-12-31.

For `use_container_width=True`, use `width='stretch'`. For `use_container_width=False`, use `width='content'`.
2026-07-03 22:43:33.751 Please replace `use_container_width` with `width`.

`use_container_width` will be removed after 2025-12-31.

For `use_container_width=True`, use `width='stretch'`. For `use_container_width=False`, use `width='content'`.
/Users/pratham/aitrade/trade_system_v2/src/trade_system/interfaces/dashboard/sector_scope_dashboard.py:702: FutureWarning:

Styler.applymap has been deprecated. Use Styler.map instead.

2026-07-03 22:43:59.600 Please replace `use_container_width` with `width`.

`use_container_width` will be removed after 2025-12-31.

For `use_container_width=True`, use `width='stretch'`. For `use_container_width=False`, use `width='content'`.
/Users/pratham/aitrade/trade_system_v2/src/trade_system/interfaces/dashboard/sector_scope_dashboard.py:721: FutureWarning:

Styler.applymap has been deprecated. Use Styler.map instead.

2026-07-03 22:43:59.605 Please replace `use_container_width` with `width`.

`use_container_width` will be removed after 2025-12-31.

For `use_container_width=True`, use `width='stretch'`. For `use_container_width=False`, use `width='content'`.
2026-07-03 22:43:59.617 Please replace `use_container_width` with `width`.

`use_container_width` will be removed after 2025-12-31.

For `use_container_width=True`, use `width='stretch'`. For `use_container_width=False`, use `width='content'`.
2026-07-03 22:44:07.066 Please replace `use_container_width` with `width`.

`use_container_width` will be removed after 2025-12-31.

For `use_container_width=True`, use `width='stretch'`. For `use_container_width=False`, use `width='content'`.
2026-07-03 22:44:07.134 Please replace `use_container_width` with `width`.

`use_container_width` will be removed after 2025-12-31.

For `use_container_width=True`, use `width='stretch'`. For `use_container_width=False`, use `width='content'`.
2026-07-03 22:44:07.167 Please replace `use_container_width` with `width`.

`use_container_width` will be removed after 2025-12-31.

For `use_container_width=True`, use `width='stretch'`. For `use_container_width=False`, use `width='content'`.
2026-07-03 22:44:14.412 Please replace `use_container_width` with `width`.

`use_container_width` will be removed after 2025-12-31.

For `use_container_width=True`, use `width='stretch'`. For `use_container_width=False`, use `width='content'`.
2026-07-03 22:44:15.490 Please replace `use_container_width` with `width`.

`use_container_width` will be removed after 2025-12-31.

For `use_container_width=True`, use `width='stretch'`. For `use_container_width=False`, use `width='content'`.
/Users/pratham/aitrade/trade_system_v2/src/trade_system/interfaces/dashboard/sector_scope_dashboard.py:1166: FutureWarning:

Styler.applymap has been deprecated. Use Styler.map instead.

2026-07-03 22:44:16.139 Please replace `use_container_width` with `width`.

`use_container_width` will be removed after 2025-12-31.

For `use_container_width=True`, use `width='stretch'`. For `use_container_width=False`, use `width='content'`.
/Users/pratham/aitrade/trade_system_v2/src/trade_system/interfaces/dashboard/sector_scope_dashboard.py:1445: FutureWarning:

Styler.applymap has been deprecated. Use Styler.map instead.

/Users/pratham/aitrade/trade_system_v2/src/trade_system/interfaces/dashboard/sector_scope_dashboard.py:1448: FutureWarning:

Styler.applymap has been deprecated. Use Styler.map instead.

2026-07-03 22:44:30.670 Please replace `use_container_width` with `width`.

`use_container_width` will be removed after 2025-12-31.

For `use_container_width=True`, use `width='stretch'`. For `use_container_width=False`, use `width='content'`.
2026-07-03 22:44:30.693 Please replace `use_container_width` with `width`.

`use_container_width` will be removed after 2025-12-31.

For `use_container_width=True`, use `width='stretch'`. For `use_container_width=False`, use `width='content'`.
2026-07-03 22:44:30.699 Please replace `use_container_width` with `width`.

`use_container_width` will be removed after 2025-12-31.

For `use_container_width=True`, use `width='stretch'`. For `use_container_width=False`, use `width='content'`.
/Users/pratham/aitrade/trade_system_v2/src/trade_system/interfaces/dashboard/sector_scope_dashboard.py:702: FutureWarning:

Styler.applymap has been deprecated. Use Styler.map instead.

2026-07-03 22:45:04.346 Please replace `use_container_width` with `width`.

`use_container_width` will be removed after 2025-12-31.

For `use_container_width=True`, use `width='stretch'`. For `use_container_width=False`, use `width='content'`.
/Users/pratham/aitrade/trade_system_v2/src/trade_system/interfaces/dashboard/sector_scope_dashboard.py:721: FutureWarning:

Styler.applymap has been deprecated. Use Styler.map instead.

2026-07-03 22:45:04.350 Please replace `use_container_width` with `width`.

`use_container_width` will be removed after 2025-12-31.

For `use_container_width=True`, use `width='stretch'`. For `use_container_width=False`, use `width='content'`.
2026-07-03 22:45:04.364 Please replace `use_container_width` with `width`.

`use_container_width` will be removed after 2025-12-31.

For `use_container_width=True`, use `width='stretch'`. For `use_container_width=False`, use `width='content'`.
2026-07-03 22:45:06.795 Please replace `use_container_width` with `width`.

`use_container_width` will be removed after 2025-12-31.

For `use_container_width=True`, use `width='stretch'`. For `use_container_width=False`, use `width='content'`.
2026-07-03 22:45:06.887 Please replace `use_container_width` with `width`.

`use_container_width` will be removed after 2025-12-31.

For `use_container_width=True`, use `width='stretch'`. For `use_container_width=False`, use `width='content'`.
2026-07-03 22:45:06.914 Please replace `use_container_width` with `width`.

`use_container_width` will be removed after 2025-12-31.

For `use_container_width=True`, use `width='stretch'`. For `use_container_width=False`, use `width='content'`.
2026-07-03 22:45:18.787 Please replace `use_container_width` with `width`.

`use_container_width` will be removed after 2025-12-31.

For `use_container_width=True`, use `width='stretch'`. For `use_container_width=False`, use `width='content'`.
2026-07-03 22:45:19.874 Please replace `use_container_width` with `width`.

`use_container_width` will be removed after 2025-12-31.

For `use_container_width=True`, use `width='stretch'`. For `use_container_width=False`, use `width='content'`.
/Users/pratham/aitrade/trade_system_v2/src/trade_system/interfaces/dashboard/sector_scope_dashboard.py:1166: FutureWarning:

Styler.applymap has been deprecated. Use Styler.map instead.

2026-07-03 22:45:20.495 Please replace `use_container_width` with `width`.

`use_container_width` will be removed after 2025-12-31.

For `use_container_width=True`, use `width='stretch'`. For `use_container_width=False`, use `width='content'`.
/Users/pratham/aitrade/trade_system_v2/src/trade_system/interfaces/dashboard/sector_scope_dashboard.py:1445: FutureWarning:

Styler.applymap has been deprecated. Use Styler.map instead.

/Users/pratham/aitrade/trade_system_v2/src/trade_system/interfaces/dashboard/sector_scope_dashboard.py:1448: FutureWarning:

Styler.applymap has been deprecated. Use Styler.map instead.

2026-07-03 22:45:34.912 Please replace `use_container_width` with `width`.

`use_container_width` will be removed after 2025-12-31.

For `use_container_width=True`, use `width='stretch'`. For `use_container_width=False`, use `width='content'`.
2026-07-03 22:45:34.928 Please replace `use_container_width` with `width`.

`use_container_width` will be removed after 2025-12-31.

For `use_container_width=True`, use `width='stretch'`. For `use_container_width=False`, use `width='content'`.
2026-07-03 22:45:34.932 Please replace `use_container_width` with `width`.

`use_container_width` will be removed after 2025-12-31.

For `use_container_width=True`, use `width='stretch'`. For `use_container_width=False`, use `width='content'`.
/Users/pratham/aitrade/trade_system_v2/src/trade_system/interfaces/dashboard/sector_scope_dashboard.py:702: FutureWarning:

Styler.applymap has been deprecated. Use Styler.map instead.

2026-07-03 22:45:59.480 Please replace `use_container_width` with `width`.

`use_container_width` will be removed after 2025-12-31.

For `use_container_width=True`, use `width='stretch'`. For `use_container_width=False`, use `width='content'`.
/Users/pratham/aitrade/trade_system_v2/src/trade_system/interfaces/dashboard/sector_scope_dashboard.py:721: FutureWarning:

Styler.applymap has been deprecated. Use Styler.map instead.

2026-07-03 22:45:59.484 Please replace `use_container_width` with `width`.

`use_container_width` will be removed after 2025-12-31.

For `use_container_width=True`, use `width='stretch'`. For `use_container_width=False`, use `width='content'`.
2026-07-03 22:45:59.496 Please replace `use_container_width` with `width`.

`use_container_width` will be removed after 2025-12-31.

For `use_container_width=True`, use `width='stretch'`. For `use_container_width=False`, use `width='content'`.
2026-07-03 22:46:07.580 Please replace `use_container_width` with `width`.

`use_container_width` will be removed after 2025-12-31.

For `use_container_width=True`, use `width='stretch'`. For `use_container_width=False`, use `width='content'`.
2026-07-03 22:46:07.725 Please replace `use_container_width` with `width`.

`use_container_width` will be removed after 2025-12-31.

For `use_container_width=True`, use `width='stretch'`. For `use_container_width=False`, use `width='content'`.
2026-07-03 22:46:07.735 Please replace `use_container_width` with `width`.

`use_container_width` will be removed after 2025-12-31.

For `use_container_width=True`, use `width='stretch'`. For `use_container_width=False`, use `width='content'`.
2026-07-03 22:46:14.463 Please replace `use_container_width` with `width`.

`use_container_width` will be removed after 2025-12-31.

For `use_container_width=True`, use `width='stretch'`. For `use_container_width=False`, use `width='content'`.
2026-07-03 22:46:15.477 Please replace `use_container_width` with `width`.

`use_container_width` will be removed after 2025-12-31.

For `use_container_width=True`, use `width='stretch'`. For `use_container_width=False`, use `width='content'`.
/Users/pratham/aitrade/trade_system_v2/src/trade_system/interfaces/dashboard/sector_scope_dashboard.py:1166: FutureWarning:

Styler.applymap has been deprecated. Use Styler.map instead.

2026-07-03 22:46:16.060 Please replace `use_container_width` with `width`.

`use_container_width` will be removed after 2025-12-31.

For `use_container_width=True`, use `width='stretch'`. For `use_container_width=False`, use `width='content'`.
/Users/pratham/aitrade/trade_system_v2/src/trade_system/interfaces/dashboard/sector_scope_dashboard.py:1445: FutureWarning:

Styler.applymap has been deprecated. Use Styler.map instead.

/Users/pratham/aitrade/trade_system_v2/src/trade_system/interfaces/dashboard/sector_scope_dashboard.py:1448: FutureWarning:

Styler.applymap has been deprecated. Use Styler.map instead.

2026-07-03 22:46:29.918 Please replace `use_container_width` with `width`.

`use_container_width` will be removed after 2025-12-31.

For `use_container_width=True`, use `width='stretch'`. For `use_container_width=False`, use `width='content'`.
2026-07-03 22:46:29.934 Please replace `use_container_width` with `width`.

`use_container_width` will be removed after 2025-12-31.

For `use_container_width=True`, use `width='stretch'`. For `use_container_width=False`, use `width='content'`.
2026-07-03 22:46:29.940 Please replace `use_container_width` with `width`.

`use_container_width` will be removed after 2025-12-31.

For `use_container_width=True`, use `width='stretch'`. For `use_container_width=False`, use `width='content'`.
/Users/pratham/aitrade/trade_system_v2/src/trade_system/interfaces/dashboard/sector_scope_dashboard.py:702: FutureWarning:

Styler.applymap has been deprecated. Use Styler.map instead.

2026-07-03 22:46:35.146 Please replace `use_container_width` with `width`.

`use_container_width` will be removed after 2025-12-31.

For `use_container_width=True`, use `width='stretch'`. For `use_container_width=False`, use `width='content'`.
/Users/pratham/aitrade/trade_system_v2/src/trade_system/interfaces/dashboard/sector_scope_dashboard.py:721: FutureWarning:

Styler.applymap has been deprecated. Use Styler.map instead.

2026-07-03 22:46:35.153 Please replace `use_container_width` with `width`.

`use_container_width` will be removed after 2025-12-31.

For `use_container_width=True`, use `width='stretch'`. For `use_container_width=False`, use `width='content'`.
2026-07-03 22:46:35.167 Please replace `use_container_width` with `width`.

`use_container_width` will be removed after 2025-12-31.

For `use_container_width=True`, use `width='stretch'`. For `use_container_width=False`, use `width='content'`.
/Users/pratham/aitrade/trade_system_v2/src/trade_system/interfaces/dashboard/sector_scope_dashboard.py:702: FutureWarning:

Styler.applymap has been deprecated. Use Styler.map instead.

2026-07-03 22:46:42.013 Please replace `use_container_width` with `width`.

`use_container_width` will be removed after 2025-12-31.

For `use_container_width=True`, use `width='stretch'`. For `use_container_width=False`, use `width='content'`.
/Users/pratham/aitrade/trade_system_v2/src/trade_system/interfaces/dashboard/sector_scope_dashboard.py:721: FutureWarning:

Styler.applymap has been deprecated. Use Styler.map instead.

2026-07-03 22:46:42.076 Please replace `use_container_width` with `width`.

`use_container_width` will be removed after 2025-12-31.

For `use_container_width=True`, use `width='stretch'`. For `use_container_width=False`, use `width='content'`.
2026-07-03 22:46:42.120 Please replace `use_container_width` with `width`.

`use_container_width` will be removed after 2025-12-31.

For `use_container_width=True`, use `width='stretch'`. For `use_container_width=False`, use `width='content'`.
2026-07-03 23:22:06.922 Please replace `use_container_width` with `width`.

`use_container_width` will be removed after 2025-12-31.

For `use_container_width=True`, use `width='stretch'`. For `use_container_width=False`, use `width='content'`.
2026-07-03 23:56:03.550 Please replace `use_container_width` with `width`.

`use_container_width` will be removed after 2025-12-31.

For `use_container_width=True`, use `width='stretch'`. For `use_container_width=False`, use `width='content'`.
2026-07-03 23:56:04.465 Please replace `use_container_width` with `width`.

`use_container_width` will be removed after 2025-12-31.

For `use_container_width=True`, use `width='stretch'`. For `use_container_width=False`, use `width='content'`.
/Users/pratham/aitrade/trade_system_v2/src/trade_system/interfaces/dashboard/sector_scope_dashboard.py:1166: FutureWarning:

Styler.applymap has been deprecated. Use Styler.map instead.

2026-07-03 23:56:04.879 Please replace `use_container_width` with `width`.

`use_container_width` will be removed after 2025-12-31.

For `use_container_width=True`, use `width='stretch'`. For `use_container_width=False`, use `width='content'`.
/Users/pratham/aitrade/trade_system_v2/src/trade_system/interfaces/dashboard/sector_scope_dashboard.py:1445: FutureWarning:

Styler.applymap has been deprecated. Use Styler.map instead.

/Users/pratham/aitrade/trade_system_v2/src/trade_system/interfaces/dashboard/sector_scope_dashboard.py:1448: FutureWarning:

Styler.applymap has been deprecated. Use Styler.map instead.

2026-07-04 00:47:42.355 Please replace `use_container_width` with `width`.

`use_container_width` will be removed after 2025-12-31.

For `use_container_width=True`, use `width='stretch'`. For `use_container_width=False`, use `width='content'`.
2026-07-04 00:47:42.381 Please replace `use_container_width` with `width`.

`use_container_width` will be removed after 2025-12-31.

For `use_container_width=True`, use `width='stretch'`. For `use_container_width=False`, use `width='content'`.
2026-07-04 00:47:42.388 Please replace `use_container_width` with `width`.

`use_container_width` will be removed after 2025-12-31.

For `use_container_width=True`, use `width='stretch'`. For `use_container_width=False`, use `width='content'`.
2026-07-04 00:48:00.388 Please replace `use_container_width` with `width`.

`use_container_width` will be removed after 2025-12-31.

For `use_container_width=True`, use `width='stretch'`. For `use_container_width=False`, use `width='content'`.
2026-07-04 00:48:00.397 Please replace `use_container_width` with `width`.

`use_container_width` will be removed after 2025-12-31.

For `use_container_width=True`, use `width='stretch'`. For `use_container_width=False`, use `width='content'`.
2026-07-04 00:48:00.398 Please replace `use_container_width` with `width`.

`use_container_width` will be removed after 2025-12-31.

For `use_container_width=True`, use `width='stretch'`. For `use_container_width=False`, use `width='content'`.
/Users/pratham/aitrade/trade_system_v2/src/trade_system/interfaces/dashboard/sector_scope_dashboard.py:702: FutureWarning:

Styler.applymap has been deprecated. Use Styler.map instead.

2026-07-04 00:48:01.879 Please replace `use_container_width` with `width`.

`use_container_width` will be removed after 2025-12-31.

For `use_container_width=True`, use `width='stretch'`. For `use_container_width=False`, use `width='content'`.
/Users/pratham/aitrade/trade_system_v2/src/trade_system/interfaces/dashboard/sector_scope_dashboard.py:721: FutureWarning:

Styler.applymap has been deprecated. Use Styler.map instead.

2026-07-04 00:48:01.881 Please replace `use_container_width` with `width`.

`use_container_width` will be removed after 2025-12-31.

For `use_container_width=True`, use `width='stretch'`. For `use_container_width=False`, use `width='content'`.
2026-07-04 00:48:01.891 Please replace `use_container_width` with `width`.

`use_container_width` will be removed after 2025-12-31.

For `use_container_width=True`, use `width='stretch'`. For `use_container_width=False`, use `width='content'`.
2026-07-04 00:48:23.156 Please replace `use_container_width` with `width`.

`use_container_width` will be removed after 2025-12-31.

For `use_container_width=True`, use `width='stretch'`. For `use_container_width=False`, use `width='content'`.
2026-07-04 00:48:24.079 Please replace `use_container_width` with `width`.

`use_container_width` will be removed after 2025-12-31.

For `use_container_width=True`, use `width='stretch'`. For `use_container_width=False`, use `width='content'`.
/Users/pratham/aitrade/trade_system_v2/src/trade_system/interfaces/dashboard/sector_scope_dashboard.py:1166: FutureWarning:

Styler.applymap has been deprecated. Use Styler.map instead.

2026-07-04 01:05:10.713 Please replace `use_container_width` with `width`.

`use_container_width` will be removed after 2025-12-31.

For `use_container_width=True`, use `width='stretch'`. For `use_container_width=False`, use `width='content'`.
/Users/pratham/aitrade/trade_system_v2/src/trade_system/interfaces/dashboard/sector_scope_dashboard.py:1445: FutureWarning:

Styler.applymap has been deprecated. Use Styler.map instead.

/Users/pratham/aitrade/trade_system_v2/src/trade_system/interfaces/dashboard/sector_scope_dashboard.py:1448: FutureWarning:

Styler.applymap has been deprecated. Use Styler.map instead.

2026-07-04 01:38:55.587 Please replace `use_container_width` with `width`.

`use_container_width` will be removed after 2025-12-31.

For `use_container_width=True`, use `width='stretch'`. For `use_container_width=False`, use `width='content'`.
2026-07-04 01:38:55.603 Please replace `use_container_width` with `width`.

`use_container_width` will be removed after 2025-12-31.

For `use_container_width=True`, use `width='stretch'`. For `use_container_width=False`, use `width='content'`.
2026-07-04 01:38:55.607 Please replace `use_container_width` with `width`.

`use_container_width` will be removed after 2025-12-31.

For `use_container_width=True`, use `width='stretch'`. For `use_container_width=False`, use `width='content'`.
2026-07-04 02:42:49.202 Please replace `use_container_width` with `width`.

`use_container_width` will be removed after 2025-12-31.

For `use_container_width=True`, use `width='stretch'`. For `use_container_width=False`, use `width='content'`.
2026-07-04 02:42:49.211 Please replace `use_container_width` with `width`.

`use_container_width` will be removed after 2025-12-31.

For `use_container_width=True`, use `width='stretch'`. For `use_container_width=False`, use `width='content'`.
2026-07-04 02:42:49.213 Please replace `use_container_width` with `width`.

`use_container_width` will be removed after 2025-12-31.

For `use_container_width=True`, use `width='stretch'`. For `use_container_width=False`, use `width='content'`.
/Users/pratham/aitrade/trade_system_v2/src/trade_system/interfaces/dashboard/sector_scope_dashboard.py:702: FutureWarning:

Styler.applymap has been deprecated. Use Styler.map instead.

2026-07-04 02:42:50.413 Please replace `use_container_width` with `width`.

`use_container_width` will be removed after 2025-12-31.

For `use_container_width=True`, use `width='stretch'`. For `use_container_width=False`, use `width='content'`.
/Users/pratham/aitrade/trade_system_v2/src/trade_system/interfaces/dashboard/sector_scope_dashboard.py:721: FutureWarning:

Styler.applymap has been deprecated. Use Styler.map instead.

2026-07-04 02:42:50.416 Please replace `use_container_width` with `width`.

`use_container_width` will be removed after 2025-12-31.

For `use_container_width=True`, use `width='stretch'`. For `use_container_width=False`, use `width='content'`.
2026-07-04 02:42:50.425 Please replace `use_container_width` with `width`.

`use_container_width` will be removed after 2025-12-31.

For `use_container_width=True`, use `width='stretch'`. For `use_container_width=False`, use `width='content'`.
2026-07-04 03:31:40.851 Please replace `use_container_width` with `width`.

`use_container_width` will be removed after 2025-12-31.

For `use_container_width=True`, use `width='stretch'`. For `use_container_width=False`, use `width='content'`.
2026-07-04 03:31:41.840 Please replace `use_container_width` with `width`.

`use_container_width` will be removed after 2025-12-31.

For `use_container_width=True`, use `width='stretch'`. For `use_container_width=False`, use `width='content'`.
/Users/pratham/aitrade/trade_system_v2/src/trade_system/interfaces/dashboard/sector_scope_dashboard.py:1166: FutureWarning:

Styler.applymap has been deprecated. Use Styler.map instead.

2026-07-04 03:31:42.250 Please replace `use_container_width` with `width`.

`use_container_width` will be removed after 2025-12-31.

For `use_container_width=True`, use `width='stretch'`. For `use_container_width=False`, use `width='content'`.
/Users/pratham/aitrade/trade_system_v2/src/trade_system/interfaces/dashboard/sector_scope_dashboard.py:1445: FutureWarning:

Styler.applymap has been deprecated. Use Styler.map instead.

/Users/pratham/aitrade/trade_system_v2/src/trade_system/interfaces/dashboard/sector_scope_dashboard.py:1448: FutureWarning:

Styler.applymap has been deprecated. Use Styler.map instead.

2026-07-04 04:21:42.056 Please replace `use_container_width` with `width`.

`use_container_width` will be removed after 2025-12-31.

For `use_container_width=True`, use `width='stretch'`. For `use_container_width=False`, use `width='content'`.
2026-07-04 04:21:42.074 Please replace `use_container_width` with `width`.

`use_container_width` will be removed after 2025-12-31.

For `use_container_width=True`, use `width='stretch'`. For `use_container_width=False`, use `width='content'`.
2026-07-04 04:21:42.078 Please replace `use_container_width` with `width`.

`use_container_width` will be removed after 2025-12-31.

For `use_container_width=True`, use `width='stretch'`. For `use_container_width=False`, use `width='content'`.
2026-07-04 04:44:15.513 Please replace `use_container_width` with `width`.

`use_container_width` will be removed after 2025-12-31.

For `use_container_width=True`, use `width='stretch'`. For `use_container_width=False`, use `width='content'`.
2026-07-04 04:44:15.522 Please replace `use_container_width` with `width`.

`use_container_width` will be removed after 2025-12-31.

For `use_container_width=True`, use `width='stretch'`. For `use_container_width=False`, use `width='content'`.
2026-07-04 04:44:15.523 Please replace `use_container_width` with `width`.

`use_container_width` will be removed after 2025-12-31.

For `use_container_width=True`, use `width='stretch'`. For `use_container_width=False`, use `width='content'`.
/Users/pratham/aitrade/trade_system_v2/src/trade_system/interfaces/dashboard/sector_scope_dashboard.py:702: FutureWarning:

Styler.applymap has been deprecated. Use Styler.map instead.

2026-07-04 04:44:16.816 Please replace `use_container_width` with `width`.

`use_container_width` will be removed after 2025-12-31.

For `use_container_width=True`, use `width='stretch'`. For `use_container_width=False`, use `width='content'`.
/Users/pratham/aitrade/trade_system_v2/src/trade_system/interfaces/dashboard/sector_scope_dashboard.py:721: FutureWarning:

Styler.applymap has been deprecated. Use Styler.map instead.

2026-07-04 04:44:16.818 Please replace `use_container_width` with `width`.

`use_container_width` will be removed after 2025-12-31.

For `use_container_width=True`, use `width='stretch'`. For `use_container_width=False`, use `width='content'`.
2026-07-04 04:44:16.828 Please replace `use_container_width` with `width`.

`use_container_width` will be removed after 2025-12-31.

For `use_container_width=True`, use `width='stretch'`. For `use_container_width=False`, use `width='content'`.
2026-07-04 04:44:41.113 Please replace `use_container_width` with `width`.

`use_container_width` will be removed after 2025-12-31.

For `use_container_width=True`, use `width='stretch'`. For `use_container_width=False`, use `width='content'`.
2026-07-04 05:01:13.216 Please replace `use_container_width` with `width`.

`use_container_width` will be removed after 2025-12-31.

For `use_container_width=True`, use `width='stretch'`. For `use_container_width=False`, use `width='content'`.
/Users/pratham/aitrade/trade_system_v2/src/trade_system/interfaces/dashboard/sector_scope_dashboard.py:1166: FutureWarning:

Styler.applymap has been deprecated. Use Styler.map instead.

2026-07-04 05:01:13.695 Please replace `use_container_width` with `width`.

`use_container_width` will be removed after 2025-12-31.

For `use_container_width=True`, use `width='stretch'`. For `use_container_width=False`, use `width='content'`.
/Users/pratham/aitrade/trade_system_v2/src/trade_system/interfaces/dashboard/sector_scope_dashboard.py:1445: FutureWarning:

Styler.applymap has been deprecated. Use Styler.map instead.

/Users/pratham/aitrade/trade_system_v2/src/trade_system/interfaces/dashboard/sector_scope_dashboard.py:1448: FutureWarning:

Styler.applymap has been deprecated. Use Styler.map instead.

2026-07-04 05:49:49.291 Please replace `use_container_width` with `width`.

`use_container_width` will be removed after 2025-12-31.

For `use_container_width=True`, use `width='stretch'`. For `use_container_width=False`, use `width='content'`.
2026-07-04 05:49:49.307 Please replace `use_container_width` with `width`.

`use_container_width` will be removed after 2025-12-31.

For `use_container_width=True`, use `width='stretch'`. For `use_container_width=False`, use `width='content'`.
2026-07-04 05:49:49.311 Please replace `use_container_width` with `width`.

`use_container_width` will be removed after 2025-12-31.

For `use_container_width=True`, use `width='stretch'`. For `use_container_width=False`, use `width='content'`.
2026-07-04 06:37:14.392 Please replace `use_container_width` with `width`.

`use_container_width` will be removed after 2025-12-31.

For `use_container_width=True`, use `width='stretch'`. For `use_container_width=False`, use `width='content'`.
2026-07-04 06:37:14.402 Please replace `use_container_width` with `width`.

`use_container_width` will be removed after 2025-12-31.

For `use_container_width=True`, use `width='stretch'`. For `use_container_width=False`, use `width='content'`.
2026-07-04 06:37:14.403 Please replace `use_container_width` with `width`.

`use_container_width` will be removed after 2025-12-31.

For `use_container_width=True`, use `width='stretch'`. For `use_container_width=False`, use `width='content'`.
/Users/pratham/aitrade/trade_system_v2/src/trade_system/interfaces/dashboard/sector_scope_dashboard.py:702: FutureWarning:

Styler.applymap has been deprecated. Use Styler.map instead.

2026-07-04 06:37:15.897 Please replace `use_container_width` with `width`.

`use_container_width` will be removed after 2025-12-31.

For `use_container_width=True`, use `width='stretch'`. For `use_container_width=False`, use `width='content'`.
/Users/pratham/aitrade/trade_system_v2/src/trade_system/interfaces/dashboard/sector_scope_dashboard.py:721: FutureWarning:

Styler.applymap has been deprecated. Use Styler.map instead.

2026-07-04 06:37:15.900 Please replace `use_container_width` with `width`.

`use_container_width` will be removed after 2025-12-31.

For `use_container_width=True`, use `width='stretch'`. For `use_container_width=False`, use `width='content'`.
2026-07-04 06:37:15.910 Please replace `use_container_width` with `width`.

`use_container_width` will be removed after 2025-12-31.

For `use_container_width=True`, use `width='stretch'`. For `use_container_width=False`, use `width='content'`.
2026-07-04 06:45:13.223 Please replace `use_container_width` with `width`.

`use_container_width` will be removed after 2025-12-31.

For `use_container_width=True`, use `width='stretch'`. For `use_container_width=False`, use `width='content'`.
2026-07-04 06:45:16.114 Please replace `use_container_width` with `width`.

`use_container_width` will be removed after 2025-12-31.

For `use_container_width=True`, use `width='stretch'`. For `use_container_width=False`, use `width='content'`.
/Users/pratham/aitrade/trade_system_v2/src/trade_system/interfaces/dashboard/sector_scope_dashboard.py:1166: FutureWarning:

Styler.applymap has been deprecated. Use Styler.map instead.

2026-07-04 06:45:17.224 Please replace `use_container_width` with `width`.

`use_container_width` will be removed after 2025-12-31.

For `use_container_width=True`, use `width='stretch'`. For `use_container_width=False`, use `width='content'`.
/Users/pratham/aitrade/trade_system_v2/src/trade_system/interfaces/dashboard/sector_scope_dashboard.py:1445: FutureWarning:

Styler.applymap has been deprecated. Use Styler.map instead.

/Users/pratham/aitrade/trade_system_v2/src/trade_system/interfaces/dashboard/sector_scope_dashboard.py:1448: FutureWarning:

Styler.applymap has been deprecated. Use Styler.map instead.

2026-07-04 06:55:06.048 Please replace `use_container_width` with `width`.

`use_container_width` will be removed after 2025-12-31.

For `use_container_width=True`, use `width='stretch'`. For `use_container_width=False`, use `width='content'`.
2026-07-04 06:55:06.063 Please replace `use_container_width` with `width`.

`use_container_width` will be removed after 2025-12-31.

For `use_container_width=True`, use `width='stretch'`. For `use_container_width=False`, use `width='content'`.
2026-07-04 06:55:06.067 Please replace `use_container_width` with `width`.

`use_container_width` will be removed after 2025-12-31.

For `use_container_width=True`, use `width='stretch'`. For `use_container_width=False`, use `width='content'`.
2026-07-04 06:55:13.007 Please replace `use_container_width` with `width`.

`use_container_width` will be removed after 2025-12-31.

For `use_container_width=True`, use `width='stretch'`. For `use_container_width=False`, use `width='content'`.
2026-07-04 06:55:13.016 Please replace `use_container_width` with `width`.

`use_container_width` will be removed after 2025-12-31.

For `use_container_width=True`, use `width='stretch'`. For `use_container_width=False`, use `width='content'`.
2026-07-04 06:55:13.017 Please replace `use_container_width` with `width`.

`use_container_width` will be removed after 2025-12-31.

For `use_container_width=True`, use `width='stretch'`. For `use_container_width=False`, use `width='content'`.
/Users/pratham/aitrade/trade_system_v2/src/trade_system/interfaces/dashboard/sector_scope_dashboard.py:702: FutureWarning:

Styler.applymap has been deprecated. Use Styler.map instead.

2026-07-04 06:55:14.184 Please replace `use_container_width` with `width`.

`use_container_width` will be removed after 2025-12-31.

For `use_container_width=True`, use `width='stretch'`. For `use_container_width=False`, use `width='content'`.
/Users/pratham/aitrade/trade_system_v2/src/trade_system/interfaces/dashboard/sector_scope_dashboard.py:721: FutureWarning:

Styler.applymap has been deprecated. Use Styler.map instead.

2026-07-04 06:55:14.186 Please replace `use_container_width` with `width`.

`use_container_width` will be removed after 2025-12-31.

For `use_container_width=True`, use `width='stretch'`. For `use_container_width=False`, use `width='content'`.
2026-07-04 06:55:14.196 Please replace `use_container_width` with `width`.

`use_container_width` will be removed after 2025-12-31.

For `use_container_width=True`, use `width='stretch'`. For `use_container_width=False`, use `width='content'`.
2026-07-04 06:55:38.727 Please replace `use_container_width` with `width`.

`use_container_width` will be removed after 2025-12-31.

For `use_container_width=True`, use `width='stretch'`. For `use_container_width=False`, use `width='content'`.
2026-07-04 06:55:40.594 Please replace `use_container_width` with `width`.

`use_container_width` will be removed after 2025-12-31.

For `use_container_width=True`, use `width='stretch'`. For `use_container_width=False`, use `width='content'`.
/Users/pratham/aitrade/trade_system_v2/src/trade_system/interfaces/dashboard/sector_scope_dashboard.py:1166: FutureWarning:

Styler.applymap has been deprecated. Use Styler.map instead.

2026-07-04 06:55:41.436 Please replace `use_container_width` with `width`.

`use_container_width` will be removed after 2025-12-31.

For `use_container_width=True`, use `width='stretch'`. For `use_container_width=False`, use `width='content'`.
/Users/pratham/aitrade/trade_system_v2/src/trade_system/interfaces/dashboard/sector_scope_dashboard.py:1445: FutureWarning:

Styler.applymap has been deprecated. Use Styler.map instead.

/Users/pratham/aitrade/trade_system_v2/src/trade_system/interfaces/dashboard/sector_scope_dashboard.py:1448: FutureWarning:

Styler.applymap has been deprecated. Use Styler.map instead.

2026-07-04 07:28:42.379 Please replace `use_container_width` with `width`.

`use_container_width` will be removed after 2025-12-31.

For `use_container_width=True`, use `width='stretch'`. For `use_container_width=False`, use `width='content'`.
2026-07-04 07:28:42.394 Please replace `use_container_width` with `width`.

`use_container_width` will be removed after 2025-12-31.

For `use_container_width=True`, use `width='stretch'`. For `use_container_width=False`, use `width='content'`.
2026-07-04 07:28:42.398 Please replace `use_container_width` with `width`.

`use_container_width` will be removed after 2025-12-31.

For `use_container_width=True`, use `width='stretch'`. For `use_container_width=False`, use `width='content'`.
2026-07-04 07:46:06.103 Please replace `use_container_width` with `width`.

`use_container_width` will be removed after 2025-12-31.

For `use_container_width=True`, use `width='stretch'`. For `use_container_width=False`, use `width='content'`.
2026-07-04 07:46:06.113 Please replace `use_container_width` with `width`.

`use_container_width` will be removed after 2025-12-31.

For `use_container_width=True`, use `width='stretch'`. For `use_container_width=False`, use `width='content'`.
2026-07-04 07:46:06.114 Please replace `use_container_width` with `width`.

`use_container_width` will be removed after 2025-12-31.

For `use_container_width=True`, use `width='stretch'`. For `use_container_width=False`, use `width='content'`.
/Users/pratham/aitrade/trade_system_v2/src/trade_system/interfaces/dashboard/sector_scope_dashboard.py:702: FutureWarning:

Styler.applymap has been deprecated. Use Styler.map instead.

2026-07-04 07:46:07.449 Please replace `use_container_width` with `width`.

`use_container_width` will be removed after 2025-12-31.

For `use_container_width=True`, use `width='stretch'`. For `use_container_width=False`, use `width='content'`.
/Users/pratham/aitrade/trade_system_v2/src/trade_system/interfaces/dashboard/sector_scope_dashboard.py:721: FutureWarning:

Styler.applymap has been deprecated. Use Styler.map instead.

2026-07-04 07:46:07.452 Please replace `use_container_width` with `width`.

`use_container_width` will be removed after 2025-12-31.

For `use_container_width=True`, use `width='stretch'`. For `use_container_width=False`, use `width='content'`.
2026-07-04 07:46:07.466 Please replace `use_container_width` with `width`.

`use_container_width` will be removed after 2025-12-31.

For `use_container_width=True`, use `width='stretch'`. For `use_container_width=False`, use `width='content'`.
2026-07-04 07:46:33.829 Please replace `use_container_width` with `width`.

`use_container_width` will be removed after 2025-12-31.

For `use_container_width=True`, use `width='stretch'`. For `use_container_width=False`, use `width='content'`.
2026-07-04 07:46:35.694 Please replace `use_container_width` with `width`.

`use_container_width` will be removed after 2025-12-31.

For `use_container_width=True`, use `width='stretch'`. For `use_container_width=False`, use `width='content'`.
/Users/pratham/aitrade/trade_system_v2/src/trade_system/interfaces/dashboard/sector_scope_dashboard.py:1166: FutureWarning:

Styler.applymap has been deprecated. Use Styler.map instead.

2026-07-04 07:46:36.641 Please replace `use_container_width` with `width`.

`use_container_width` will be removed after 2025-12-31.

For `use_container_width=True`, use `width='stretch'`. For `use_container_width=False`, use `width='content'`.
/Users/pratham/aitrade/trade_system_v2/src/trade_system/interfaces/dashboard/sector_scope_dashboard.py:1445: FutureWarning:

Styler.applymap has been deprecated. Use Styler.map instead.

/Users/pratham/aitrade/trade_system_v2/src/trade_system/interfaces/dashboard/sector_scope_dashboard.py:1448: FutureWarning:

Styler.applymap has been deprecated. Use Styler.map instead.

2026-07-04 08:34:09.242 Please replace `use_container_width` with `width`.

`use_container_width` will be removed after 2025-12-31.

For `use_container_width=True`, use `width='stretch'`. For `use_container_width=False`, use `width='content'`.
2026-07-04 08:34:09.258 Please replace `use_container_width` with `width`.

`use_container_width` will be removed after 2025-12-31.

For `use_container_width=True`, use `width='stretch'`. For `use_container_width=False`, use `width='content'`.
2026-07-04 08:34:09.262 Please replace `use_container_width` with `width`.

`use_container_width` will be removed after 2025-12-31.

For `use_container_width=True`, use `width='stretch'`. For `use_container_width=False`, use `width='content'`.
2026-07-04 08:44:54.272 Please replace `use_container_width` with `width`.

`use_container_width` will be removed after 2025-12-31.

For `use_container_width=True`, use `width='stretch'`. For `use_container_width=False`, use `width='content'`.
2026-07-04 08:44:54.283 Please replace `use_container_width` with `width`.

`use_container_width` will be removed after 2025-12-31.

For `use_container_width=True`, use `width='stretch'`. For `use_container_width=False`, use `width='content'`.
2026-07-04 08:44:54.297 Please replace `use_container_width` with `width`.

`use_container_width` will be removed after 2025-12-31.

For `use_container_width=True`, use `width='stretch'`. For `use_container_width=False`, use `width='content'`.
/Users/pratham/aitrade/trade_system_v2/src/trade_system/interfaces/dashboard/sector_scope_dashboard.py:702: FutureWarning:

Styler.applymap has been deprecated. Use Styler.map instead.

2026-07-04 08:44:55.057 Please replace `use_container_width` with `width`.

`use_container_width` will be removed after 2025-12-31.

For `use_container_width=True`, use `width='stretch'`. For `use_container_width=False`, use `width='content'`.
/Users/pratham/aitrade/trade_system_v2/src/trade_system/interfaces/dashboard/sector_scope_dashboard.py:721: FutureWarning:

Styler.applymap has been deprecated. Use Styler.map instead.

2026-07-04 08:44:55.060 Please replace `use_container_width` with `width`.

`use_container_width` will be removed after 2025-12-31.

For `use_container_width=True`, use `width='stretch'`. For `use_container_width=False`, use `width='content'`.
2026-07-04 08:44:55.071 Please replace `use_container_width` with `width`.

`use_container_width` will be removed after 2025-12-31.

For `use_container_width=True`, use `width='stretch'`. For `use_container_width=False`, use `width='content'`.
2026-07-04 08:45:08.267 Please replace `use_container_width` with `width`.

`use_container_width` will be removed after 2025-12-31.

For `use_container_width=True`, use `width='stretch'`. For `use_container_width=False`, use `width='content'`.
2026-07-04 08:45:09.234 Please replace `use_container_width` with `width`.

`use_container_width` will be removed after 2025-12-31.

For `use_container_width=True`, use `width='stretch'`. For `use_container_width=False`, use `width='content'`.
/Users/pratham/aitrade/trade_system_v2/src/trade_system/interfaces/dashboard/sector_scope_dashboard.py:1166: FutureWarning:

Styler.applymap has been deprecated. Use Styler.map instead.

2026-07-04 08:45:09.661 Please replace `use_container_width` with `width`.

`use_container_width` will be removed after 2025-12-31.

For `use_container_width=True`, use `width='stretch'`. For `use_container_width=False`, use `width='content'`.
/Users/pratham/aitrade/trade_system_v2/src/trade_system/interfaces/dashboard/sector_scope_dashboard.py:1445: FutureWarning:

Styler.applymap has been deprecated. Use Styler.map instead.

/Users/pratham/aitrade/trade_system_v2/src/trade_system/interfaces/dashboard/sector_scope_dashboard.py:1448: FutureWarning:

Styler.applymap has been deprecated. Use Styler.map instead.

2026-07-04 08:45:25.381 Please replace `use_container_width` with `width`.

`use_container_width` will be removed after 2025-12-31.

For `use_container_width=True`, use `width='stretch'`. For `use_container_width=False`, use `width='content'`.
2026-07-04 08:45:25.397 Please replace `use_container_width` with `width`.

`use_container_width` will be removed after 2025-12-31.

For `use_container_width=True`, use `width='stretch'`. For `use_container_width=False`, use `width='content'`.
2026-07-04 08:45:25.401 Please replace `use_container_width` with `width`.

`use_container_width` will be removed after 2025-12-31.

For `use_container_width=True`, use `width='stretch'`. For `use_container_width=False`, use `width='content'`.
2026-07-04 08:45:55.253 Please replace `use_container_width` with `width`.

`use_container_width` will be removed after 2025-12-31.

For `use_container_width=True`, use `width='stretch'`. For `use_container_width=False`, use `width='content'`.
2026-07-04 08:45:55.262 Please replace `use_container_width` with `width`.

`use_container_width` will be removed after 2025-12-31.

For `use_container_width=True`, use `width='stretch'`. For `use_container_width=False`, use `width='content'`.
2026-07-04 08:45:55.264 Please replace `use_container_width` with `width`.

`use_container_width` will be removed after 2025-12-31.

For `use_container_width=True`, use `width='stretch'`. For `use_container_width=False`, use `width='content'`.
/Users/pratham/aitrade/trade_system_v2/src/trade_system/interfaces/dashboard/sector_scope_dashboard.py:702: FutureWarning:

Styler.applymap has been deprecated. Use Styler.map instead.

2026-07-04 08:45:55.653 Please replace `use_container_width` with `width`.

`use_container_width` will be removed after 2025-12-31.

For `use_container_width=True`, use `width='stretch'`. For `use_container_width=False`, use `width='content'`.
/Users/pratham/aitrade/trade_system_v2/src/trade_system/interfaces/dashboard/sector_scope_dashboard.py:721: FutureWarning:

Styler.applymap has been deprecated. Use Styler.map instead.

2026-07-04 08:45:55.655 Please replace `use_container_width` with `width`.

`use_container_width` will be removed after 2025-12-31.

For `use_container_width=True`, use `width='stretch'`. For `use_container_width=False`, use `width='content'`.
2026-07-04 08:45:55.666 Please replace `use_container_width` with `width`.

`use_container_width` will be removed after 2025-12-31.

For `use_container_width=True`, use `width='stretch'`. For `use_container_width=False`, use `width='content'`.
2026-07-04 08:46:08.540 Please replace `use_container_width` with `width`.

`use_container_width` will be removed after 2025-12-31.

For `use_container_width=True`, use `width='stretch'`. For `use_container_width=False`, use `width='content'`.
2026-07-04 08:46:09.455 Please replace `use_container_width` with `width`.

`use_container_width` will be removed after 2025-12-31.

For `use_container_width=True`, use `width='stretch'`. For `use_container_width=False`, use `width='content'`.
/Users/pratham/aitrade/trade_system_v2/src/trade_system/interfaces/dashboard/sector_scope_dashboard.py:1166: FutureWarning:

Styler.applymap has been deprecated. Use Styler.map instead.

2026-07-04 08:46:09.975 Please replace `use_container_width` with `width`.

`use_container_width` will be removed after 2025-12-31.

For `use_container_width=True`, use `width='stretch'`. For `use_container_width=False`, use `width='content'`.
/Users/pratham/aitrade/trade_system_v2/src/trade_system/interfaces/dashboard/sector_scope_dashboard.py:1445: FutureWarning:

Styler.applymap has been deprecated. Use Styler.map instead.

/Users/pratham/aitrade/trade_system_v2/src/trade_system/interfaces/dashboard/sector_scope_dashboard.py:1448: FutureWarning:

Styler.applymap has been deprecated. Use Styler.map instead.

2026-07-04 08:46:25.423 Please replace `use_container_width` with `width`.

`use_container_width` will be removed after 2025-12-31.

For `use_container_width=True`, use `width='stretch'`. For `use_container_width=False`, use `width='content'`.
2026-07-04 08:46:25.439 Please replace `use_container_width` with `width`.

`use_container_width` will be removed after 2025-12-31.

For `use_container_width=True`, use `width='stretch'`. For `use_container_width=False`, use `width='content'`.
2026-07-04 08:46:25.444 Please replace `use_container_width` with `width`.

`use_container_width` will be removed after 2025-12-31.

For `use_container_width=True`, use `width='stretch'`. For `use_container_width=False`, use `width='content'`.
2026-07-04 08:46:56.230 Please replace `use_container_width` with `width`.

`use_container_width` will be removed after 2025-12-31.

For `use_container_width=True`, use `width='stretch'`. For `use_container_width=False`, use `width='content'`.
2026-07-04 08:46:56.239 Please replace `use_container_width` with `width`.

`use_container_width` will be removed after 2025-12-31.

For `use_container_width=True`, use `width='stretch'`. For `use_container_width=False`, use `width='content'`.
2026-07-04 08:46:56.240 Please replace `use_container_width` with `width`.

`use_container_width` will be removed after 2025-12-31.

For `use_container_width=True`, use `width='stretch'`. For `use_container_width=False`, use `width='content'`.
/Users/pratham/aitrade/trade_system_v2/src/trade_system/interfaces/dashboard/sector_scope_dashboard.py:702: FutureWarning:

Styler.applymap has been deprecated. Use Styler.map instead.

2026-07-04 08:47:13.790 Please replace `use_container_width` with `width`.

`use_container_width` will be removed after 2025-12-31.

For `use_container_width=True`, use `width='stretch'`. For `use_container_width=False`, use `width='content'`.
/Users/pratham/aitrade/trade_system_v2/src/trade_system/interfaces/dashboard/sector_scope_dashboard.py:721: FutureWarning:

Styler.applymap has been deprecated. Use Styler.map instead.

2026-07-04 08:47:13.793 Please replace `use_container_width` with `width`.

`use_container_width` will be removed after 2025-12-31.

For `use_container_width=True`, use `width='stretch'`. For `use_container_width=False`, use `width='content'`.
2026-07-04 08:47:13.804 Please replace `use_container_width` with `width`.

`use_container_width` will be removed after 2025-12-31.

For `use_container_width=True`, use `width='stretch'`. For `use_container_width=False`, use `width='content'`.
2026-07-04 08:47:26.632 Please replace `use_container_width` with `width`.

`use_container_width` will be removed after 2025-12-31.

For `use_container_width=True`, use `width='stretch'`. For `use_container_width=False`, use `width='content'`.
2026-07-04 08:47:27.562 Please replace `use_container_width` with `width`.

`use_container_width` will be removed after 2025-12-31.

For `use_container_width=True`, use `width='stretch'`. For `use_container_width=False`, use `width='content'`.
/Users/pratham/aitrade/trade_system_v2/src/trade_system/interfaces/dashboard/sector_scope_dashboard.py:1166: FutureWarning:

Styler.applymap has been deprecated. Use Styler.map instead.

2026-07-04 08:47:28.053 Please replace `use_container_width` with `width`.

`use_container_width` will be removed after 2025-12-31.

For `use_container_width=True`, use `width='stretch'`. For `use_container_width=False`, use `width='content'`.
/Users/pratham/aitrade/trade_system_v2/src/trade_system/interfaces/dashboard/sector_scope_dashboard.py:1445: FutureWarning:

Styler.applymap has been deprecated. Use Styler.map instead.

/Users/pratham/aitrade/trade_system_v2/src/trade_system/interfaces/dashboard/sector_scope_dashboard.py:1448: FutureWarning:

Styler.applymap has been deprecated. Use Styler.map instead.

2026-07-04 08:47:43.201 Please replace `use_container_width` with `width`.

`use_container_width` will be removed after 2025-12-31.

For `use_container_width=True`, use `width='stretch'`. For `use_container_width=False`, use `width='content'`.
2026-07-04 08:47:43.217 Please replace `use_container_width` with `width`.

`use_container_width` will be removed after 2025-12-31.

For `use_container_width=True`, use `width='stretch'`. For `use_container_width=False`, use `width='content'`.
2026-07-04 08:47:43.221 Please replace `use_container_width` with `width`.

`use_container_width` will be removed after 2025-12-31.

For `use_container_width=True`, use `width='stretch'`. For `use_container_width=False`, use `width='content'`.
2026-07-04 08:47:57.214 Please replace `use_container_width` with `width`.

`use_container_width` will be removed after 2025-12-31.

For `use_container_width=True`, use `width='stretch'`. For `use_container_width=False`, use `width='content'`.
2026-07-04 08:47:57.223 Please replace `use_container_width` with `width`.

`use_container_width` will be removed after 2025-12-31.

For `use_container_width=True`, use `width='stretch'`. For `use_container_width=False`, use `width='content'`.
2026-07-04 08:47:57.225 Please replace `use_container_width` with `width`.

`use_container_width` will be removed after 2025-12-31.

For `use_container_width=True`, use `width='stretch'`. For `use_container_width=False`, use `width='content'`.
/Users/pratham/aitrade/trade_system_v2/src/trade_system/interfaces/dashboard/sector_scope_dashboard.py:702: FutureWarning:

Styler.applymap has been deprecated. Use Styler.map instead.

2026-07-04 08:48:13.438 Please replace `use_container_width` with `width`.

`use_container_width` will be removed after 2025-12-31.

For `use_container_width=True`, use `width='stretch'`. For `use_container_width=False`, use `width='content'`.
/Users/pratham/aitrade/trade_system_v2/src/trade_system/interfaces/dashboard/sector_scope_dashboard.py:721: FutureWarning:

Styler.applymap has been deprecated. Use Styler.map instead.

2026-07-04 08:48:13.440 Please replace `use_container_width` with `width`.

`use_container_width` will be removed after 2025-12-31.

For `use_container_width=True`, use `width='stretch'`. For `use_container_width=False`, use `width='content'`.
2026-07-04 08:48:13.450 Please replace `use_container_width` with `width`.

`use_container_width` will be removed after 2025-12-31.

For `use_container_width=True`, use `width='stretch'`. For `use_container_width=False`, use `width='content'`.
2026-07-04 08:48:26.423 Please replace `use_container_width` with `width`.

`use_container_width` will be removed after 2025-12-31.

For `use_container_width=True`, use `width='stretch'`. For `use_container_width=False`, use `width='content'`.
2026-07-04 08:48:27.448 Please replace `use_container_width` with `width`.

`use_container_width` will be removed after 2025-12-31.

For `use_container_width=True`, use `width='stretch'`. For `use_container_width=False`, use `width='content'`.
/Users/pratham/aitrade/trade_system_v2/src/trade_system/interfaces/dashboard/sector_scope_dashboard.py:1166: FutureWarning:

Styler.applymap has been deprecated. Use Styler.map instead.

2026-07-04 08:48:27.899 Please replace `use_container_width` with `width`.

`use_container_width` will be removed after 2025-12-31.

For `use_container_width=True`, use `width='stretch'`. For `use_container_width=False`, use `width='content'`.
/Users/pratham/aitrade/trade_system_v2/src/trade_system/interfaces/dashboard/sector_scope_dashboard.py:1445: FutureWarning:

Styler.applymap has been deprecated. Use Styler.map instead.

/Users/pratham/aitrade/trade_system_v2/src/trade_system/interfaces/dashboard/sector_scope_dashboard.py:1448: FutureWarning:

Styler.applymap has been deprecated. Use Styler.map instead.

2026-07-04 08:48:44.256 Please replace `use_container_width` with `width`.

`use_container_width` will be removed after 2025-12-31.

For `use_container_width=True`, use `width='stretch'`. For `use_container_width=False`, use `width='content'`.
2026-07-04 08:48:44.281 Please replace `use_container_width` with `width`.

`use_container_width` will be removed after 2025-12-31.

For `use_container_width=True`, use `width='stretch'`. For `use_container_width=False`, use `width='content'`.
2026-07-04 08:48:44.286 Please replace `use_container_width` with `width`.

`use_container_width` will be removed after 2025-12-31.

For `use_container_width=True`, use `width='stretch'`. For `use_container_width=False`, use `width='content'`.
/Users/pratham/aitrade/trade_system_v2/src/trade_system/interfaces/dashboard/sector_scope_dashboard.py:702: FutureWarning:

Styler.applymap has been deprecated. Use Styler.map instead.

2026-07-04 08:48:55.576 Please replace `use_container_width` with `width`.

`use_container_width` will be removed after 2025-12-31.

For `use_container_width=True`, use `width='stretch'`. For `use_container_width=False`, use `width='content'`.
/Users/pratham/aitrade/trade_system_v2/src/trade_system/interfaces/dashboard/sector_scope_dashboard.py:721: FutureWarning:

Styler.applymap has been deprecated. Use Styler.map instead.

2026-07-04 08:48:55.579 Please replace `use_container_width` with `width`.

`use_container_width` will be removed after 2025-12-31.

For `use_container_width=True`, use `width='stretch'`. For `use_container_width=False`, use `width='content'`.
2026-07-04 08:48:55.590 Please replace `use_container_width` with `width`.

`use_container_width` will be removed after 2025-12-31.

For `use_container_width=True`, use `width='stretch'`. For `use_container_width=False`, use `width='content'`.
2026-07-04 08:48:58.605 Please replace `use_container_width` with `width`.

`use_container_width` will be removed after 2025-12-31.

For `use_container_width=True`, use `width='stretch'`. For `use_container_width=False`, use `width='content'`.
2026-07-04 08:48:58.678 Please replace `use_container_width` with `width`.

`use_container_width` will be removed after 2025-12-31.

For `use_container_width=True`, use `width='stretch'`. For `use_container_width=False`, use `width='content'`.
2026-07-04 08:48:58.685 Please replace `use_container_width` with `width`.

`use_container_width` will be removed after 2025-12-31.

For `use_container_width=True`, use `width='stretch'`. For `use_container_width=False`, use `width='content'`.
2026-07-04 08:49:08.610 Please replace `use_container_width` with `width`.

`use_container_width` will be removed after 2025-12-31.

For `use_container_width=True`, use `width='stretch'`. For `use_container_width=False`, use `width='content'`.
2026-07-04 08:49:09.534 Please replace `use_container_width` with `width`.

`use_container_width` will be removed after 2025-12-31.

For `use_container_width=True`, use `width='stretch'`. For `use_container_width=False`, use `width='content'`.
/Users/pratham/aitrade/trade_system_v2/src/trade_system/interfaces/dashboard/sector_scope_dashboard.py:1166: FutureWarning:

Styler.applymap has been deprecated. Use Styler.map instead.

2026-07-04 08:49:10.019 Please replace `use_container_width` with `width`.

`use_container_width` will be removed after 2025-12-31.

For `use_container_width=True`, use `width='stretch'`. For `use_container_width=False`, use `width='content'`.
/Users/pratham/aitrade/trade_system_v2/src/trade_system/interfaces/dashboard/sector_scope_dashboard.py:1445: FutureWarning:

Styler.applymap has been deprecated. Use Styler.map instead.

/Users/pratham/aitrade/trade_system_v2/src/trade_system/interfaces/dashboard/sector_scope_dashboard.py:1448: FutureWarning:

Styler.applymap has been deprecated. Use Styler.map instead.

2026-07-04 08:49:25.580 Please replace `use_container_width` with `width`.

`use_container_width` will be removed after 2025-12-31.

For `use_container_width=True`, use `width='stretch'`. For `use_container_width=False`, use `width='content'`.
2026-07-04 08:49:25.599 Please replace `use_container_width` with `width`.

`use_container_width` will be removed after 2025-12-31.

For `use_container_width=True`, use `width='stretch'`. For `use_container_width=False`, use `width='content'`.
2026-07-04 08:49:25.603 Please replace `use_container_width` with `width`.

`use_container_width` will be removed after 2025-12-31.

For `use_container_width=True`, use `width='stretch'`. For `use_container_width=False`, use `width='content'`.
2026-07-04 08:49:59.274 Please replace `use_container_width` with `width`.

`use_container_width` will be removed after 2025-12-31.

For `use_container_width=True`, use `width='stretch'`. For `use_container_width=False`, use `width='content'`.
2026-07-04 08:49:59.285 Please replace `use_container_width` with `width`.

`use_container_width` will be removed after 2025-12-31.

For `use_container_width=True`, use `width='stretch'`. For `use_container_width=False`, use `width='content'`.
2026-07-04 08:49:59.287 Please replace `use_container_width` with `width`.

`use_container_width` will be removed after 2025-12-31.

For `use_container_width=True`, use `width='stretch'`. For `use_container_width=False`, use `width='content'`.
/Users/pratham/aitrade/trade_system_v2/src/trade_system/interfaces/dashboard/sector_scope_dashboard.py:702: FutureWarning:

Styler.applymap has been deprecated. Use Styler.map instead.

2026-07-04 08:50:13.863 Please replace `use_container_width` with `width`.

`use_container_width` will be removed after 2025-12-31.

For `use_container_width=True`, use `width='stretch'`. For `use_container_width=False`, use `width='content'`.
/Users/pratham/aitrade/trade_system_v2/src/trade_system/interfaces/dashboard/sector_scope_dashboard.py:721: FutureWarning:

Styler.applymap has been deprecated. Use Styler.map instead.

2026-07-04 08:50:13.866 Please replace `use_container_width` with `width`.

`use_container_width` will be removed after 2025-12-31.

For `use_container_width=True`, use `width='stretch'`. For `use_container_width=False`, use `width='content'`.
2026-07-04 08:50:13.878 Please replace `use_container_width` with `width`.

`use_container_width` will be removed after 2025-12-31.

For `use_container_width=True`, use `width='stretch'`. For `use_container_width=False`, use `width='content'`.
2026-07-04 08:50:26.715 Please replace `use_container_width` with `width`.

`use_container_width` will be removed after 2025-12-31.

For `use_container_width=True`, use `width='stretch'`. For `use_container_width=False`, use `width='content'`.
2026-07-04 08:50:27.695 Please replace `use_container_width` with `width`.

`use_container_width` will be removed after 2025-12-31.

For `use_container_width=True`, use `width='stretch'`. For `use_container_width=False`, use `width='content'`.
/Users/pratham/aitrade/trade_system_v2/src/trade_system/interfaces/dashboard/sector_scope_dashboard.py:1166: FutureWarning:

Styler.applymap has been deprecated. Use Styler.map instead.

2026-07-04 08:50:28.149 Please replace `use_container_width` with `width`.

`use_container_width` will be removed after 2025-12-31.

For `use_container_width=True`, use `width='stretch'`. For `use_container_width=False`, use `width='content'`.
/Users/pratham/aitrade/trade_system_v2/src/trade_system/interfaces/dashboard/sector_scope_dashboard.py:1445: FutureWarning:

Styler.applymap has been deprecated. Use Styler.map instead.

/Users/pratham/aitrade/trade_system_v2/src/trade_system/interfaces/dashboard/sector_scope_dashboard.py:1448: FutureWarning:

Styler.applymap has been deprecated. Use Styler.map instead.

2026-07-04 08:50:43.361 Please replace `use_container_width` with `width`.

`use_container_width` will be removed after 2025-12-31.

For `use_container_width=True`, use `width='stretch'`. For `use_container_width=False`, use `width='content'`.
2026-07-04 08:50:43.378 Please replace `use_container_width` with `width`.

`use_container_width` will be removed after 2025-12-31.

For `use_container_width=True`, use `width='stretch'`. For `use_container_width=False`, use `width='content'`.
2026-07-04 08:50:43.382 Please replace `use_container_width` with `width`.

`use_container_width` will be removed after 2025-12-31.

For `use_container_width=True`, use `width='stretch'`. For `use_container_width=False`, use `width='content'`.
2026-07-04 08:51:00.246 Please replace `use_container_width` with `width`.

`use_container_width` will be removed after 2025-12-31.

For `use_container_width=True`, use `width='stretch'`. For `use_container_width=False`, use `width='content'`.
2026-07-04 08:51:00.256 Please replace `use_container_width` with `width`.

`use_container_width` will be removed after 2025-12-31.

For `use_container_width=True`, use `width='stretch'`. For `use_container_width=False`, use `width='content'`.
2026-07-04 08:51:00.257 Please replace `use_container_width` with `width`.

`use_container_width` will be removed after 2025-12-31.

For `use_container_width=True`, use `width='stretch'`. For `use_container_width=False`, use `width='content'`.
/Users/pratham/aitrade/trade_system_v2/src/trade_system/interfaces/dashboard/sector_scope_dashboard.py:702: FutureWarning:

Styler.applymap has been deprecated. Use Styler.map instead.

2026-07-04 08:51:13.456 Please replace `use_container_width` with `width`.

`use_container_width` will be removed after 2025-12-31.

For `use_container_width=True`, use `width='stretch'`. For `use_container_width=False`, use `width='content'`.
/Users/pratham/aitrade/trade_system_v2/src/trade_system/interfaces/dashboard/sector_scope_dashboard.py:721: FutureWarning:

Styler.applymap has been deprecated. Use Styler.map instead.

2026-07-04 08:51:13.460 Please replace `use_container_width` with `width`.

`use_container_width` will be removed after 2025-12-31.

For `use_container_width=True`, use `width='stretch'`. For `use_container_width=False`, use `width='content'`.
2026-07-04 08:51:13.471 Please replace `use_container_width` with `width`.

`use_container_width` will be removed after 2025-12-31.

For `use_container_width=True`, use `width='stretch'`. For `use_container_width=False`, use `width='content'`.
2026-07-04 08:51:26.459 Please replace `use_container_width` with `width`.

`use_container_width` will be removed after 2025-12-31.

For `use_container_width=True`, use `width='stretch'`. For `use_container_width=False`, use `width='content'`.
2026-07-04 08:51:27.433 Please replace `use_container_width` with `width`.

`use_container_width` will be removed after 2025-12-31.

For `use_container_width=True`, use `width='stretch'`. For `use_container_width=False`, use `width='content'`.
/Users/pratham/aitrade/trade_system_v2/src/trade_system/interfaces/dashboard/sector_scope_dashboard.py:1166: FutureWarning:

Styler.applymap has been deprecated. Use Styler.map instead.

2026-07-04 08:51:27.892 Please replace `use_container_width` with `width`.

`use_container_width` will be removed after 2025-12-31.

For `use_container_width=True`, use `width='stretch'`. For `use_container_width=False`, use `width='content'`.
/Users/pratham/aitrade/trade_system_v2/src/trade_system/interfaces/dashboard/sector_scope_dashboard.py:1445: FutureWarning:

Styler.applymap has been deprecated. Use Styler.map instead.

/Users/pratham/aitrade/trade_system_v2/src/trade_system/interfaces/dashboard/sector_scope_dashboard.py:1448: FutureWarning:

Styler.applymap has been deprecated. Use Styler.map instead.

2026-07-04 08:51:43.521 Please replace `use_container_width` with `width`.

`use_container_width` will be removed after 2025-12-31.

For `use_container_width=True`, use `width='stretch'`. For `use_container_width=False`, use `width='content'`.
2026-07-04 08:51:43.538 Please replace `use_container_width` with `width`.

`use_container_width` will be removed after 2025-12-31.

For `use_container_width=True`, use `width='stretch'`. For `use_container_width=False`, use `width='content'`.
2026-07-04 08:51:43.541 Please replace `use_container_width` with `width`.

`use_container_width` will be removed after 2025-12-31.

For `use_container_width=True`, use `width='stretch'`. For `use_container_width=False`, use `width='content'`.
2026-07-04 08:52:01.272 Please replace `use_container_width` with `width`.

`use_container_width` will be removed after 2025-12-31.

For `use_container_width=True`, use `width='stretch'`. For `use_container_width=False`, use `width='content'`.
2026-07-04 08:52:01.282 Please replace `use_container_width` with `width`.

`use_container_width` will be removed after 2025-12-31.

For `use_container_width=True`, use `width='stretch'`. For `use_container_width=False`, use `width='content'`.
2026-07-04 08:52:01.285 Please replace `use_container_width` with `width`.

`use_container_width` will be removed after 2025-12-31.

For `use_container_width=True`, use `width='stretch'`. For `use_container_width=False`, use `width='content'`.
/Users/pratham/aitrade/trade_system_v2/src/trade_system/interfaces/dashboard/sector_scope_dashboard.py:702: FutureWarning:

Styler.applymap has been deprecated. Use Styler.map instead.

2026-07-04 08:52:13.580 Please replace `use_container_width` with `width`.

`use_container_width` will be removed after 2025-12-31.

For `use_container_width=True`, use `width='stretch'`. For `use_container_width=False`, use `width='content'`.
/Users/pratham/aitrade/trade_system_v2/src/trade_system/interfaces/dashboard/sector_scope_dashboard.py:721: FutureWarning:

Styler.applymap has been deprecated. Use Styler.map instead.

2026-07-04 08:52:13.583 Please replace `use_container_width` with `width`.

`use_container_width` will be removed after 2025-12-31.

For `use_container_width=True`, use `width='stretch'`. For `use_container_width=False`, use `width='content'`.
2026-07-04 08:52:13.594 Please replace `use_container_width` with `width`.

`use_container_width` will be removed after 2025-12-31.

For `use_container_width=True`, use `width='stretch'`. For `use_container_width=False`, use `width='content'`.
2026-07-04 08:52:26.435 Please replace `use_container_width` with `width`.

`use_container_width` will be removed after 2025-12-31.

For `use_container_width=True`, use `width='stretch'`. For `use_container_width=False`, use `width='content'`.
2026-07-04 08:52:27.370 Please replace `use_container_width` with `width`.

`use_container_width` will be removed after 2025-12-31.

For `use_container_width=True`, use `width='stretch'`. For `use_container_width=False`, use `width='content'`.
/Users/pratham/aitrade/trade_system_v2/src/trade_system/interfaces/dashboard/sector_scope_dashboard.py:1166: FutureWarning:

Styler.applymap has been deprecated. Use Styler.map instead.

2026-07-04 08:52:27.864 Please replace `use_container_width` with `width`.

`use_container_width` will be removed after 2025-12-31.

For `use_container_width=True`, use `width='stretch'`. For `use_container_width=False`, use `width='content'`.
/Users/pratham/aitrade/trade_system_v2/src/trade_system/interfaces/dashboard/sector_scope_dashboard.py:1445: FutureWarning:

Styler.applymap has been deprecated. Use Styler.map instead.

/Users/pratham/aitrade/trade_system_v2/src/trade_system/interfaces/dashboard/sector_scope_dashboard.py:1448: FutureWarning:

Styler.applymap has been deprecated. Use Styler.map instead.

2026-07-04 08:52:43.184 Please replace `use_container_width` with `width`.

`use_container_width` will be removed after 2025-12-31.

For `use_container_width=True`, use `width='stretch'`. For `use_container_width=False`, use `width='content'`.
2026-07-04 08:52:43.202 Please replace `use_container_width` with `width`.

`use_container_width` will be removed after 2025-12-31.

For `use_container_width=True`, use `width='stretch'`. For `use_container_width=False`, use `width='content'`.
2026-07-04 08:52:43.206 Please replace `use_container_width` with `width`.

`use_container_width` will be removed after 2025-12-31.

For `use_container_width=True`, use `width='stretch'`. For `use_container_width=False`, use `width='content'`.
2026-07-04 08:53:02.248 Please replace `use_container_width` with `width`.

`use_container_width` will be removed after 2025-12-31.

For `use_container_width=True`, use `width='stretch'`. For `use_container_width=False`, use `width='content'`.
2026-07-04 08:53:02.256 Please replace `use_container_width` with `width`.

`use_container_width` will be removed after 2025-12-31.

For `use_container_width=True`, use `width='stretch'`. For `use_container_width=False`, use `width='content'`.
2026-07-04 08:53:02.258 Please replace `use_container_width` with `width`.

`use_container_width` will be removed after 2025-12-31.

For `use_container_width=True`, use `width='stretch'`. For `use_container_width=False`, use `width='content'`.
/Users/pratham/aitrade/trade_system_v2/src/trade_system/interfaces/dashboard/sector_scope_dashboard.py:702: FutureWarning:

Styler.applymap has been deprecated. Use Styler.map instead.

2026-07-04 08:53:13.801 Please replace `use_container_width` with `width`.

`use_container_width` will be removed after 2025-12-31.

For `use_container_width=True`, use `width='stretch'`. For `use_container_width=False`, use `width='content'`.
/Users/pratham/aitrade/trade_system_v2/src/trade_system/interfaces/dashboard/sector_scope_dashboard.py:721: FutureWarning:

Styler.applymap has been deprecated. Use Styler.map instead.

2026-07-04 08:53:13.804 Please replace `use_container_width` with `width`.

`use_container_width` will be removed after 2025-12-31.

For `use_container_width=True`, use `width='stretch'`. For `use_container_width=False`, use `width='content'`.
2026-07-04 08:53:13.814 Please replace `use_container_width` with `width`.

`use_container_width` will be removed after 2025-12-31.

For `use_container_width=True`, use `width='stretch'`. For `use_container_width=False`, use `width='content'`.
2026-07-04 08:53:26.773 Please replace `use_container_width` with `width`.

`use_container_width` will be removed after 2025-12-31.

For `use_container_width=True`, use `width='stretch'`. For `use_container_width=False`, use `width='content'`.
2026-07-04 08:53:27.844 Please replace `use_container_width` with `width`.

`use_container_width` will be removed after 2025-12-31.

For `use_container_width=True`, use `width='stretch'`. For `use_container_width=False`, use `width='content'`.
/Users/pratham/aitrade/trade_system_v2/src/trade_system/interfaces/dashboard/sector_scope_dashboard.py:1166: FutureWarning:

Styler.applymap has been deprecated. Use Styler.map instead.

2026-07-04 08:53:28.349 Please replace `use_container_width` with `width`.

`use_container_width` will be removed after 2025-12-31.

For `use_container_width=True`, use `width='stretch'`. For `use_container_width=False`, use `width='content'`.
/Users/pratham/aitrade/trade_system_v2/src/trade_system/interfaces/dashboard/sector_scope_dashboard.py:1445: FutureWarning:

Styler.applymap has been deprecated. Use Styler.map instead.

/Users/pratham/aitrade/trade_system_v2/src/trade_system/interfaces/dashboard/sector_scope_dashboard.py:1448: FutureWarning:

Styler.applymap has been deprecated. Use Styler.map instead.

2026-07-04 08:53:43.792 Please replace `use_container_width` with `width`.

`use_container_width` will be removed after 2025-12-31.

For `use_container_width=True`, use `width='stretch'`. For `use_container_width=False`, use `width='content'`.
2026-07-04 08:53:43.807 Please replace `use_container_width` with `width`.

`use_container_width` will be removed after 2025-12-31.

For `use_container_width=True`, use `width='stretch'`. For `use_container_width=False`, use `width='content'`.
2026-07-04 08:53:43.811 Please replace `use_container_width` with `width`.

`use_container_width` will be removed after 2025-12-31.

For `use_container_width=True`, use `width='stretch'`. For `use_container_width=False`, use `width='content'`.
2026-07-04 08:54:03.240 Please replace `use_container_width` with `width`.

`use_container_width` will be removed after 2025-12-31.

For `use_container_width=True`, use `width='stretch'`. For `use_container_width=False`, use `width='content'`.
2026-07-04 08:54:03.249 Please replace `use_container_width` with `width`.

`use_container_width` will be removed after 2025-12-31.

For `use_container_width=True`, use `width='stretch'`. For `use_container_width=False`, use `width='content'`.
2026-07-04 08:54:03.250 Please replace `use_container_width` with `width`.

`use_container_width` will be removed after 2025-12-31.

For `use_container_width=True`, use `width='stretch'`. For `use_container_width=False`, use `width='content'`.
/Users/pratham/aitrade/trade_system_v2/src/trade_system/interfaces/dashboard/sector_scope_dashboard.py:702: FutureWarning:

Styler.applymap has been deprecated. Use Styler.map instead.

2026-07-04 08:54:13.430 Please replace `use_container_width` with `width`.

`use_container_width` will be removed after 2025-12-31.

For `use_container_width=True`, use `width='stretch'`. For `use_container_width=False`, use `width='content'`.
/Users/pratham/aitrade/trade_system_v2/src/trade_system/interfaces/dashboard/sector_scope_dashboard.py:721: FutureWarning:

Styler.applymap has been deprecated. Use Styler.map instead.

2026-07-04 08:54:13.432 Please replace `use_container_width` with `width`.

`use_container_width` will be removed after 2025-12-31.

For `use_container_width=True`, use `width='stretch'`. For `use_container_width=False`, use `width='content'`.
2026-07-04 08:54:13.442 Please replace `use_container_width` with `width`.

`use_container_width` will be removed after 2025-12-31.

For `use_container_width=True`, use `width='stretch'`. For `use_container_width=False`, use `width='content'`.
2026-07-04 08:54:25.980 Please replace `use_container_width` with `width`.

`use_container_width` will be removed after 2025-12-31.

For `use_container_width=True`, use `width='stretch'`. For `use_container_width=False`, use `width='content'`.
2026-07-04 08:54:26.971 Please replace `use_container_width` with `width`.

`use_container_width` will be removed after 2025-12-31.

For `use_container_width=True`, use `width='stretch'`. For `use_container_width=False`, use `width='content'`.
/Users/pratham/aitrade/trade_system_v2/src/trade_system/interfaces/dashboard/sector_scope_dashboard.py:1166: FutureWarning:

Styler.applymap has been deprecated. Use Styler.map instead.

2026-07-04 08:54:27.381 Please replace `use_container_width` with `width`.

`use_container_width` will be removed after 2025-12-31.

For `use_container_width=True`, use `width='stretch'`. For `use_container_width=False`, use `width='content'`.
/Users/pratham/aitrade/trade_system_v2/src/trade_system/interfaces/dashboard/sector_scope_dashboard.py:1445: FutureWarning:

Styler.applymap has been deprecated. Use Styler.map instead.

/Users/pratham/aitrade/trade_system_v2/src/trade_system/interfaces/dashboard/sector_scope_dashboard.py:1448: FutureWarning:

Styler.applymap has been deprecated. Use Styler.map instead.

2026-07-04 08:54:42.456 Please replace `use_container_width` with `width`.

`use_container_width` will be removed after 2025-12-31.

For `use_container_width=True`, use `width='stretch'`. For `use_container_width=False`, use `width='content'`.
2026-07-04 08:54:42.472 Please replace `use_container_width` with `width`.

`use_container_width` will be removed after 2025-12-31.

For `use_container_width=True`, use `width='stretch'`. For `use_container_width=False`, use `width='content'`.
2026-07-04 08:54:42.476 Please replace `use_container_width` with `width`.

`use_container_width` will be removed after 2025-12-31.

For `use_container_width=True`, use `width='stretch'`. For `use_container_width=False`, use `width='content'`.
2026-07-04 08:55:04.240 Please replace `use_container_width` with `width`.

`use_container_width` will be removed after 2025-12-31.

For `use_container_width=True`, use `width='stretch'`. For `use_container_width=False`, use `width='content'`.
2026-07-04 08:55:04.249 Please replace `use_container_width` with `width`.

`use_container_width` will be removed after 2025-12-31.

For `use_container_width=True`, use `width='stretch'`. For `use_container_width=False`, use `width='content'`.
2026-07-04 08:55:04.250 Please replace `use_container_width` with `width`.

`use_container_width` will be removed after 2025-12-31.

For `use_container_width=True`, use `width='stretch'`. For `use_container_width=False`, use `width='content'`.
/Users/pratham/aitrade/trade_system_v2/src/trade_system/interfaces/dashboard/sector_scope_dashboard.py:702: FutureWarning:

Styler.applymap has been deprecated. Use Styler.map instead.

2026-07-04 08:55:13.555 Please replace `use_container_width` with `width`.

`use_container_width` will be removed after 2025-12-31.

For `use_container_width=True`, use `width='stretch'`. For `use_container_width=False`, use `width='content'`.
/Users/pratham/aitrade/trade_system_v2/src/trade_system/interfaces/dashboard/sector_scope_dashboard.py:721: FutureWarning:

Styler.applymap has been deprecated. Use Styler.map instead.

2026-07-04 08:55:13.557 Please replace `use_container_width` with `width`.

`use_container_width` will be removed after 2025-12-31.

For `use_container_width=True`, use `width='stretch'`. For `use_container_width=False`, use `width='content'`.
2026-07-04 08:55:13.567 Please replace `use_container_width` with `width`.

`use_container_width` will be removed after 2025-12-31.

For `use_container_width=True`, use `width='stretch'`. For `use_container_width=False`, use `width='content'`.
2026-07-04 08:55:26.315 Please replace `use_container_width` with `width`.

`use_container_width` will be removed after 2025-12-31.

For `use_container_width=True`, use `width='stretch'`. For `use_container_width=False`, use `width='content'`.
2026-07-04 08:55:27.325 Please replace `use_container_width` with `width`.

`use_container_width` will be removed after 2025-12-31.

For `use_container_width=True`, use `width='stretch'`. For `use_container_width=False`, use `width='content'`.
/Users/pratham/aitrade/trade_system_v2/src/trade_system/interfaces/dashboard/sector_scope_dashboard.py:1166: FutureWarning:

Styler.applymap has been deprecated. Use Styler.map instead.

2026-07-04 08:55:27.815 Please replace `use_container_width` with `width`.

`use_container_width` will be removed after 2025-12-31.

For `use_container_width=True`, use `width='stretch'`. For `use_container_width=False`, use `width='content'`.
/Users/pratham/aitrade/trade_system_v2/src/trade_system/interfaces/dashboard/sector_scope_dashboard.py:1445: FutureWarning:

Styler.applymap has been deprecated. Use Styler.map instead.

/Users/pratham/aitrade/trade_system_v2/src/trade_system/interfaces/dashboard/sector_scope_dashboard.py:1448: FutureWarning:

Styler.applymap has been deprecated. Use Styler.map instead.

2026-07-04 08:55:42.679 Please replace `use_container_width` with `width`.

`use_container_width` will be removed after 2025-12-31.

For `use_container_width=True`, use `width='stretch'`. For `use_container_width=False`, use `width='content'`.
2026-07-04 08:55:42.695 Please replace `use_container_width` with `width`.

`use_container_width` will be removed after 2025-12-31.

For `use_container_width=True`, use `width='stretch'`. For `use_container_width=False`, use `width='content'`.
2026-07-04 08:55:42.699 Please replace `use_container_width` with `width`.

`use_container_width` will be removed after 2025-12-31.

For `use_container_width=True`, use `width='stretch'`. For `use_container_width=False`, use `width='content'`.
2026-07-04 08:56:05.247 Please replace `use_container_width` with `width`.

`use_container_width` will be removed after 2025-12-31.

For `use_container_width=True`, use `width='stretch'`. For `use_container_width=False`, use `width='content'`.
2026-07-04 08:56:05.256 Please replace `use_container_width` with `width`.

`use_container_width` will be removed after 2025-12-31.

For `use_container_width=True`, use `width='stretch'`. For `use_container_width=False`, use `width='content'`.
2026-07-04 08:56:05.257 Please replace `use_container_width` with `width`.

`use_container_width` will be removed after 2025-12-31.

For `use_container_width=True`, use `width='stretch'`. For `use_container_width=False`, use `width='content'`.
/Users/pratham/aitrade/trade_system_v2/src/trade_system/interfaces/dashboard/sector_scope_dashboard.py:702: FutureWarning:

Styler.applymap has been deprecated. Use Styler.map instead.

2026-07-04 08:56:13.844 Please replace `use_container_width` with `width`.

`use_container_width` will be removed after 2025-12-31.

For `use_container_width=True`, use `width='stretch'`. For `use_container_width=False`, use `width='content'`.
/Users/pratham/aitrade/trade_system_v2/src/trade_system/interfaces/dashboard/sector_scope_dashboard.py:721: FutureWarning:

Styler.applymap has been deprecated. Use Styler.map instead.

2026-07-04 08:56:13.847 Please replace `use_container_width` with `width`.

`use_container_width` will be removed after 2025-12-31.

For `use_container_width=True`, use `width='stretch'`. For `use_container_width=False`, use `width='content'`.
2026-07-04 08:56:13.858 Please replace `use_container_width` with `width`.

`use_container_width` will be removed after 2025-12-31.

For `use_container_width=True`, use `width='stretch'`. For `use_container_width=False`, use `width='content'`.
2026-07-04 08:56:26.383 Please replace `use_container_width` with `width`.

`use_container_width` will be removed after 2025-12-31.

For `use_container_width=True`, use `width='stretch'`. For `use_container_width=False`, use `width='content'`.
2026-07-04 08:56:27.300 Please replace `use_container_width` with `width`.

`use_container_width` will be removed after 2025-12-31.

For `use_container_width=True`, use `width='stretch'`. For `use_container_width=False`, use `width='content'`.
/Users/pratham/aitrade/trade_system_v2/src/trade_system/interfaces/dashboard/sector_scope_dashboard.py:1166: FutureWarning:

Styler.applymap has been deprecated. Use Styler.map instead.

2026-07-04 08:56:27.755 Please replace `use_container_width` with `width`.

`use_container_width` will be removed after 2025-12-31.

For `use_container_width=True`, use `width='stretch'`. For `use_container_width=False`, use `width='content'`.
/Users/pratham/aitrade/trade_system_v2/src/trade_system/interfaces/dashboard/sector_scope_dashboard.py:1445: FutureWarning:

Styler.applymap has been deprecated. Use Styler.map instead.

/Users/pratham/aitrade/trade_system_v2/src/trade_system/interfaces/dashboard/sector_scope_dashboard.py:1448: FutureWarning:

Styler.applymap has been deprecated. Use Styler.map instead.

2026-07-04 08:56:42.582 Please replace `use_container_width` with `width`.

`use_container_width` will be removed after 2025-12-31.

For `use_container_width=True`, use `width='stretch'`. For `use_container_width=False`, use `width='content'`.
2026-07-04 08:56:42.597 Please replace `use_container_width` with `width`.

`use_container_width` will be removed after 2025-12-31.

For `use_container_width=True`, use `width='stretch'`. For `use_container_width=False`, use `width='content'`.
2026-07-04 08:56:42.601 Please replace `use_container_width` with `width`.

`use_container_width` will be removed after 2025-12-31.

For `use_container_width=True`, use `width='stretch'`. For `use_container_width=False`, use `width='content'`.
2026-07-04 08:57:06.251 Please replace `use_container_width` with `width`.

`use_container_width` will be removed after 2025-12-31.

For `use_container_width=True`, use `width='stretch'`. For `use_container_width=False`, use `width='content'`.
2026-07-04 08:57:06.260 Please replace `use_container_width` with `width`.

`use_container_width` will be removed after 2025-12-31.

For `use_container_width=True`, use `width='stretch'`. For `use_container_width=False`, use `width='content'`.
2026-07-04 08:57:06.262 Please replace `use_container_width` with `width`.

`use_container_width` will be removed after 2025-12-31.

For `use_container_width=True`, use `width='stretch'`. For `use_container_width=False`, use `width='content'`.
/Users/pratham/aitrade/trade_system_v2/src/trade_system/interfaces/dashboard/sector_scope_dashboard.py:702: FutureWarning:

Styler.applymap has been deprecated. Use Styler.map instead.

2026-07-04 08:57:13.445 Please replace `use_container_width` with `width`.

`use_container_width` will be removed after 2025-12-31.

For `use_container_width=True`, use `width='stretch'`. For `use_container_width=False`, use `width='content'`.
/Users/pratham/aitrade/trade_system_v2/src/trade_system/interfaces/dashboard/sector_scope_dashboard.py:721: FutureWarning:

Styler.applymap has been deprecated. Use Styler.map instead.

2026-07-04 08:57:13.448 Please replace `use_container_width` with `width`.

`use_container_width` will be removed after 2025-12-31.

For `use_container_width=True`, use `width='stretch'`. For `use_container_width=False`, use `width='content'`.
2026-07-04 08:57:13.459 Please replace `use_container_width` with `width`.

`use_container_width` will be removed after 2025-12-31.

For `use_container_width=True`, use `width='stretch'`. For `use_container_width=False`, use `width='content'`.
2026-07-04 08:57:26.412 Please replace `use_container_width` with `width`.

`use_container_width` will be removed after 2025-12-31.

For `use_container_width=True`, use `width='stretch'`. For `use_container_width=False`, use `width='content'`.
2026-07-04 08:57:27.338 Please replace `use_container_width` with `width`.

`use_container_width` will be removed after 2025-12-31.

For `use_container_width=True`, use `width='stretch'`. For `use_container_width=False`, use `width='content'`.
/Users/pratham/aitrade/trade_system_v2/src/trade_system/interfaces/dashboard/sector_scope_dashboard.py:1166: FutureWarning:

Styler.applymap has been deprecated. Use Styler.map instead.

2026-07-04 08:57:27.745 Please replace `use_container_width` with `width`.

`use_container_width` will be removed after 2025-12-31.

For `use_container_width=True`, use `width='stretch'`. For `use_container_width=False`, use `width='content'`.
/Users/pratham/aitrade/trade_system_v2/src/trade_system/interfaces/dashboard/sector_scope_dashboard.py:1445: FutureWarning:

Styler.applymap has been deprecated. Use Styler.map instead.

/Users/pratham/aitrade/trade_system_v2/src/trade_system/interfaces/dashboard/sector_scope_dashboard.py:1448: FutureWarning:

Styler.applymap has been deprecated. Use Styler.map instead.

2026-07-04 08:57:42.733 Please replace `use_container_width` with `width`.

`use_container_width` will be removed after 2025-12-31.

For `use_container_width=True`, use `width='stretch'`. For `use_container_width=False`, use `width='content'`.
2026-07-04 08:57:42.750 Please replace `use_container_width` with `width`.

`use_container_width` will be removed after 2025-12-31.

For `use_container_width=True`, use `width='stretch'`. For `use_container_width=False`, use `width='content'`.
2026-07-04 08:57:42.754 Please replace `use_container_width` with `width`.

`use_container_width` will be removed after 2025-12-31.

For `use_container_width=True`, use `width='stretch'`. For `use_container_width=False`, use `width='content'`.
2026-07-04 08:58:07.235 Please replace `use_container_width` with `width`.

`use_container_width` will be removed after 2025-12-31.

For `use_container_width=True`, use `width='stretch'`. For `use_container_width=False`, use `width='content'`.
2026-07-04 08:58:07.244 Please replace `use_container_width` with `width`.

`use_container_width` will be removed after 2025-12-31.

For `use_container_width=True`, use `width='stretch'`. For `use_container_width=False`, use `width='content'`.
2026-07-04 08:58:07.245 Please replace `use_container_width` with `width`.

`use_container_width` will be removed after 2025-12-31.

For `use_container_width=True`, use `width='stretch'`. For `use_container_width=False`, use `width='content'`.
/Users/pratham/aitrade/trade_system_v2/src/trade_system/interfaces/dashboard/sector_scope_dashboard.py:702: FutureWarning:

Styler.applymap has been deprecated. Use Styler.map instead.

2026-07-04 08:58:13.615 Please replace `use_container_width` with `width`.

`use_container_width` will be removed after 2025-12-31.

For `use_container_width=True`, use `width='stretch'`. For `use_container_width=False`, use `width='content'`.
/Users/pratham/aitrade/trade_system_v2/src/trade_system/interfaces/dashboard/sector_scope_dashboard.py:721: FutureWarning:

Styler.applymap has been deprecated. Use Styler.map instead.

2026-07-04 08:58:13.617 Please replace `use_container_width` with `width`.

`use_container_width` will be removed after 2025-12-31.

For `use_container_width=True`, use `width='stretch'`. For `use_container_width=False`, use `width='content'`.
2026-07-04 08:58:13.629 Please replace `use_container_width` with `width`.

`use_container_width` will be removed after 2025-12-31.

For `use_container_width=True`, use `width='stretch'`. For `use_container_width=False`, use `width='content'`.
2026-07-04 08:58:26.482 Please replace `use_container_width` with `width`.

`use_container_width` will be removed after 2025-12-31.

For `use_container_width=True`, use `width='stretch'`. For `use_container_width=False`, use `width='content'`.
2026-07-04 08:58:27.416 Please replace `use_container_width` with `width`.

`use_container_width` will be removed after 2025-12-31.

For `use_container_width=True`, use `width='stretch'`. For `use_container_width=False`, use `width='content'`.
/Users/pratham/aitrade/trade_system_v2/src/trade_system/interfaces/dashboard/sector_scope_dashboard.py:1166: FutureWarning:

Styler.applymap has been deprecated. Use Styler.map instead.

2026-07-04 08:58:27.908 Please replace `use_container_width` with `width`.

`use_container_width` will be removed after 2025-12-31.

For `use_container_width=True`, use `width='stretch'`. For `use_container_width=False`, use `width='content'`.
/Users/pratham/aitrade/trade_system_v2/src/trade_system/interfaces/dashboard/sector_scope_dashboard.py:1445: FutureWarning:

Styler.applymap has been deprecated. Use Styler.map instead.

/Users/pratham/aitrade/trade_system_v2/src/trade_system/interfaces/dashboard/sector_scope_dashboard.py:1448: FutureWarning:

Styler.applymap has been deprecated. Use Styler.map instead.

2026-07-04 08:58:42.925 Please replace `use_container_width` with `width`.

`use_container_width` will be removed after 2025-12-31.

For `use_container_width=True`, use `width='stretch'`. For `use_container_width=False`, use `width='content'`.
2026-07-04 08:58:42.941 Please replace `use_container_width` with `width`.

`use_container_width` will be removed after 2025-12-31.

For `use_container_width=True`, use `width='stretch'`. For `use_container_width=False`, use `width='content'`.
2026-07-04 08:58:42.945 Please replace `use_container_width` with `width`.

`use_container_width` will be removed after 2025-12-31.

For `use_container_width=True`, use `width='stretch'`. For `use_container_width=False`, use `width='content'`.
2026-07-04 08:59:08.244 Please replace `use_container_width` with `width`.

`use_container_width` will be removed after 2025-12-31.

For `use_container_width=True`, use `width='stretch'`. For `use_container_width=False`, use `width='content'`.
2026-07-04 08:59:08.253 Please replace `use_container_width` with `width`.

`use_container_width` will be removed after 2025-12-31.

For `use_container_width=True`, use `width='stretch'`. For `use_container_width=False`, use `width='content'`.
2026-07-04 08:59:08.254 Please replace `use_container_width` with `width`.

`use_container_width` will be removed after 2025-12-31.

For `use_container_width=True`, use `width='stretch'`. For `use_container_width=False`, use `width='content'`.
/Users/pratham/aitrade/trade_system_v2/src/trade_system/interfaces/dashboard/sector_scope_dashboard.py:702: FutureWarning:

Styler.applymap has been deprecated. Use Styler.map instead.

2026-07-04 08:59:13.765 Please replace `use_container_width` with `width`.

`use_container_width` will be removed after 2025-12-31.

For `use_container_width=True`, use `width='stretch'`. For `use_container_width=False`, use `width='content'`.
/Users/pratham/aitrade/trade_system_v2/src/trade_system/interfaces/dashboard/sector_scope_dashboard.py:721: FutureWarning:

Styler.applymap has been deprecated. Use Styler.map instead.

2026-07-04 08:59:13.768 Please replace `use_container_width` with `width`.

`use_container_width` will be removed after 2025-12-31.

For `use_container_width=True`, use `width='stretch'`. For `use_container_width=False`, use `width='content'`.
2026-07-04 08:59:13.779 Please replace `use_container_width` with `width`.

`use_container_width` will be removed after 2025-12-31.

For `use_container_width=True`, use `width='stretch'`. For `use_container_width=False`, use `width='content'`.
2026-07-04 08:59:26.306 Please replace `use_container_width` with `width`.

`use_container_width` will be removed after 2025-12-31.

For `use_container_width=True`, use `width='stretch'`. For `use_container_width=False`, use `width='content'`.
2026-07-04 08:59:27.217 Please replace `use_container_width` with `width`.

`use_container_width` will be removed after 2025-12-31.

For `use_container_width=True`, use `width='stretch'`. For `use_container_width=False`, use `width='content'`.
/Users/pratham/aitrade/trade_system_v2/src/trade_system/interfaces/dashboard/sector_scope_dashboard.py:1166: FutureWarning:

Styler.applymap has been deprecated. Use Styler.map instead.

2026-07-04 08:59:27.670 Please replace `use_container_width` with `width`.

`use_container_width` will be removed after 2025-12-31.

For `use_container_width=True`, use `width='stretch'`. For `use_container_width=False`, use `width='content'`.
/Users/pratham/aitrade/trade_system_v2/src/trade_system/interfaces/dashboard/sector_scope_dashboard.py:1445: FutureWarning:

Styler.applymap has been deprecated. Use Styler.map instead.

/Users/pratham/aitrade/trade_system_v2/src/trade_system/interfaces/dashboard/sector_scope_dashboard.py:1448: FutureWarning:

Styler.applymap has been deprecated. Use Styler.map instead.

2026-07-04 08:59:42.566 Please replace `use_container_width` with `width`.

`use_container_width` will be removed after 2025-12-31.

For `use_container_width=True`, use `width='stretch'`. For `use_container_width=False`, use `width='content'`.
2026-07-04 08:59:42.583 Please replace `use_container_width` with `width`.

`use_container_width` will be removed after 2025-12-31.

For `use_container_width=True`, use `width='stretch'`. For `use_container_width=False`, use `width='content'`.
2026-07-04 08:59:42.587 Please replace `use_container_width` with `width`.

`use_container_width` will be removed after 2025-12-31.

For `use_container_width=True`, use `width='stretch'`. For `use_container_width=False`, use `width='content'`.
2026-07-04 09:00:09.262 Please replace `use_container_width` with `width`.

`use_container_width` will be removed after 2025-12-31.

For `use_container_width=True`, use `width='stretch'`. For `use_container_width=False`, use `width='content'`.
2026-07-04 09:00:09.273 Please replace `use_container_width` with `width`.

`use_container_width` will be removed after 2025-12-31.

For `use_container_width=True`, use `width='stretch'`. For `use_container_width=False`, use `width='content'`.
2026-07-04 09:00:09.275 Please replace `use_container_width` with `width`.

`use_container_width` will be removed after 2025-12-31.

For `use_container_width=True`, use `width='stretch'`. For `use_container_width=False`, use `width='content'`.
/Users/pratham/aitrade/trade_system_v2/src/trade_system/interfaces/dashboard/sector_scope_dashboard.py:702: FutureWarning:

Styler.applymap has been deprecated. Use Styler.map instead.

2026-07-04 09:00:13.446 Please replace `use_container_width` with `width`.

`use_container_width` will be removed after 2025-12-31.

For `use_container_width=True`, use `width='stretch'`. For `use_container_width=False`, use `width='content'`.
/Users/pratham/aitrade/trade_system_v2/src/trade_system/interfaces/dashboard/sector_scope_dashboard.py:721: FutureWarning:

Styler.applymap has been deprecated. Use Styler.map instead.

2026-07-04 09:00:13.448 Please replace `use_container_width` with `width`.

`use_container_width` will be removed after 2025-12-31.

For `use_container_width=True`, use `width='stretch'`. For `use_container_width=False`, use `width='content'`.
2026-07-04 09:00:13.458 Please replace `use_container_width` with `width`.

`use_container_width` will be removed after 2025-12-31.

For `use_container_width=True`, use `width='stretch'`. For `use_container_width=False`, use `width='content'`.
2026-07-04 09:00:26.391 Please replace `use_container_width` with `width`.

`use_container_width` will be removed after 2025-12-31.

For `use_container_width=True`, use `width='stretch'`. For `use_container_width=False`, use `width='content'`.
2026-07-04 09:00:27.330 Please replace `use_container_width` with `width`.

`use_container_width` will be removed after 2025-12-31.

For `use_container_width=True`, use `width='stretch'`. For `use_container_width=False`, use `width='content'`.
/Users/pratham/aitrade/trade_system_v2/src/trade_system/interfaces/dashboard/sector_scope_dashboard.py:1166: FutureWarning:

Styler.applymap has been deprecated. Use Styler.map instead.

2026-07-04 09:00:27.746 Please replace `use_container_width` with `width`.

`use_container_width` will be removed after 2025-12-31.

For `use_container_width=True`, use `width='stretch'`. For `use_container_width=False`, use `width='content'`.
/Users/pratham/aitrade/trade_system_v2/src/trade_system/interfaces/dashboard/sector_scope_dashboard.py:1445: FutureWarning:

Styler.applymap has been deprecated. Use Styler.map instead.

/Users/pratham/aitrade/trade_system_v2/src/trade_system/interfaces/dashboard/sector_scope_dashboard.py:1448: FutureWarning:

Styler.applymap has been deprecated. Use Styler.map instead.

2026-07-04 09:00:42.946 Please replace `use_container_width` with `width`.

`use_container_width` will be removed after 2025-12-31.

For `use_container_width=True`, use `width='stretch'`. For `use_container_width=False`, use `width='content'`.
2026-07-04 09:00:42.962 Please replace `use_container_width` with `width`.

`use_container_width` will be removed after 2025-12-31.

For `use_container_width=True`, use `width='stretch'`. For `use_container_width=False`, use `width='content'`.
2026-07-04 09:00:42.967 Please replace `use_container_width` with `width`.

`use_container_width` will be removed after 2025-12-31.

For `use_container_width=True`, use `width='stretch'`. For `use_container_width=False`, use `width='content'`.
2026-07-04 09:01:06.699 Please replace `use_container_width` with `width`.

`use_container_width` will be removed after 2025-12-31.

For `use_container_width=True`, use `width='stretch'`. For `use_container_width=False`, use `width='content'`.
2026-07-04 09:01:06.715 Please replace `use_container_width` with `width`.

`use_container_width` will be removed after 2025-12-31.

For `use_container_width=True`, use `width='stretch'`. For `use_container_width=False`, use `width='content'`.
2026-07-04 09:01:06.717 Please replace `use_container_width` with `width`.

`use_container_width` will be removed after 2025-12-31.

For `use_container_width=True`, use `width='stretch'`. For `use_container_width=False`, use `width='content'`.
/Users/pratham/aitrade/trade_system_v2/src/trade_system/interfaces/dashboard/sector_scope_dashboard.py:702: FutureWarning:

Styler.applymap has been deprecated. Use Styler.map instead.

2026-07-04 09:01:13.574 Please replace `use_container_width` with `width`.

`use_container_width` will be removed after 2025-12-31.

For `use_container_width=True`, use `width='stretch'`. For `use_container_width=False`, use `width='content'`.
/Users/pratham/aitrade/trade_system_v2/src/trade_system/interfaces/dashboard/sector_scope_dashboard.py:721: FutureWarning:

Styler.applymap has been deprecated. Use Styler.map instead.

2026-07-04 09:01:13.576 Please replace `use_container_width` with `width`.

`use_container_width` will be removed after 2025-12-31.

For `use_container_width=True`, use `width='stretch'`. For `use_container_width=False`, use `width='content'`.
2026-07-04 09:01:13.587 Please replace `use_container_width` with `width`.

`use_container_width` will be removed after 2025-12-31.

For `use_container_width=True`, use `width='stretch'`. For `use_container_width=False`, use `width='content'`.
2026-07-04 09:01:26.128 Please replace `use_container_width` with `width`.

`use_container_width` will be removed after 2025-12-31.

For `use_container_width=True`, use `width='stretch'`. For `use_container_width=False`, use `width='content'`.
2026-07-04 09:01:27.048 Please replace `use_container_width` with `width`.

`use_container_width` will be removed after 2025-12-31.

For `use_container_width=True`, use `width='stretch'`. For `use_container_width=False`, use `width='content'`.
/Users/pratham/aitrade/trade_system_v2/src/trade_system/interfaces/dashboard/sector_scope_dashboard.py:1166: FutureWarning:

Styler.applymap has been deprecated. Use Styler.map instead.

2026-07-04 09:01:27.502 Please replace `use_container_width` with `width`.

`use_container_width` will be removed after 2025-12-31.

For `use_container_width=True`, use `width='stretch'`. For `use_container_width=False`, use `width='content'`.
/Users/pratham/aitrade/trade_system_v2/src/trade_system/interfaces/dashboard/sector_scope_dashboard.py:1445: FutureWarning:

Styler.applymap has been deprecated. Use Styler.map instead.

/Users/pratham/aitrade/trade_system_v2/src/trade_system/interfaces/dashboard/sector_scope_dashboard.py:1448: FutureWarning:

Styler.applymap has been deprecated. Use Styler.map instead.

2026-07-04 09:01:42.463 Please replace `use_container_width` with `width`.

`use_container_width` will be removed after 2025-12-31.

For `use_container_width=True`, use `width='stretch'`. For `use_container_width=False`, use `width='content'`.
2026-07-04 09:01:42.480 Please replace `use_container_width` with `width`.

`use_container_width` will be removed after 2025-12-31.

For `use_container_width=True`, use `width='stretch'`. For `use_container_width=False`, use `width='content'`.
2026-07-04 09:01:42.484 Please replace `use_container_width` with `width`.

`use_container_width` will be removed after 2025-12-31.

For `use_container_width=True`, use `width='stretch'`. For `use_container_width=False`, use `width='content'`.
/Users/pratham/aitrade/trade_system_v2/src/trade_system/interfaces/dashboard/sector_scope_dashboard.py:702: FutureWarning:

Styler.applymap has been deprecated. Use Styler.map instead.

2026-07-04 09:02:13.806 Please replace `use_container_width` with `width`.

`use_container_width` will be removed after 2025-12-31.

For `use_container_width=True`, use `width='stretch'`. For `use_container_width=False`, use `width='content'`.
/Users/pratham/aitrade/trade_system_v2/src/trade_system/interfaces/dashboard/sector_scope_dashboard.py:721: FutureWarning:

Styler.applymap has been deprecated. Use Styler.map instead.

2026-07-04 09:02:13.809 Please replace `use_container_width` with `width`.

`use_container_width` will be removed after 2025-12-31.

For `use_container_width=True`, use `width='stretch'`. For `use_container_width=False`, use `width='content'`.
2026-07-04 09:02:13.820 Please replace `use_container_width` with `width`.

`use_container_width` will be removed after 2025-12-31.

For `use_container_width=True`, use `width='stretch'`. For `use_container_width=False`, use `width='content'`.
2026-07-04 09:02:26.506 Please replace `use_container_width` with `width`.

`use_container_width` will be removed after 2025-12-31.

For `use_container_width=True`, use `width='stretch'`. For `use_container_width=False`, use `width='content'`.
2026-07-04 09:02:27.481 Please replace `use_container_width` with `width`.

`use_container_width` will be removed after 2025-12-31.

For `use_container_width=True`, use `width='stretch'`. For `use_container_width=False`, use `width='content'`.
/Users/pratham/aitrade/trade_system_v2/src/trade_system/interfaces/dashboard/sector_scope_dashboard.py:1166: FutureWarning:

Styler.applymap has been deprecated. Use Styler.map instead.

2026-07-04 09:02:28.000 Please replace `use_container_width` with `width`.

`use_container_width` will be removed after 2025-12-31.

For `use_container_width=True`, use `width='stretch'`. For `use_container_width=False`, use `width='content'`.
/Users/pratham/aitrade/trade_system_v2/src/trade_system/interfaces/dashboard/sector_scope_dashboard.py:1445: FutureWarning:

Styler.applymap has been deprecated. Use Styler.map instead.

/Users/pratham/aitrade/trade_system_v2/src/trade_system/interfaces/dashboard/sector_scope_dashboard.py:1448: FutureWarning:

Styler.applymap has been deprecated. Use Styler.map instead.

2026-07-04 09:02:43.333 Please replace `use_container_width` with `width`.

`use_container_width` will be removed after 2025-12-31.

For `use_container_width=True`, use `width='stretch'`. For `use_container_width=False`, use `width='content'`.
2026-07-04 09:02:43.349 Please replace `use_container_width` with `width`.

`use_container_width` will be removed after 2025-12-31.

For `use_container_width=True`, use `width='stretch'`. For `use_container_width=False`, use `width='content'`.
2026-07-04 09:02:43.353 Please replace `use_container_width` with `width`.

`use_container_width` will be removed after 2025-12-31.

For `use_container_width=True`, use `width='stretch'`. For `use_container_width=False`, use `width='content'`.
/Users/pratham/aitrade/trade_system_v2/src/trade_system/interfaces/dashboard/sector_scope_dashboard.py:702: FutureWarning:

Styler.applymap has been deprecated. Use Styler.map instead.

2026-07-04 09:03:13.449 Please replace `use_container_width` with `width`.

`use_container_width` will be removed after 2025-12-31.

For `use_container_width=True`, use `width='stretch'`. For `use_container_width=False`, use `width='content'`.
/Users/pratham/aitrade/trade_system_v2/src/trade_system/interfaces/dashboard/sector_scope_dashboard.py:721: FutureWarning:

Styler.applymap has been deprecated. Use Styler.map instead.

2026-07-04 09:03:13.451 Please replace `use_container_width` with `width`.

`use_container_width` will be removed after 2025-12-31.

For `use_container_width=True`, use `width='stretch'`. For `use_container_width=False`, use `width='content'`.
2026-07-04 09:03:13.465 Please replace `use_container_width` with `width`.

`use_container_width` will be removed after 2025-12-31.

For `use_container_width=True`, use `width='stretch'`. For `use_container_width=False`, use `width='content'`.
2026-07-04 09:03:26.395 Please replace `use_container_width` with `width`.

`use_container_width` will be removed after 2025-12-31.

For `use_container_width=True`, use `width='stretch'`. For `use_container_width=False`, use `width='content'`.
2026-07-04 09:03:27.353 Please replace `use_container_width` with `width`.

`use_container_width` will be removed after 2025-12-31.

For `use_container_width=True`, use `width='stretch'`. For `use_container_width=False`, use `width='content'`.
/Users/pratham/aitrade/trade_system_v2/src/trade_system/interfaces/dashboard/sector_scope_dashboard.py:1166: FutureWarning:

Styler.applymap has been deprecated. Use Styler.map instead.

2026-07-04 09:03:27.765 Please replace `use_container_width` with `width`.

`use_container_width` will be removed after 2025-12-31.

For `use_container_width=True`, use `width='stretch'`. For `use_container_width=False`, use `width='content'`.
/Users/pratham/aitrade/trade_system_v2/src/trade_system/interfaces/dashboard/sector_scope_dashboard.py:1445: FutureWarning:

Styler.applymap has been deprecated. Use Styler.map instead.

/Users/pratham/aitrade/trade_system_v2/src/trade_system/interfaces/dashboard/sector_scope_dashboard.py:1448: FutureWarning:

Styler.applymap has been deprecated. Use Styler.map instead.

2026-07-04 09:03:43.108 Please replace `use_container_width` with `width`.

`use_container_width` will be removed after 2025-12-31.

For `use_container_width=True`, use `width='stretch'`. For `use_container_width=False`, use `width='content'`.
2026-07-04 09:03:43.124 Please replace `use_container_width` with `width`.

`use_container_width` will be removed after 2025-12-31.

For `use_container_width=True`, use `width='stretch'`. For `use_container_width=False`, use `width='content'`.
2026-07-04 09:03:43.128 Please replace `use_container_width` with `width`.

`use_container_width` will be removed after 2025-12-31.

For `use_container_width=True`, use `width='stretch'`. For `use_container_width=False`, use `width='content'`.
/Users/pratham/aitrade/trade_system_v2/src/trade_system/interfaces/dashboard/sector_scope_dashboard.py:702: FutureWarning:

Styler.applymap has been deprecated. Use Styler.map instead.

2026-07-04 09:04:13.560 Please replace `use_container_width` with `width`.

`use_container_width` will be removed after 2025-12-31.

For `use_container_width=True`, use `width='stretch'`. For `use_container_width=False`, use `width='content'`.
/Users/pratham/aitrade/trade_system_v2/src/trade_system/interfaces/dashboard/sector_scope_dashboard.py:721: FutureWarning:

Styler.applymap has been deprecated. Use Styler.map instead.

2026-07-04 09:04:13.563 Please replace `use_container_width` with `width`.

`use_container_width` will be removed after 2025-12-31.

For `use_container_width=True`, use `width='stretch'`. For `use_container_width=False`, use `width='content'`.
2026-07-04 09:04:13.574 Please replace `use_container_width` with `width`.

`use_container_width` will be removed after 2025-12-31.

For `use_container_width=True`, use `width='stretch'`. For `use_container_width=False`, use `width='content'`.
2026-07-04 09:04:26.556 Please replace `use_container_width` with `width`.

`use_container_width` will be removed after 2025-12-31.

For `use_container_width=True`, use `width='stretch'`. For `use_container_width=False`, use `width='content'`.
2026-07-04 09:04:27.472 Please replace `use_container_width` with `width`.

`use_container_width` will be removed after 2025-12-31.

For `use_container_width=True`, use `width='stretch'`. For `use_container_width=False`, use `width='content'`.
/Users/pratham/aitrade/trade_system_v2/src/trade_system/interfaces/dashboard/sector_scope_dashboard.py:1166: FutureWarning:

Styler.applymap has been deprecated. Use Styler.map instead.

2026-07-04 09:04:27.979 Please replace `use_container_width` with `width`.

`use_container_width` will be removed after 2025-12-31.

For `use_container_width=True`, use `width='stretch'`. For `use_container_width=False`, use `width='content'`.
/Users/pratham/aitrade/trade_system_v2/src/trade_system/interfaces/dashboard/sector_scope_dashboard.py:1445: FutureWarning:

Styler.applymap has been deprecated. Use Styler.map instead.

/Users/pratham/aitrade/trade_system_v2/src/trade_system/interfaces/dashboard/sector_scope_dashboard.py:1448: FutureWarning:

Styler.applymap has been deprecated. Use Styler.map instead.

2026-07-04 09:04:43.906 Please replace `use_container_width` with `width`.

`use_container_width` will be removed after 2025-12-31.

For `use_container_width=True`, use `width='stretch'`. For `use_container_width=False`, use `width='content'`.
2026-07-04 09:04:43.924 Please replace `use_container_width` with `width`.

`use_container_width` will be removed after 2025-12-31.

For `use_container_width=True`, use `width='stretch'`. For `use_container_width=False`, use `width='content'`.
2026-07-04 09:04:43.929 Please replace `use_container_width` with `width`.

`use_container_width` will be removed after 2025-12-31.

For `use_container_width=True`, use `width='stretch'`. For `use_container_width=False`, use `width='content'`.
/Users/pratham/aitrade/trade_system_v2/src/trade_system/interfaces/dashboard/sector_scope_dashboard.py:702: FutureWarning:

Styler.applymap has been deprecated. Use Styler.map instead.

2026-07-04 09:05:13.767 Please replace `use_container_width` with `width`.

`use_container_width` will be removed after 2025-12-31.

For `use_container_width=True`, use `width='stretch'`. For `use_container_width=False`, use `width='content'`.
/Users/pratham/aitrade/trade_system_v2/src/trade_system/interfaces/dashboard/sector_scope_dashboard.py:721: FutureWarning:

Styler.applymap has been deprecated. Use Styler.map instead.

2026-07-04 09:05:13.770 Please replace `use_container_width` with `width`.

`use_container_width` will be removed after 2025-12-31.

For `use_container_width=True`, use `width='stretch'`. For `use_container_width=False`, use `width='content'`.
2026-07-04 09:05:13.786 Please replace `use_container_width` with `width`.

`use_container_width` will be removed after 2025-12-31.

For `use_container_width=True`, use `width='stretch'`. For `use_container_width=False`, use `width='content'`.
2026-07-04 09:05:26.748 Please replace `use_container_width` with `width`.

`use_container_width` will be removed after 2025-12-31.

For `use_container_width=True`, use `width='stretch'`. For `use_container_width=False`, use `width='content'`.
2026-07-04 09:05:27.681 Please replace `use_container_width` with `width`.

`use_container_width` will be removed after 2025-12-31.

For `use_container_width=True`, use `width='stretch'`. For `use_container_width=False`, use `width='content'`.
/Users/pratham/aitrade/trade_system_v2/src/trade_system/interfaces/dashboard/sector_scope_dashboard.py:1166: FutureWarning:

Styler.applymap has been deprecated. Use Styler.map instead.

2026-07-04 09:05:28.132 Please replace `use_container_width` with `width`.

`use_container_width` will be removed after 2025-12-31.

For `use_container_width=True`, use `width='stretch'`. For `use_container_width=False`, use `width='content'`.
/Users/pratham/aitrade/trade_system_v2/src/trade_system/interfaces/dashboard/sector_scope_dashboard.py:1445: FutureWarning:

Styler.applymap has been deprecated. Use Styler.map instead.

/Users/pratham/aitrade/trade_system_v2/src/trade_system/interfaces/dashboard/sector_scope_dashboard.py:1448: FutureWarning:

Styler.applymap has been deprecated. Use Styler.map instead.

2026-07-04 09:05:43.373 Please replace `use_container_width` with `width`.

`use_container_width` will be removed after 2025-12-31.

For `use_container_width=True`, use `width='stretch'`. For `use_container_width=False`, use `width='content'`.
2026-07-04 09:05:43.388 Please replace `use_container_width` with `width`.

`use_container_width` will be removed after 2025-12-31.

For `use_container_width=True`, use `width='stretch'`. For `use_container_width=False`, use `width='content'`.
2026-07-04 09:05:43.392 Please replace `use_container_width` with `width`.

`use_container_width` will be removed after 2025-12-31.

For `use_container_width=True`, use `width='stretch'`. For `use_container_width=False`, use `width='content'`.
/Users/pratham/aitrade/trade_system_v2/src/trade_system/interfaces/dashboard/sector_scope_dashboard.py:702: FutureWarning:

Styler.applymap has been deprecated. Use Styler.map instead.

2026-07-04 09:06:13.488 Please replace `use_container_width` with `width`.

`use_container_width` will be removed after 2025-12-31.

For `use_container_width=True`, use `width='stretch'`. For `use_container_width=False`, use `width='content'`.
/Users/pratham/aitrade/trade_system_v2/src/trade_system/interfaces/dashboard/sector_scope_dashboard.py:721: FutureWarning:

Styler.applymap has been deprecated. Use Styler.map instead.

2026-07-04 09:06:13.491 Please replace `use_container_width` with `width`.

`use_container_width` will be removed after 2025-12-31.

For `use_container_width=True`, use `width='stretch'`. For `use_container_width=False`, use `width='content'`.
2026-07-04 09:06:13.502 Please replace `use_container_width` with `width`.

`use_container_width` will be removed after 2025-12-31.

For `use_container_width=True`, use `width='stretch'`. For `use_container_width=False`, use `width='content'`.
2026-07-04 09:06:26.365 Please replace `use_container_width` with `width`.

`use_container_width` will be removed after 2025-12-31.

For `use_container_width=True`, use `width='stretch'`. For `use_container_width=False`, use `width='content'`.
2026-07-04 09:06:27.280 Please replace `use_container_width` with `width`.

`use_container_width` will be removed after 2025-12-31.

For `use_container_width=True`, use `width='stretch'`. For `use_container_width=False`, use `width='content'`.
/Users/pratham/aitrade/trade_system_v2/src/trade_system/interfaces/dashboard/sector_scope_dashboard.py:1166: FutureWarning:

Styler.applymap has been deprecated. Use Styler.map instead.

2026-07-04 09:06:27.670 Please replace `use_container_width` with `width`.

`use_container_width` will be removed after 2025-12-31.

For `use_container_width=True`, use `width='stretch'`. For `use_container_width=False`, use `width='content'`.
/Users/pratham/aitrade/trade_system_v2/src/trade_system/interfaces/dashboard/sector_scope_dashboard.py:1445: FutureWarning:

Styler.applymap has been deprecated. Use Styler.map instead.

/Users/pratham/aitrade/trade_system_v2/src/trade_system/interfaces/dashboard/sector_scope_dashboard.py:1448: FutureWarning:

Styler.applymap has been deprecated. Use Styler.map instead.

2026-07-04 09:06:42.616 Please replace `use_container_width` with `width`.

`use_container_width` will be removed after 2025-12-31.

For `use_container_width=True`, use `width='stretch'`. For `use_container_width=False`, use `width='content'`.
2026-07-04 09:06:42.631 Please replace `use_container_width` with `width`.

`use_container_width` will be removed after 2025-12-31.

For `use_container_width=True`, use `width='stretch'`. For `use_container_width=False`, use `width='content'`.
2026-07-04 09:06:42.635 Please replace `use_container_width` with `width`.

`use_container_width` will be removed after 2025-12-31.

For `use_container_width=True`, use `width='stretch'`. For `use_container_width=False`, use `width='content'`.
/Users/pratham/aitrade/trade_system_v2/src/trade_system/interfaces/dashboard/sector_scope_dashboard.py:702: FutureWarning:

Styler.applymap has been deprecated. Use Styler.map instead.

2026-07-04 09:07:13.512 Please replace `use_container_width` with `width`.

`use_container_width` will be removed after 2025-12-31.

For `use_container_width=True`, use `width='stretch'`. For `use_container_width=False`, use `width='content'`.
/Users/pratham/aitrade/trade_system_v2/src/trade_system/interfaces/dashboard/sector_scope_dashboard.py:721: FutureWarning:

Styler.applymap has been deprecated. Use Styler.map instead.

2026-07-04 09:07:13.514 Please replace `use_container_width` with `width`.

`use_container_width` will be removed after 2025-12-31.

For `use_container_width=True`, use `width='stretch'`. For `use_container_width=False`, use `width='content'`.
2026-07-04 09:07:13.526 Please replace `use_container_width` with `width`.

`use_container_width` will be removed after 2025-12-31.

For `use_container_width=True`, use `width='stretch'`. For `use_container_width=False`, use `width='content'`.
2026-07-04 09:07:25.847 Please replace `use_container_width` with `width`.

`use_container_width` will be removed after 2025-12-31.

For `use_container_width=True`, use `width='stretch'`. For `use_container_width=False`, use `width='content'`.
2026-07-04 09:07:26.821 Please replace `use_container_width` with `width`.

`use_container_width` will be removed after 2025-12-31.

For `use_container_width=True`, use `width='stretch'`. For `use_container_width=False`, use `width='content'`.
/Users/pratham/aitrade/trade_system_v2/src/trade_system/interfaces/dashboard/sector_scope_dashboard.py:1166: FutureWarning:

Styler.applymap has been deprecated. Use Styler.map instead.

2026-07-04 09:07:27.317 Please replace `use_container_width` with `width`.

`use_container_width` will be removed after 2025-12-31.

For `use_container_width=True`, use `width='stretch'`. For `use_container_width=False`, use `width='content'`.
/Users/pratham/aitrade/trade_system_v2/src/trade_system/interfaces/dashboard/sector_scope_dashboard.py:1445: FutureWarning:

Styler.applymap has been deprecated. Use Styler.map instead.

/Users/pratham/aitrade/trade_system_v2/src/trade_system/interfaces/dashboard/sector_scope_dashboard.py:1448: FutureWarning:

Styler.applymap has been deprecated. Use Styler.map instead.

2026-07-04 09:07:42.300 Please replace `use_container_width` with `width`.

`use_container_width` will be removed after 2025-12-31.

For `use_container_width=True`, use `width='stretch'`. For `use_container_width=False`, use `width='content'`.
2026-07-04 09:07:42.315 Please replace `use_container_width` with `width`.

`use_container_width` will be removed after 2025-12-31.

For `use_container_width=True`, use `width='stretch'`. For `use_container_width=False`, use `width='content'`.
2026-07-04 09:07:42.319 Please replace `use_container_width` with `width`.

`use_container_width` will be removed after 2025-12-31.

For `use_container_width=True`, use `width='stretch'`. For `use_container_width=False`, use `width='content'`.
/Users/pratham/aitrade/trade_system_v2/src/trade_system/interfaces/dashboard/sector_scope_dashboard.py:702: FutureWarning:

Styler.applymap has been deprecated. Use Styler.map instead.

2026-07-04 09:08:13.771 Please replace `use_container_width` with `width`.

`use_container_width` will be removed after 2025-12-31.

For `use_container_width=True`, use `width='stretch'`. For `use_container_width=False`, use `width='content'`.
/Users/pratham/aitrade/trade_system_v2/src/trade_system/interfaces/dashboard/sector_scope_dashboard.py:721: FutureWarning:

Styler.applymap has been deprecated. Use Styler.map instead.

2026-07-04 09:08:13.775 Please replace `use_container_width` with `width`.

`use_container_width` will be removed after 2025-12-31.

For `use_container_width=True`, use `width='stretch'`. For `use_container_width=False`, use `width='content'`.
2026-07-04 09:08:13.790 Please replace `use_container_width` with `width`.

`use_container_width` will be removed after 2025-12-31.

For `use_container_width=True`, use `width='stretch'`. For `use_container_width=False`, use `width='content'`.
2026-07-04 09:08:26.575 Please replace `use_container_width` with `width`.

`use_container_width` will be removed after 2025-12-31.

For `use_container_width=True`, use `width='stretch'`. For `use_container_width=False`, use `width='content'`.
2026-07-04 09:08:27.487 Please replace `use_container_width` with `width`.

`use_container_width` will be removed after 2025-12-31.

For `use_container_width=True`, use `width='stretch'`. For `use_container_width=False`, use `width='content'`.
/Users/pratham/aitrade/trade_system_v2/src/trade_system/interfaces/dashboard/sector_scope_dashboard.py:1166: FutureWarning:

Styler.applymap has been deprecated. Use Styler.map instead.

2026-07-04 09:08:27.936 Please replace `use_container_width` with `width`.

`use_container_width` will be removed after 2025-12-31.

For `use_container_width=True`, use `width='stretch'`. For `use_container_width=False`, use `width='content'`.
/Users/pratham/aitrade/trade_system_v2/src/trade_system/interfaces/dashboard/sector_scope_dashboard.py:1445: FutureWarning:

Styler.applymap has been deprecated. Use Styler.map instead.

/Users/pratham/aitrade/trade_system_v2/src/trade_system/interfaces/dashboard/sector_scope_dashboard.py:1448: FutureWarning:

Styler.applymap has been deprecated. Use Styler.map instead.

2026-07-04 09:08:42.789 Please replace `use_container_width` with `width`.

`use_container_width` will be removed after 2025-12-31.

For `use_container_width=True`, use `width='stretch'`. For `use_container_width=False`, use `width='content'`.
2026-07-04 09:08:42.804 Please replace `use_container_width` with `width`.

`use_container_width` will be removed after 2025-12-31.

For `use_container_width=True`, use `width='stretch'`. For `use_container_width=False`, use `width='content'`.
2026-07-04 09:08:42.808 Please replace `use_container_width` with `width`.

`use_container_width` will be removed after 2025-12-31.

For `use_container_width=True`, use `width='stretch'`. For `use_container_width=False`, use `width='content'`.
/Users/pratham/aitrade/trade_system_v2/src/trade_system/interfaces/dashboard/sector_scope_dashboard.py:702: FutureWarning:

Styler.applymap has been deprecated. Use Styler.map instead.

2026-07-04 09:09:13.432 Please replace `use_container_width` with `width`.

`use_container_width` will be removed after 2025-12-31.

For `use_container_width=True`, use `width='stretch'`. For `use_container_width=False`, use `width='content'`.
/Users/pratham/aitrade/trade_system_v2/src/trade_system/interfaces/dashboard/sector_scope_dashboard.py:721: FutureWarning:

Styler.applymap has been deprecated. Use Styler.map instead.

2026-07-04 09:09:13.434 Please replace `use_container_width` with `width`.

`use_container_width` will be removed after 2025-12-31.

For `use_container_width=True`, use `width='stretch'`. For `use_container_width=False`, use `width='content'`.
2026-07-04 09:09:13.444 Please replace `use_container_width` with `width`.

`use_container_width` will be removed after 2025-12-31.

For `use_container_width=True`, use `width='stretch'`. For `use_container_width=False`, use `width='content'`.
2026-07-04 09:09:25.785 Please replace `use_container_width` with `width`.

`use_container_width` will be removed after 2025-12-31.

For `use_container_width=True`, use `width='stretch'`. For `use_container_width=False`, use `width='content'`.
2026-07-04 09:09:26.699 Please replace `use_container_width` with `width`.

`use_container_width` will be removed after 2025-12-31.

For `use_container_width=True`, use `width='stretch'`. For `use_container_width=False`, use `width='content'`.
/Users/pratham/aitrade/trade_system_v2/src/trade_system/interfaces/dashboard/sector_scope_dashboard.py:1166: FutureWarning:

Styler.applymap has been deprecated. Use Styler.map instead.

2026-07-04 09:09:27.079 Please replace `use_container_width` with `width`.

`use_container_width` will be removed after 2025-12-31.

For `use_container_width=True`, use `width='stretch'`. For `use_container_width=False`, use `width='content'`.
/Users/pratham/aitrade/trade_system_v2/src/trade_system/interfaces/dashboard/sector_scope_dashboard.py:1445: FutureWarning:

Styler.applymap has been deprecated. Use Styler.map instead.

/Users/pratham/aitrade/trade_system_v2/src/trade_system/interfaces/dashboard/sector_scope_dashboard.py:1448: FutureWarning:

Styler.applymap has been deprecated. Use Styler.map instead.

2026-07-04 09:09:41.947 Please replace `use_container_width` with `width`.

`use_container_width` will be removed after 2025-12-31.

For `use_container_width=True`, use `width='stretch'`. For `use_container_width=False`, use `width='content'`.
2026-07-04 09:09:41.963 Please replace `use_container_width` with `width`.

`use_container_width` will be removed after 2025-12-31.

For `use_container_width=True`, use `width='stretch'`. For `use_container_width=False`, use `width='content'`.
2026-07-04 09:09:41.967 Please replace `use_container_width` with `width`.

`use_container_width` will be removed after 2025-12-31.

For `use_container_width=True`, use `width='stretch'`. For `use_container_width=False`, use `width='content'`.
/Users/pratham/aitrade/trade_system_v2/src/trade_system/interfaces/dashboard/sector_scope_dashboard.py:702: FutureWarning:

Styler.applymap has been deprecated. Use Styler.map instead.

2026-07-04 09:10:13.560 Please replace `use_container_width` with `width`.

`use_container_width` will be removed after 2025-12-31.

For `use_container_width=True`, use `width='stretch'`. For `use_container_width=False`, use `width='content'`.
/Users/pratham/aitrade/trade_system_v2/src/trade_system/interfaces/dashboard/sector_scope_dashboard.py:721: FutureWarning:

Styler.applymap has been deprecated. Use Styler.map instead.

2026-07-04 09:10:13.563 Please replace `use_container_width` with `width`.

`use_container_width` will be removed after 2025-12-31.

For `use_container_width=True`, use `width='stretch'`. For `use_container_width=False`, use `width='content'`.
2026-07-04 09:10:13.574 Please replace `use_container_width` with `width`.

`use_container_width` will be removed after 2025-12-31.

For `use_container_width=True`, use `width='stretch'`. For `use_container_width=False`, use `width='content'`.
2026-07-04 09:10:26.347 Please replace `use_container_width` with `width`.

`use_container_width` will be removed after 2025-12-31.

For `use_container_width=True`, use `width='stretch'`. For `use_container_width=False`, use `width='content'`.
2026-07-04 09:10:27.324 Please replace `use_container_width` with `width`.

`use_container_width` will be removed after 2025-12-31.

For `use_container_width=True`, use `width='stretch'`. For `use_container_width=False`, use `width='content'`.
/Users/pratham/aitrade/trade_system_v2/src/trade_system/interfaces/dashboard/sector_scope_dashboard.py:1166: FutureWarning:

Styler.applymap has been deprecated. Use Styler.map instead.

2026-07-04 09:10:27.832 Please replace `use_container_width` with `width`.

`use_container_width` will be removed after 2025-12-31.

For `use_container_width=True`, use `width='stretch'`. For `use_container_width=False`, use `width='content'`.
/Users/pratham/aitrade/trade_system_v2/src/trade_system/interfaces/dashboard/sector_scope_dashboard.py:1445: FutureWarning:

Styler.applymap has been deprecated. Use Styler.map instead.

/Users/pratham/aitrade/trade_system_v2/src/trade_system/interfaces/dashboard/sector_scope_dashboard.py:1448: FutureWarning:

Styler.applymap has been deprecated. Use Styler.map instead.

2026-07-04 09:10:43.505 Please replace `use_container_width` with `width`.

`use_container_width` will be removed after 2025-12-31.

For `use_container_width=True`, use `width='stretch'`. For `use_container_width=False`, use `width='content'`.
2026-07-04 09:10:43.521 Please replace `use_container_width` with `width`.

`use_container_width` will be removed after 2025-12-31.

For `use_container_width=True`, use `width='stretch'`. For `use_container_width=False`, use `width='content'`.
2026-07-04 09:10:43.525 Please replace `use_container_width` with `width`.

`use_container_width` will be removed after 2025-12-31.

For `use_container_width=True`, use `width='stretch'`. For `use_container_width=False`, use `width='content'`.
/Users/pratham/aitrade/trade_system_v2/src/trade_system/interfaces/dashboard/sector_scope_dashboard.py:702: FutureWarning:

Styler.applymap has been deprecated. Use Styler.map instead.

2026-07-04 09:11:13.832 Please replace `use_container_width` with `width`.

`use_container_width` will be removed after 2025-12-31.

For `use_container_width=True`, use `width='stretch'`. For `use_container_width=False`, use `width='content'`.
/Users/pratham/aitrade/trade_system_v2/src/trade_system/interfaces/dashboard/sector_scope_dashboard.py:721: FutureWarning:

Styler.applymap has been deprecated. Use Styler.map instead.

2026-07-04 09:11:13.834 Please replace `use_container_width` with `width`.

`use_container_width` will be removed after 2025-12-31.

For `use_container_width=True`, use `width='stretch'`. For `use_container_width=False`, use `width='content'`.
2026-07-04 09:11:13.845 Please replace `use_container_width` with `width`.

`use_container_width` will be removed after 2025-12-31.

For `use_container_width=True`, use `width='stretch'`. For `use_container_width=False`, use `width='content'`.
2026-07-04 09:11:27.134 Please replace `use_container_width` with `width`.

`use_container_width` will be removed after 2025-12-31.

For `use_container_width=True`, use `width='stretch'`. For `use_container_width=False`, use `width='content'`.
2026-07-04 09:11:28.115 Please replace `use_container_width` with `width`.

`use_container_width` will be removed after 2025-12-31.

For `use_container_width=True`, use `width='stretch'`. For `use_container_width=False`, use `width='content'`.
/Users/pratham/aitrade/trade_system_v2/src/trade_system/interfaces/dashboard/sector_scope_dashboard.py:1166: FutureWarning:

Styler.applymap has been deprecated. Use Styler.map instead.

2026-07-04 09:11:28.648 Please replace `use_container_width` with `width`.

`use_container_width` will be removed after 2025-12-31.

For `use_container_width=True`, use `width='stretch'`. For `use_container_width=False`, use `width='content'`.
/Users/pratham/aitrade/trade_system_v2/src/trade_system/interfaces/dashboard/sector_scope_dashboard.py:1445: FutureWarning:

Styler.applymap has been deprecated. Use Styler.map instead.

/Users/pratham/aitrade/trade_system_v2/src/trade_system/interfaces/dashboard/sector_scope_dashboard.py:1448: FutureWarning:

Styler.applymap has been deprecated. Use Styler.map instead.

2026-07-04 09:11:43.855 Please replace `use_container_width` with `width`.

`use_container_width` will be removed after 2025-12-31.

For `use_container_width=True`, use `width='stretch'`. For `use_container_width=False`, use `width='content'`.
2026-07-04 09:11:43.869 Please replace `use_container_width` with `width`.

`use_container_width` will be removed after 2025-12-31.

For `use_container_width=True`, use `width='stretch'`. For `use_container_width=False`, use `width='content'`.
2026-07-04 09:11:43.873 Please replace `use_container_width` with `width`.

`use_container_width` will be removed after 2025-12-31.

For `use_container_width=True`, use `width='stretch'`. For `use_container_width=False`, use `width='content'`.
/Users/pratham/aitrade/trade_system_v2/src/trade_system/interfaces/dashboard/sector_scope_dashboard.py:702: FutureWarning:

Styler.applymap has been deprecated. Use Styler.map instead.

2026-07-04 09:12:13.450 Please replace `use_container_width` with `width`.

`use_container_width` will be removed after 2025-12-31.

For `use_container_width=True`, use `width='stretch'`. For `use_container_width=False`, use `width='content'`.
/Users/pratham/aitrade/trade_system_v2/src/trade_system/interfaces/dashboard/sector_scope_dashboard.py:721: FutureWarning:

Styler.applymap has been deprecated. Use Styler.map instead.

2026-07-04 09:12:13.453 Please replace `use_container_width` with `width`.

`use_container_width` will be removed after 2025-12-31.

For `use_container_width=True`, use `width='stretch'`. For `use_container_width=False`, use `width='content'`.
2026-07-04 09:12:13.464 Please replace `use_container_width` with `width`.

`use_container_width` will be removed after 2025-12-31.

For `use_container_width=True`, use `width='stretch'`. For `use_container_width=False`, use `width='content'`.
2026-07-04 09:12:25.952 Please replace `use_container_width` with `width`.

`use_container_width` will be removed after 2025-12-31.

For `use_container_width=True`, use `width='stretch'`. For `use_container_width=False`, use `width='content'`.
2026-07-04 09:12:26.869 Please replace `use_container_width` with `width`.

`use_container_width` will be removed after 2025-12-31.

For `use_container_width=True`, use `width='stretch'`. For `use_container_width=False`, use `width='content'`.
/Users/pratham/aitrade/trade_system_v2/src/trade_system/interfaces/dashboard/sector_scope_dashboard.py:1166: FutureWarning:

Styler.applymap has been deprecated. Use Styler.map instead.

2026-07-04 09:12:27.255 Please replace `use_container_width` with `width`.

`use_container_width` will be removed after 2025-12-31.

For `use_container_width=True`, use `width='stretch'`. For `use_container_width=False`, use `width='content'`.
/Users/pratham/aitrade/trade_system_v2/src/trade_system/interfaces/dashboard/sector_scope_dashboard.py:1445: FutureWarning:

Styler.applymap has been deprecated. Use Styler.map instead.

/Users/pratham/aitrade/trade_system_v2/src/trade_system/interfaces/dashboard/sector_scope_dashboard.py:1448: FutureWarning:

Styler.applymap has been deprecated. Use Styler.map instead.

2026-07-04 09:12:42.138 Please replace `use_container_width` with `width`.

`use_container_width` will be removed after 2025-12-31.

For `use_container_width=True`, use `width='stretch'`. For `use_container_width=False`, use `width='content'`.
2026-07-04 09:12:42.153 Please replace `use_container_width` with `width`.

`use_container_width` will be removed after 2025-12-31.

For `use_container_width=True`, use `width='stretch'`. For `use_container_width=False`, use `width='content'`.
2026-07-04 09:12:42.157 Please replace `use_container_width` with `width`.

`use_container_width` will be removed after 2025-12-31.

For `use_container_width=True`, use `width='stretch'`. For `use_container_width=False`, use `width='content'`.
/Users/pratham/aitrade/trade_system_v2/src/trade_system/interfaces/dashboard/sector_scope_dashboard.py:702: FutureWarning:

Styler.applymap has been deprecated. Use Styler.map instead.

2026-07-04 09:13:13.601 Please replace `use_container_width` with `width`.

`use_container_width` will be removed after 2025-12-31.

For `use_container_width=True`, use `width='stretch'`. For `use_container_width=False`, use `width='content'`.
/Users/pratham/aitrade/trade_system_v2/src/trade_system/interfaces/dashboard/sector_scope_dashboard.py:721: FutureWarning:

Styler.applymap has been deprecated. Use Styler.map instead.

2026-07-04 09:13:13.604 Please replace `use_container_width` with `width`.

`use_container_width` will be removed after 2025-12-31.

For `use_container_width=True`, use `width='stretch'`. For `use_container_width=False`, use `width='content'`.
2026-07-04 09:13:13.625 Please replace `use_container_width` with `width`.

`use_container_width` will be removed after 2025-12-31.

For `use_container_width=True`, use `width='stretch'`. For `use_container_width=False`, use `width='content'`.
2026-07-04 09:13:26.202 Please replace `use_container_width` with `width`.

`use_container_width` will be removed after 2025-12-31.

For `use_container_width=True`, use `width='stretch'`. For `use_container_width=False`, use `width='content'`.
2026-07-04 09:13:27.123 Please replace `use_container_width` with `width`.

`use_container_width` will be removed after 2025-12-31.

For `use_container_width=True`, use `width='stretch'`. For `use_container_width=False`, use `width='content'`.
/Users/pratham/aitrade/trade_system_v2/src/trade_system/interfaces/dashboard/sector_scope_dashboard.py:1166: FutureWarning:

Styler.applymap has been deprecated. Use Styler.map instead.

2026-07-04 09:13:27.591 Please replace `use_container_width` with `width`.

`use_container_width` will be removed after 2025-12-31.

For `use_container_width=True`, use `width='stretch'`. For `use_container_width=False`, use `width='content'`.
/Users/pratham/aitrade/trade_system_v2/src/trade_system/interfaces/dashboard/sector_scope_dashboard.py:1445: FutureWarning:

Styler.applymap has been deprecated. Use Styler.map instead.

/Users/pratham/aitrade/trade_system_v2/src/trade_system/interfaces/dashboard/sector_scope_dashboard.py:1448: FutureWarning:

Styler.applymap has been deprecated. Use Styler.map instead.

2026-07-04 09:13:42.417 Please replace `use_container_width` with `width`.

`use_container_width` will be removed after 2025-12-31.

For `use_container_width=True`, use `width='stretch'`. For `use_container_width=False`, use `width='content'`.
2026-07-04 09:13:42.432 Please replace `use_container_width` with `width`.

`use_container_width` will be removed after 2025-12-31.

For `use_container_width=True`, use `width='stretch'`. For `use_container_width=False`, use `width='content'`.
2026-07-04 09:13:42.437 Please replace `use_container_width` with `width`.

`use_container_width` will be removed after 2025-12-31.

For `use_container_width=True`, use `width='stretch'`. For `use_container_width=False`, use `width='content'`.
/Users/pratham/aitrade/trade_system_v2/src/trade_system/interfaces/dashboard/sector_scope_dashboard.py:702: FutureWarning:

Styler.applymap has been deprecated. Use Styler.map instead.

2026-07-04 09:14:13.748 Please replace `use_container_width` with `width`.

`use_container_width` will be removed after 2025-12-31.

For `use_container_width=True`, use `width='stretch'`. For `use_container_width=False`, use `width='content'`.
/Users/pratham/aitrade/trade_system_v2/src/trade_system/interfaces/dashboard/sector_scope_dashboard.py:721: FutureWarning:

Styler.applymap has been deprecated. Use Styler.map instead.

2026-07-04 09:14:13.751 Please replace `use_container_width` with `width`.

`use_container_width` will be removed after 2025-12-31.

For `use_container_width=True`, use `width='stretch'`. For `use_container_width=False`, use `width='content'`.
2026-07-04 09:14:13.762 Please replace `use_container_width` with `width`.

`use_container_width` will be removed after 2025-12-31.

For `use_container_width=True`, use `width='stretch'`. For `use_container_width=False`, use `width='content'`.
2026-07-04 09:14:26.198 Please replace `use_container_width` with `width`.

`use_container_width` will be removed after 2025-12-31.

For `use_container_width=True`, use `width='stretch'`. For `use_container_width=False`, use `width='content'`.
2026-07-04 09:14:27.116 Please replace `use_container_width` with `width`.

`use_container_width` will be removed after 2025-12-31.

For `use_container_width=True`, use `width='stretch'`. For `use_container_width=False`, use `width='content'`.
/Users/pratham/aitrade/trade_system_v2/src/trade_system/interfaces/dashboard/sector_scope_dashboard.py:1166: FutureWarning:

Styler.applymap has been deprecated. Use Styler.map instead.

2026-07-04 09:14:27.575 Please replace `use_container_width` with `width`.

`use_container_width` will be removed after 2025-12-31.

For `use_container_width=True`, use `width='stretch'`. For `use_container_width=False`, use `width='content'`.
/Users/pratham/aitrade/trade_system_v2/src/trade_system/interfaces/dashboard/sector_scope_dashboard.py:1445: FutureWarning:

Styler.applymap has been deprecated. Use Styler.map instead.

/Users/pratham/aitrade/trade_system_v2/src/trade_system/interfaces/dashboard/sector_scope_dashboard.py:1448: FutureWarning:

Styler.applymap has been deprecated. Use Styler.map instead.

2026-07-04 09:14:42.515 Please replace `use_container_width` with `width`.

`use_container_width` will be removed after 2025-12-31.

For `use_container_width=True`, use `width='stretch'`. For `use_container_width=False`, use `width='content'`.
2026-07-04 09:14:42.530 Please replace `use_container_width` with `width`.

`use_container_width` will be removed after 2025-12-31.

For `use_container_width=True`, use `width='stretch'`. For `use_container_width=False`, use `width='content'`.
2026-07-04 09:14:42.534 Please replace `use_container_width` with `width`.

`use_container_width` will be removed after 2025-12-31.

For `use_container_width=True`, use `width='stretch'`. For `use_container_width=False`, use `width='content'`.
/Users/pratham/aitrade/trade_system_v2/src/trade_system/interfaces/dashboard/sector_scope_dashboard.py:702: FutureWarning:

Styler.applymap has been deprecated. Use Styler.map instead.

2026-07-04 09:15:13.451 Please replace `use_container_width` with `width`.

`use_container_width` will be removed after 2025-12-31.

For `use_container_width=True`, use `width='stretch'`. For `use_container_width=False`, use `width='content'`.
/Users/pratham/aitrade/trade_system_v2/src/trade_system/interfaces/dashboard/sector_scope_dashboard.py:721: FutureWarning:

Styler.applymap has been deprecated. Use Styler.map instead.

2026-07-04 09:15:13.454 Please replace `use_container_width` with `width`.

`use_container_width` will be removed after 2025-12-31.

For `use_container_width=True`, use `width='stretch'`. For `use_container_width=False`, use `width='content'`.
2026-07-04 09:15:13.465 Please replace `use_container_width` with `width`.

`use_container_width` will be removed after 2025-12-31.

For `use_container_width=True`, use `width='stretch'`. For `use_container_width=False`, use `width='content'`.
2026-07-04 09:15:26.121 Please replace `use_container_width` with `width`.

`use_container_width` will be removed after 2025-12-31.

For `use_container_width=True`, use `width='stretch'`. For `use_container_width=False`, use `width='content'`.
2026-07-04 09:15:27.037 Please replace `use_container_width` with `width`.

`use_container_width` will be removed after 2025-12-31.

For `use_container_width=True`, use `width='stretch'`. For `use_container_width=False`, use `width='content'`.
/Users/pratham/aitrade/trade_system_v2/src/trade_system/interfaces/dashboard/sector_scope_dashboard.py:1166: FutureWarning:

Styler.applymap has been deprecated. Use Styler.map instead.

2026-07-04 09:15:27.450 Please replace `use_container_width` with `width`.

`use_container_width` will be removed after 2025-12-31.

For `use_container_width=True`, use `width='stretch'`. For `use_container_width=False`, use `width='content'`.
/Users/pratham/aitrade/trade_system_v2/src/trade_system/interfaces/dashboard/sector_scope_dashboard.py:1445: FutureWarning:

Styler.applymap has been deprecated. Use Styler.map instead.

/Users/pratham/aitrade/trade_system_v2/src/trade_system/interfaces/dashboard/sector_scope_dashboard.py:1448: FutureWarning:

Styler.applymap has been deprecated. Use Styler.map instead.

2026-07-04 09:15:42.392 Please replace `use_container_width` with `width`.

`use_container_width` will be removed after 2025-12-31.

For `use_container_width=True`, use `width='stretch'`. For `use_container_width=False`, use `width='content'`.
2026-07-04 09:15:42.407 Please replace `use_container_width` with `width`.

`use_container_width` will be removed after 2025-12-31.

For `use_container_width=True`, use `width='stretch'`. For `use_container_width=False`, use `width='content'`.
2026-07-04 09:15:42.411 Please replace `use_container_width` with `width`.

`use_container_width` will be removed after 2025-12-31.

For `use_container_width=True`, use `width='stretch'`. For `use_container_width=False`, use `width='content'`.
/Users/pratham/aitrade/trade_system_v2/src/trade_system/interfaces/dashboard/sector_scope_dashboard.py:702: FutureWarning:

Styler.applymap has been deprecated. Use Styler.map instead.

2026-07-04 09:16:13.571 Please replace `use_container_width` with `width`.

`use_container_width` will be removed after 2025-12-31.

For `use_container_width=True`, use `width='stretch'`. For `use_container_width=False`, use `width='content'`.
/Users/pratham/aitrade/trade_system_v2/src/trade_system/interfaces/dashboard/sector_scope_dashboard.py:721: FutureWarning:

Styler.applymap has been deprecated. Use Styler.map instead.

2026-07-04 09:16:13.574 Please replace `use_container_width` with `width`.

`use_container_width` will be removed after 2025-12-31.

For `use_container_width=True`, use `width='stretch'`. For `use_container_width=False`, use `width='content'`.
2026-07-04 09:16:13.586 Please replace `use_container_width` with `width`.

`use_container_width` will be removed after 2025-12-31.

For `use_container_width=True`, use `width='stretch'`. For `use_container_width=False`, use `width='content'`.
2026-07-04 09:16:26.109 Please replace `use_container_width` with `width`.

`use_container_width` will be removed after 2025-12-31.

For `use_container_width=True`, use `width='stretch'`. For `use_container_width=False`, use `width='content'`.
2026-07-04 09:16:27.026 Please replace `use_container_width` with `width`.

`use_container_width` will be removed after 2025-12-31.

For `use_container_width=True`, use `width='stretch'`. For `use_container_width=False`, use `width='content'`.
/Users/pratham/aitrade/trade_system_v2/src/trade_system/interfaces/dashboard/sector_scope_dashboard.py:1166: FutureWarning:

Styler.applymap has been deprecated. Use Styler.map instead.

2026-07-04 09:16:27.486 Please replace `use_container_width` with `width`.

`use_container_width` will be removed after 2025-12-31.

For `use_container_width=True`, use `width='stretch'`. For `use_container_width=False`, use `width='content'`.
/Users/pratham/aitrade/trade_system_v2/src/trade_system/interfaces/dashboard/sector_scope_dashboard.py:1445: FutureWarning:

Styler.applymap has been deprecated. Use Styler.map instead.

/Users/pratham/aitrade/trade_system_v2/src/trade_system/interfaces/dashboard/sector_scope_dashboard.py:1448: FutureWarning:

Styler.applymap has been deprecated. Use Styler.map instead.

2026-07-04 09:16:42.315 Please replace `use_container_width` with `width`.

`use_container_width` will be removed after 2025-12-31.

For `use_container_width=True`, use `width='stretch'`. For `use_container_width=False`, use `width='content'`.
2026-07-04 09:16:42.331 Please replace `use_container_width` with `width`.

`use_container_width` will be removed after 2025-12-31.

For `use_container_width=True`, use `width='stretch'`. For `use_container_width=False`, use `width='content'`.
2026-07-04 09:16:42.335 Please replace `use_container_width` with `width`.

`use_container_width` will be removed after 2025-12-31.

For `use_container_width=True`, use `width='stretch'`. For `use_container_width=False`, use `width='content'`.
/Users/pratham/aitrade/trade_system_v2/src/trade_system/interfaces/dashboard/sector_scope_dashboard.py:702: FutureWarning:

Styler.applymap has been deprecated. Use Styler.map instead.

2026-07-04 09:17:13.490 Please replace `use_container_width` with `width`.

`use_container_width` will be removed after 2025-12-31.

For `use_container_width=True`, use `width='stretch'`. For `use_container_width=False`, use `width='content'`.
/Users/pratham/aitrade/trade_system_v2/src/trade_system/interfaces/dashboard/sector_scope_dashboard.py:721: FutureWarning:

Styler.applymap has been deprecated. Use Styler.map instead.

2026-07-04 09:17:13.493 Please replace `use_container_width` with `width`.

`use_container_width` will be removed after 2025-12-31.

For `use_container_width=True`, use `width='stretch'`. For `use_container_width=False`, use `width='content'`.
2026-07-04 09:17:13.504 Please replace `use_container_width` with `width`.

`use_container_width` will be removed after 2025-12-31.

For `use_container_width=True`, use `width='stretch'`. For `use_container_width=False`, use `width='content'`.
2026-07-04 09:17:25.766 Please replace `use_container_width` with `width`.

`use_container_width` will be removed after 2025-12-31.

For `use_container_width=True`, use `width='stretch'`. For `use_container_width=False`, use `width='content'`.
2026-07-04 09:17:26.681 Please replace `use_container_width` with `width`.

`use_container_width` will be removed after 2025-12-31.

For `use_container_width=True`, use `width='stretch'`. For `use_container_width=False`, use `width='content'`.
/Users/pratham/aitrade/trade_system_v2/src/trade_system/interfaces/dashboard/sector_scope_dashboard.py:1166: FutureWarning:

Styler.applymap has been deprecated. Use Styler.map instead.

2026-07-04 09:17:27.177 Please replace `use_container_width` with `width`.

`use_container_width` will be removed after 2025-12-31.

For `use_container_width=True`, use `width='stretch'`. For `use_container_width=False`, use `width='content'`.
/Users/pratham/aitrade/trade_system_v2/src/trade_system/interfaces/dashboard/sector_scope_dashboard.py:1445: FutureWarning:

Styler.applymap has been deprecated. Use Styler.map instead.

/Users/pratham/aitrade/trade_system_v2/src/trade_system/interfaces/dashboard/sector_scope_dashboard.py:1448: FutureWarning:

Styler.applymap has been deprecated. Use Styler.map instead.

2026-07-04 09:17:42.007 Please replace `use_container_width` with `width`.

`use_container_width` will be removed after 2025-12-31.

For `use_container_width=True`, use `width='stretch'`. For `use_container_width=False`, use `width='content'`.
2026-07-04 09:17:42.022 Please replace `use_container_width` with `width`.

`use_container_width` will be removed after 2025-12-31.

For `use_container_width=True`, use `width='stretch'`. For `use_container_width=False`, use `width='content'`.
2026-07-04 09:17:42.026 Please replace `use_container_width` with `width`.

`use_container_width` will be removed after 2025-12-31.

For `use_container_width=True`, use `width='stretch'`. For `use_container_width=False`, use `width='content'`.
/Users/pratham/aitrade/trade_system_v2/src/trade_system/interfaces/dashboard/sector_scope_dashboard.py:702: FutureWarning:

Styler.applymap has been deprecated. Use Styler.map instead.

2026-07-04 09:18:13.629 Please replace `use_container_width` with `width`.

`use_container_width` will be removed after 2025-12-31.

For `use_container_width=True`, use `width='stretch'`. For `use_container_width=False`, use `width='content'`.
/Users/pratham/aitrade/trade_system_v2/src/trade_system/interfaces/dashboard/sector_scope_dashboard.py:721: FutureWarning:

Styler.applymap has been deprecated. Use Styler.map instead.

2026-07-04 09:18:13.632 Please replace `use_container_width` with `width`.

`use_container_width` will be removed after 2025-12-31.

For `use_container_width=True`, use `width='stretch'`. For `use_container_width=False`, use `width='content'`.
2026-07-04 09:18:13.644 Please replace `use_container_width` with `width`.

`use_container_width` will be removed after 2025-12-31.

For `use_container_width=True`, use `width='stretch'`. For `use_container_width=False`, use `width='content'`.
2026-07-04 09:18:26.533 Please replace `use_container_width` with `width`.

`use_container_width` will be removed after 2025-12-31.

For `use_container_width=True`, use `width='stretch'`. For `use_container_width=False`, use `width='content'`.
2026-07-04 09:18:27.505 Please replace `use_container_width` with `width`.

`use_container_width` will be removed after 2025-12-31.

For `use_container_width=True`, use `width='stretch'`. For `use_container_width=False`, use `width='content'`.
/Users/pratham/aitrade/trade_system_v2/src/trade_system/interfaces/dashboard/sector_scope_dashboard.py:1166: FutureWarning:

Styler.applymap has been deprecated. Use Styler.map instead.

2026-07-04 09:18:28.011 Please replace `use_container_width` with `width`.

`use_container_width` will be removed after 2025-12-31.

For `use_container_width=True`, use `width='stretch'`. For `use_container_width=False`, use `width='content'`.
/Users/pratham/aitrade/trade_system_v2/src/trade_system/interfaces/dashboard/sector_scope_dashboard.py:1445: FutureWarning:

Styler.applymap has been deprecated. Use Styler.map instead.

/Users/pratham/aitrade/trade_system_v2/src/trade_system/interfaces/dashboard/sector_scope_dashboard.py:1448: FutureWarning:

Styler.applymap has been deprecated. Use Styler.map instead.

2026-07-04 09:18:43.904 Please replace `use_container_width` with `width`.

`use_container_width` will be removed after 2025-12-31.

For `use_container_width=True`, use `width='stretch'`. For `use_container_width=False`, use `width='content'`.
2026-07-04 09:18:43.919 Please replace `use_container_width` with `width`.

`use_container_width` will be removed after 2025-12-31.

For `use_container_width=True`, use `width='stretch'`. For `use_container_width=False`, use `width='content'`.
2026-07-04 09:18:43.923 Please replace `use_container_width` with `width`.

`use_container_width` will be removed after 2025-12-31.

For `use_container_width=True`, use `width='stretch'`. For `use_container_width=False`, use `width='content'`.
/Users/pratham/aitrade/trade_system_v2/src/trade_system/interfaces/dashboard/sector_scope_dashboard.py:702: FutureWarning:

Styler.applymap has been deprecated. Use Styler.map instead.

2026-07-04 09:19:13.436 Please replace `use_container_width` with `width`.

`use_container_width` will be removed after 2025-12-31.

For `use_container_width=True`, use `width='stretch'`. For `use_container_width=False`, use `width='content'`.
/Users/pratham/aitrade/trade_system_v2/src/trade_system/interfaces/dashboard/sector_scope_dashboard.py:721: FutureWarning:

Styler.applymap has been deprecated. Use Styler.map instead.

2026-07-04 09:19:13.438 Please replace `use_container_width` with `width`.

`use_container_width` will be removed after 2025-12-31.

For `use_container_width=True`, use `width='stretch'`. For `use_container_width=False`, use `width='content'`.
2026-07-04 09:19:13.449 Please replace `use_container_width` with `width`.

`use_container_width` will be removed after 2025-12-31.

For `use_container_width=True`, use `width='stretch'`. For `use_container_width=False`, use `width='content'`.
2026-07-04 09:19:26.282 Please replace `use_container_width` with `width`.

`use_container_width` will be removed after 2025-12-31.

For `use_container_width=True`, use `width='stretch'`. For `use_container_width=False`, use `width='content'`.
2026-07-04 09:19:27.207 Please replace `use_container_width` with `width`.

`use_container_width` will be removed after 2025-12-31.

For `use_container_width=True`, use `width='stretch'`. For `use_container_width=False`, use `width='content'`.
/Users/pratham/aitrade/trade_system_v2/src/trade_system/interfaces/dashboard/sector_scope_dashboard.py:1166: FutureWarning:

Styler.applymap has been deprecated. Use Styler.map instead.

2026-07-04 09:19:27.610 Please replace `use_container_width` with `width`.

`use_container_width` will be removed after 2025-12-31.

For `use_container_width=True`, use `width='stretch'`. For `use_container_width=False`, use `width='content'`.
/Users/pratham/aitrade/trade_system_v2/src/trade_system/interfaces/dashboard/sector_scope_dashboard.py:1445: FutureWarning:

Styler.applymap has been deprecated. Use Styler.map instead.

/Users/pratham/aitrade/trade_system_v2/src/trade_system/interfaces/dashboard/sector_scope_dashboard.py:1448: FutureWarning:

Styler.applymap has been deprecated. Use Styler.map instead.

2026-07-04 09:19:42.839 Please replace `use_container_width` with `width`.

`use_container_width` will be removed after 2025-12-31.

For `use_container_width=True`, use `width='stretch'`. For `use_container_width=False`, use `width='content'`.
2026-07-04 09:19:42.855 Please replace `use_container_width` with `width`.

`use_container_width` will be removed after 2025-12-31.

For `use_container_width=True`, use `width='stretch'`. For `use_container_width=False`, use `width='content'`.
2026-07-04 09:19:42.859 Please replace `use_container_width` with `width`.

`use_container_width` will be removed after 2025-12-31.

For `use_container_width=True`, use `width='stretch'`. For `use_container_width=False`, use `width='content'`.
/Users/pratham/aitrade/trade_system_v2/src/trade_system/interfaces/dashboard/sector_scope_dashboard.py:702: FutureWarning:

Styler.applymap has been deprecated. Use Styler.map instead.

2026-07-04 09:20:18.322 Please replace `use_container_width` with `width`.

`use_container_width` will be removed after 2025-12-31.

For `use_container_width=True`, use `width='stretch'`. For `use_container_width=False`, use `width='content'`.
/Users/pratham/aitrade/trade_system_v2/src/trade_system/interfaces/dashboard/sector_scope_dashboard.py:721: FutureWarning:

Styler.applymap has been deprecated. Use Styler.map instead.

2026-07-04 09:20:18.325 Please replace `use_container_width` with `width`.

`use_container_width` will be removed after 2025-12-31.

For `use_container_width=True`, use `width='stretch'`. For `use_container_width=False`, use `width='content'`.
2026-07-04 09:20:18.337 Please replace `use_container_width` with `width`.

`use_container_width` will be removed after 2025-12-31.

For `use_container_width=True`, use `width='stretch'`. For `use_container_width=False`, use `width='content'`.
2026-07-04 09:20:19.830 Please replace `use_container_width` with `width`.

`use_container_width` will be removed after 2025-12-31.

For `use_container_width=True`, use `width='stretch'`. For `use_container_width=False`, use `width='content'`.
/Users/pratham/aitrade/trade_system_v2/src/trade_system/interfaces/dashboard/sector_scope_dashboard.py:1166: FutureWarning:

Styler.applymap has been deprecated. Use Styler.map instead.

2026-07-04 09:20:20.262 Please replace `use_container_width` with `width`.

`use_container_width` will be removed after 2025-12-31.

For `use_container_width=True`, use `width='stretch'`. For `use_container_width=False`, use `width='content'`.
/Users/pratham/aitrade/trade_system_v2/src/trade_system/interfaces/dashboard/sector_scope_dashboard.py:1445: FutureWarning:

Styler.applymap has been deprecated. Use Styler.map instead.

/Users/pratham/aitrade/trade_system_v2/src/trade_system/interfaces/dashboard/sector_scope_dashboard.py:1448: FutureWarning:

Styler.applymap has been deprecated. Use Styler.map instead.

2026-07-04 09:20:30.820 Please replace `use_container_width` with `width`.

`use_container_width` will be removed after 2025-12-31.

For `use_container_width=True`, use `width='stretch'`. For `use_container_width=False`, use `width='content'`.
2026-07-04 09:20:30.832 Please replace `use_container_width` with `width`.

`use_container_width` will be removed after 2025-12-31.

For `use_container_width=True`, use `width='stretch'`. For `use_container_width=False`, use `width='content'`.
2026-07-04 09:20:30.836 Please replace `use_container_width` with `width`.

`use_container_width` will be removed after 2025-12-31.

For `use_container_width=True`, use `width='stretch'`. For `use_container_width=False`, use `width='content'`.
/Users/pratham/aitrade/trade_system_v2/src/trade_system/interfaces/dashboard/sector_scope_dashboard.py:702: FutureWarning:

Styler.applymap has been deprecated. Use Styler.map instead.

2026-07-04 09:21:13.389 Please replace `use_container_width` with `width`.

`use_container_width` will be removed after 2025-12-31.

For `use_container_width=True`, use `width='stretch'`. For `use_container_width=False`, use `width='content'`.
/Users/pratham/aitrade/trade_system_v2/src/trade_system/interfaces/dashboard/sector_scope_dashboard.py:721: FutureWarning:

Styler.applymap has been deprecated. Use Styler.map instead.

2026-07-04 09:21:13.392 Please replace `use_container_width` with `width`.

`use_container_width` will be removed after 2025-12-31.

For `use_container_width=True`, use `width='stretch'`. For `use_container_width=False`, use `width='content'`.
2026-07-04 09:21:13.404 Please replace `use_container_width` with `width`.

`use_container_width` will be removed after 2025-12-31.

For `use_container_width=True`, use `width='stretch'`. For `use_container_width=False`, use `width='content'`.
2026-07-04 09:21:14.972 Please replace `use_container_width` with `width`.

`use_container_width` will be removed after 2025-12-31.

For `use_container_width=True`, use `width='stretch'`. For `use_container_width=False`, use `width='content'`.
/Users/pratham/aitrade/trade_system_v2/src/trade_system/interfaces/dashboard/sector_scope_dashboard.py:1166: FutureWarning:

Styler.applymap has been deprecated. Use Styler.map instead.

2026-07-04 09:21:15.358 Please replace `use_container_width` with `width`.

`use_container_width` will be removed after 2025-12-31.

For `use_container_width=True`, use `width='stretch'`. For `use_container_width=False`, use `width='content'`.
/Users/pratham/aitrade/trade_system_v2/src/trade_system/interfaces/dashboard/sector_scope_dashboard.py:1445: FutureWarning:

Styler.applymap has been deprecated. Use Styler.map instead.

/Users/pratham/aitrade/trade_system_v2/src/trade_system/interfaces/dashboard/sector_scope_dashboard.py:1448: FutureWarning:

Styler.applymap has been deprecated. Use Styler.map instead.

2026-07-04 09:21:25.575 Please replace `use_container_width` with `width`.

`use_container_width` will be removed after 2025-12-31.

For `use_container_width=True`, use `width='stretch'`. For `use_container_width=False`, use `width='content'`.
2026-07-04 09:21:25.586 Please replace `use_container_width` with `width`.

`use_container_width` will be removed after 2025-12-31.

For `use_container_width=True`, use `width='stretch'`. For `use_container_width=False`, use `width='content'`.
2026-07-04 09:21:25.591 Please replace `use_container_width` with `width`.

`use_container_width` will be removed after 2025-12-31.

For `use_container_width=True`, use `width='stretch'`. For `use_container_width=False`, use `width='content'`.
Fyers Rate Limit (429) hit. Retry 1/3 in 3s...
Fyers Rate Limit (429) hit. Retry 2/3 in 3s...
Fyers Rate Limit (429) hit. Retry 3/3 in 3s...
Max retries hit for 429. Returning empty quotes to prevent crash.
Fyers Rate Limit (429) hit. Retry 1/3 in 3s...
Fyers Rate Limit (429) hit. Retry 2/3 in 3s...
Fyers Rate Limit (429) hit. Retry 3/3 in 3s...
/Users/pratham/aitrade/trade_system_v2/src/trade_system/interfaces/dashboard/sector_scope_dashboard.py:702: FutureWarning:

Styler.applymap has been deprecated. Use Styler.map instead.

2026-07-04 09:22:36.516 Please replace `use_container_width` with `width`.

`use_container_width` will be removed after 2025-12-31.

For `use_container_width=True`, use `width='stretch'`. For `use_container_width=False`, use `width='content'`.
/Users/pratham/aitrade/trade_system_v2/src/trade_system/interfaces/dashboard/sector_scope_dashboard.py:721: FutureWarning:

Styler.applymap has been deprecated. Use Styler.map instead.

2026-07-04 09:22:36.519 Please replace `use_container_width` with `width`.

`use_container_width` will be removed after 2025-12-31.

For `use_container_width=True`, use `width='stretch'`. For `use_container_width=False`, use `width='content'`.
2026-07-04 09:22:36.532 Please replace `use_container_width` with `width`.

`use_container_width` will be removed after 2025-12-31.

For `use_container_width=True`, use `width='stretch'`. For `use_container_width=False`, use `width='content'`.
2026-07-04 09:22:37.912 Please replace `use_container_width` with `width`.

`use_container_width` will be removed after 2025-12-31.

For `use_container_width=True`, use `width='stretch'`. For `use_container_width=False`, use `width='content'`.
/Users/pratham/aitrade/trade_system_v2/src/trade_system/interfaces/dashboard/sector_scope_dashboard.py:1166: FutureWarning:

Styler.applymap has been deprecated. Use Styler.map instead.

2026-07-04 09:22:38.317 Please replace `use_container_width` with `width`.

`use_container_width` will be removed after 2025-12-31.

For `use_container_width=True`, use `width='stretch'`. For `use_container_width=False`, use `width='content'`.
/Users/pratham/aitrade/trade_system_v2/src/trade_system/interfaces/dashboard/sector_scope_dashboard.py:1445: FutureWarning:

Styler.applymap has been deprecated. Use Styler.map instead.

/Users/pratham/aitrade/trade_system_v2/src/trade_system/interfaces/dashboard/sector_scope_dashboard.py:1448: FutureWarning:

Styler.applymap has been deprecated. Use Styler.map instead.

2026-07-04 09:22:49.107 Please replace `use_container_width` with `width`.

`use_container_width` will be removed after 2025-12-31.

For `use_container_width=True`, use `width='stretch'`. For `use_container_width=False`, use `width='content'`.
2026-07-04 09:22:49.122 Please replace `use_container_width` with `width`.

`use_container_width` will be removed after 2025-12-31.

For `use_container_width=True`, use `width='stretch'`. For `use_container_width=False`, use `width='content'`.
2026-07-04 09:22:49.126 Please replace `use_container_width` with `width`.

`use_container_width` will be removed after 2025-12-31.

For `use_container_width=True`, use `width='stretch'`. For `use_container_width=False`, use `width='content'`.
/Users/pratham/aitrade/trade_system_v2/src/trade_system/interfaces/dashboard/sector_scope_dashboard.py:702: FutureWarning:

Styler.applymap has been deprecated. Use Styler.map instead.

2026-07-04 09:23:13.715 Please replace `use_container_width` with `width`.

`use_container_width` will be removed after 2025-12-31.

For `use_container_width=True`, use `width='stretch'`. For `use_container_width=False`, use `width='content'`.
/Users/pratham/aitrade/trade_system_v2/src/trade_system/interfaces/dashboard/sector_scope_dashboard.py:721: FutureWarning:

Styler.applymap has been deprecated. Use Styler.map instead.

2026-07-04 09:23:13.718 Please replace `use_container_width` with `width`.

`use_container_width` will be removed after 2025-12-31.

For `use_container_width=True`, use `width='stretch'`. For `use_container_width=False`, use `width='content'`.
2026-07-04 09:23:13.729 Please replace `use_container_width` with `width`.

`use_container_width` will be removed after 2025-12-31.

For `use_container_width=True`, use `width='stretch'`. For `use_container_width=False`, use `width='content'`.
2026-07-04 09:23:14.874 Please replace `use_container_width` with `width`.

`use_container_width` will be removed after 2025-12-31.

For `use_container_width=True`, use `width='stretch'`. For `use_container_width=False`, use `width='content'`.
/Users/pratham/aitrade/trade_system_v2/src/trade_system/interfaces/dashboard/sector_scope_dashboard.py:1166: FutureWarning:

Styler.applymap has been deprecated. Use Styler.map instead.

2026-07-04 09:23:15.269 Please replace `use_container_width` with `width`.

`use_container_width` will be removed after 2025-12-31.

For `use_container_width=True`, use `width='stretch'`. For `use_container_width=False`, use `width='content'`.
/Users/pratham/aitrade/trade_system_v2/src/trade_system/interfaces/dashboard/sector_scope_dashboard.py:1445: FutureWarning:

Styler.applymap has been deprecated. Use Styler.map instead.

/Users/pratham/aitrade/trade_system_v2/src/trade_system/interfaces/dashboard/sector_scope_dashboard.py:1448: FutureWarning:

Styler.applymap has been deprecated. Use Styler.map instead.

2026-07-04 09:23:25.843 Please replace `use_container_width` with `width`.

`use_container_width` will be removed after 2025-12-31.

For `use_container_width=True`, use `width='stretch'`. For `use_container_width=False`, use `width='content'`.
2026-07-04 09:23:25.855 Please replace `use_container_width` with `width`.

`use_container_width` will be removed after 2025-12-31.

For `use_container_width=True`, use `width='stretch'`. For `use_container_width=False`, use `width='content'`.
2026-07-04 09:23:25.859 Please replace `use_container_width` with `width`.

`use_container_width` will be removed after 2025-12-31.

For `use_container_width=True`, use `width='stretch'`. For `use_container_width=False`, use `width='content'`.
/Users/pratham/aitrade/trade_system_v2/src/trade_system/interfaces/dashboard/sector_scope_dashboard.py:702: FutureWarning:

Styler.applymap has been deprecated. Use Styler.map instead.

2026-07-04 09:24:17.925 Please replace `use_container_width` with `width`.

`use_container_width` will be removed after 2025-12-31.

For `use_container_width=True`, use `width='stretch'`. For `use_container_width=False`, use `width='content'`.
/Users/pratham/aitrade/trade_system_v2/src/trade_system/interfaces/dashboard/sector_scope_dashboard.py:721: FutureWarning:

Styler.applymap has been deprecated. Use Styler.map instead.

2026-07-04 09:24:17.927 Please replace `use_container_width` with `width`.

`use_container_width` will be removed after 2025-12-31.

For `use_container_width=True`, use `width='stretch'`. For `use_container_width=False`, use `width='content'`.
2026-07-04 09:24:17.938 Please replace `use_container_width` with `width`.

`use_container_width` will be removed after 2025-12-31.

For `use_container_width=True`, use `width='stretch'`. For `use_container_width=False`, use `width='content'`.
2026-07-04 09:24:19.514 Please replace `use_container_width` with `width`.

`use_container_width` will be removed after 2025-12-31.

For `use_container_width=True`, use `width='stretch'`. For `use_container_width=False`, use `width='content'`.
/Users/pratham/aitrade/trade_system_v2/src/trade_system/interfaces/dashboard/sector_scope_dashboard.py:1166: FutureWarning:

Styler.applymap has been deprecated. Use Styler.map instead.

2026-07-04 09:24:19.911 Please replace `use_container_width` with `width`.

`use_container_width` will be removed after 2025-12-31.

For `use_container_width=True`, use `width='stretch'`. For `use_container_width=False`, use `width='content'`.
/Users/pratham/aitrade/trade_system_v2/src/trade_system/interfaces/dashboard/sector_scope_dashboard.py:1445: FutureWarning:

Styler.applymap has been deprecated. Use Styler.map instead.

/Users/pratham/aitrade/trade_system_v2/src/trade_system/interfaces/dashboard/sector_scope_dashboard.py:1448: FutureWarning:

Styler.applymap has been deprecated. Use Styler.map instead.

2026-07-04 09:24:30.662 Please replace `use_container_width` with `width`.

`use_container_width` will be removed after 2025-12-31.

For `use_container_width=True`, use `width='stretch'`. For `use_container_width=False`, use `width='content'`.
2026-07-04 09:24:30.675 Please replace `use_container_width` with `width`.

`use_container_width` will be removed after 2025-12-31.

For `use_container_width=True`, use `width='stretch'`. For `use_container_width=False`, use `width='content'`.
2026-07-04 09:24:30.679 Please replace `use_container_width` with `width`.

`use_container_width` will be removed after 2025-12-31.

For `use_container_width=True`, use `width='stretch'`. For `use_container_width=False`, use `width='content'`.
/Users/pratham/aitrade/trade_system_v2/src/trade_system/interfaces/dashboard/sector_scope_dashboard.py:702: FutureWarning:

Styler.applymap has been deprecated. Use Styler.map instead.

2026-07-04 09:25:13.522 Please replace `use_container_width` with `width`.

`use_container_width` will be removed after 2025-12-31.

For `use_container_width=True`, use `width='stretch'`. For `use_container_width=False`, use `width='content'`.
/Users/pratham/aitrade/trade_system_v2/src/trade_system/interfaces/dashboard/sector_scope_dashboard.py:721: FutureWarning:

Styler.applymap has been deprecated. Use Styler.map instead.

2026-07-04 09:25:13.525 Please replace `use_container_width` with `width`.

`use_container_width` will be removed after 2025-12-31.

For `use_container_width=True`, use `width='stretch'`. For `use_container_width=False`, use `width='content'`.
2026-07-04 09:25:13.537 Please replace `use_container_width` with `width`.

`use_container_width` will be removed after 2025-12-31.

For `use_container_width=True`, use `width='stretch'`. For `use_container_width=False`, use `width='content'`.
/Users/pratham/aitrade/trade_system_v2/src/trade_system/interfaces/dashboard/sector_scope_dashboard.py:1014: RuntimeWarning:

invalid value encountered in scalar divide

2026-07-04 09:25:15.065 Please replace `use_container_width` with `width`.

`use_container_width` will be removed after 2025-12-31.

For `use_container_width=True`, use `width='stretch'`. For `use_container_width=False`, use `width='content'`.
/Users/pratham/aitrade/trade_system_v2/src/trade_system/interfaces/dashboard/sector_scope_dashboard.py:1166: FutureWarning:

Styler.applymap has been deprecated. Use Styler.map instead.

2026-07-04 09:25:15.450 Please replace `use_container_width` with `width`.

`use_container_width` will be removed after 2025-12-31.

For `use_container_width=True`, use `width='stretch'`. For `use_container_width=False`, use `width='content'`.
/Users/pratham/aitrade/trade_system_v2/src/trade_system/interfaces/dashboard/sector_scope_dashboard.py:1445: FutureWarning:

Styler.applymap has been deprecated. Use Styler.map instead.

/Users/pratham/aitrade/trade_system_v2/src/trade_system/interfaces/dashboard/sector_scope_dashboard.py:1448: FutureWarning:

Styler.applymap has been deprecated. Use Styler.map instead.

2026-07-04 09:25:26.675 Please replace `use_container_width` with `width`.

`use_container_width` will be removed after 2025-12-31.

For `use_container_width=True`, use `width='stretch'`. For `use_container_width=False`, use `width='content'`.
2026-07-04 09:25:26.689 Please replace `use_container_width` with `width`.

`use_container_width` will be removed after 2025-12-31.

For `use_container_width=True`, use `width='stretch'`. For `use_container_width=False`, use `width='content'`.
2026-07-04 09:25:26.692 Please replace `use_container_width` with `width`.

`use_container_width` will be removed after 2025-12-31.

For `use_container_width=True`, use `width='stretch'`. For `use_container_width=False`, use `width='content'`.
/Users/pratham/aitrade/trade_system_v2/src/trade_system/interfaces/dashboard/sector_scope_dashboard.py:702: FutureWarning:

Styler.applymap has been deprecated. Use Styler.map instead.

2026-07-04 09:26:18.208 Please replace `use_container_width` with `width`.

`use_container_width` will be removed after 2025-12-31.

For `use_container_width=True`, use `width='stretch'`. For `use_container_width=False`, use `width='content'`.
/Users/pratham/aitrade/trade_system_v2/src/trade_system/interfaces/dashboard/sector_scope_dashboard.py:721: FutureWarning:

Styler.applymap has been deprecated. Use Styler.map instead.

2026-07-04 09:26:18.212 Please replace `use_container_width` with `width`.

`use_container_width` will be removed after 2025-12-31.

For `use_container_width=True`, use `width='stretch'`. For `use_container_width=False`, use `width='content'`.
2026-07-04 09:26:18.223 Please replace `use_container_width` with `width`.

`use_container_width` will be removed after 2025-12-31.

For `use_container_width=True`, use `width='stretch'`. For `use_container_width=False`, use `width='content'`.
/Users/pratham/aitrade/trade_system_v2/src/trade_system/interfaces/dashboard/sector_scope_dashboard.py:1014: RuntimeWarning:

invalid value encountered in scalar divide

2026-07-04 09:26:19.700 Please replace `use_container_width` with `width`.

`use_container_width` will be removed after 2025-12-31.

For `use_container_width=True`, use `width='stretch'`. For `use_container_width=False`, use `width='content'`.
/Users/pratham/aitrade/trade_system_v2/src/trade_system/interfaces/dashboard/sector_scope_dashboard.py:1166: FutureWarning:

Styler.applymap has been deprecated. Use Styler.map instead.

2026-07-04 09:26:20.079 Please replace `use_container_width` with `width`.

`use_container_width` will be removed after 2025-12-31.

For `use_container_width=True`, use `width='stretch'`. For `use_container_width=False`, use `width='content'`.
/Users/pratham/aitrade/trade_system_v2/src/trade_system/interfaces/dashboard/sector_scope_dashboard.py:1445: FutureWarning:

Styler.applymap has been deprecated. Use Styler.map instead.

/Users/pratham/aitrade/trade_system_v2/src/trade_system/interfaces/dashboard/sector_scope_dashboard.py:1448: FutureWarning:

Styler.applymap has been deprecated. Use Styler.map instead.

2026-07-04 09:26:30.835 Please replace `use_container_width` with `width`.

`use_container_width` will be removed after 2025-12-31.

For `use_container_width=True`, use `width='stretch'`. For `use_container_width=False`, use `width='content'`.
2026-07-04 09:26:30.847 Please replace `use_container_width` with `width`.

`use_container_width` will be removed after 2025-12-31.

For `use_container_width=True`, use `width='stretch'`. For `use_container_width=False`, use `width='content'`.
2026-07-04 09:26:30.851 Please replace `use_container_width` with `width`.

`use_container_width` will be removed after 2025-12-31.

For `use_container_width=True`, use `width='stretch'`. For `use_container_width=False`, use `width='content'`.
/Users/pratham/aitrade/trade_system_v2/src/trade_system/interfaces/dashboard/sector_scope_dashboard.py:702: FutureWarning:

Styler.applymap has been deprecated. Use Styler.map instead.

2026-07-04 09:27:13.408 Please replace `use_container_width` with `width`.

`use_container_width` will be removed after 2025-12-31.

For `use_container_width=True`, use `width='stretch'`. For `use_container_width=False`, use `width='content'`.
/Users/pratham/aitrade/trade_system_v2/src/trade_system/interfaces/dashboard/sector_scope_dashboard.py:721: FutureWarning:

Styler.applymap has been deprecated. Use Styler.map instead.

2026-07-04 09:27:13.411 Please replace `use_container_width` with `width`.

`use_container_width` will be removed after 2025-12-31.

For `use_container_width=True`, use `width='stretch'`. For `use_container_width=False`, use `width='content'`.
2026-07-04 09:27:13.422 Please replace `use_container_width` with `width`.

`use_container_width` will be removed after 2025-12-31.

For `use_container_width=True`, use `width='stretch'`. For `use_container_width=False`, use `width='content'`.
/Users/pratham/aitrade/trade_system_v2/src/trade_system/interfaces/dashboard/sector_scope_dashboard.py:1014: RuntimeWarning:

invalid value encountered in scalar divide

2026-07-04 09:27:14.996 Please replace `use_container_width` with `width`.

`use_container_width` will be removed after 2025-12-31.

For `use_container_width=True`, use `width='stretch'`. For `use_container_width=False`, use `width='content'`.
/Users/pratham/aitrade/trade_system_v2/src/trade_system/interfaces/dashboard/sector_scope_dashboard.py:1166: FutureWarning:

Styler.applymap has been deprecated. Use Styler.map instead.

2026-07-04 09:27:15.390 Please replace `use_container_width` with `width`.

`use_container_width` will be removed after 2025-12-31.

For `use_container_width=True`, use `width='stretch'`. For `use_container_width=False`, use `width='content'`.
/Users/pratham/aitrade/trade_system_v2/src/trade_system/interfaces/dashboard/sector_scope_dashboard.py:1445: FutureWarning:

Styler.applymap has been deprecated. Use Styler.map instead.

/Users/pratham/aitrade/trade_system_v2/src/trade_system/interfaces/dashboard/sector_scope_dashboard.py:1448: FutureWarning:

Styler.applymap has been deprecated. Use Styler.map instead.

2026-07-04 09:27:26.133 Please replace `use_container_width` with `width`.

`use_container_width` will be removed after 2025-12-31.

For `use_container_width=True`, use `width='stretch'`. For `use_container_width=False`, use `width='content'`.
2026-07-04 09:27:26.145 Please replace `use_container_width` with `width`.

`use_container_width` will be removed after 2025-12-31.

For `use_container_width=True`, use `width='stretch'`. For `use_container_width=False`, use `width='content'`.
2026-07-04 09:27:26.148 Please replace `use_container_width` with `width`.

`use_container_width` will be removed after 2025-12-31.

For `use_container_width=True`, use `width='stretch'`. For `use_container_width=False`, use `width='content'`.
/Users/pratham/aitrade/trade_system_v2/src/trade_system/interfaces/dashboard/sector_scope_dashboard.py:702: FutureWarning:

Styler.applymap has been deprecated. Use Styler.map instead.

2026-07-04 09:28:18.030 Please replace `use_container_width` with `width`.

`use_container_width` will be removed after 2025-12-31.

For `use_container_width=True`, use `width='stretch'`. For `use_container_width=False`, use `width='content'`.
/Users/pratham/aitrade/trade_system_v2/src/trade_system/interfaces/dashboard/sector_scope_dashboard.py:721: FutureWarning:

Styler.applymap has been deprecated. Use Styler.map instead.

2026-07-04 09:28:18.033 Please replace `use_container_width` with `width`.

`use_container_width` will be removed after 2025-12-31.

For `use_container_width=True`, use `width='stretch'`. For `use_container_width=False`, use `width='content'`.
2026-07-04 09:28:18.045 Please replace `use_container_width` with `width`.

`use_container_width` will be removed after 2025-12-31.

For `use_container_width=True`, use `width='stretch'`. For `use_container_width=False`, use `width='content'`.
/Users/pratham/aitrade/trade_system_v2/src/trade_system/interfaces/dashboard/sector_scope_dashboard.py:1014: RuntimeWarning:

invalid value encountered in scalar divide

2026-07-04 09:28:19.645 Please replace `use_container_width` with `width`.

`use_container_width` will be removed after 2025-12-31.

For `use_container_width=True`, use `width='stretch'`. For `use_container_width=False`, use `width='content'`.
/Users/pratham/aitrade/trade_system_v2/src/trade_system/interfaces/dashboard/sector_scope_dashboard.py:1166: FutureWarning:

Styler.applymap has been deprecated. Use Styler.map instead.

2026-07-04 09:28:20.039 Please replace `use_container_width` with `width`.

`use_container_width` will be removed after 2025-12-31.

For `use_container_width=True`, use `width='stretch'`. For `use_container_width=False`, use `width='content'`.
/Users/pratham/aitrade/trade_system_v2/src/trade_system/interfaces/dashboard/sector_scope_dashboard.py:1445: FutureWarning:

Styler.applymap has been deprecated. Use Styler.map instead.

/Users/pratham/aitrade/trade_system_v2/src/trade_system/interfaces/dashboard/sector_scope_dashboard.py:1448: FutureWarning:

Styler.applymap has been deprecated. Use Styler.map instead.

2026-07-04 09:28:31.383 Please replace `use_container_width` with `width`.

`use_container_width` will be removed after 2025-12-31.

For `use_container_width=True`, use `width='stretch'`. For `use_container_width=False`, use `width='content'`.
2026-07-04 09:28:31.398 Please replace `use_container_width` with `width`.

`use_container_width` will be removed after 2025-12-31.

For `use_container_width=True`, use `width='stretch'`. For `use_container_width=False`, use `width='content'`.
2026-07-04 09:28:31.401 Please replace `use_container_width` with `width`.

`use_container_width` will be removed after 2025-12-31.

For `use_container_width=True`, use `width='stretch'`. For `use_container_width=False`, use `width='content'`.
/Users/pratham/aitrade/trade_system_v2/src/trade_system/interfaces/dashboard/sector_scope_dashboard.py:702: FutureWarning:

Styler.applymap has been deprecated. Use Styler.map instead.

2026-07-04 09:29:13.769 Please replace `use_container_width` with `width`.

`use_container_width` will be removed after 2025-12-31.

For `use_container_width=True`, use `width='stretch'`. For `use_container_width=False`, use `width='content'`.
/Users/pratham/aitrade/trade_system_v2/src/trade_system/interfaces/dashboard/sector_scope_dashboard.py:721: FutureWarning:

Styler.applymap has been deprecated. Use Styler.map instead.

2026-07-04 09:29:13.772 Please replace `use_container_width` with `width`.

`use_container_width` will be removed after 2025-12-31.

For `use_container_width=True`, use `width='stretch'`. For `use_container_width=False`, use `width='content'`.
2026-07-04 09:29:13.784 Please replace `use_container_width` with `width`.

`use_container_width` will be removed after 2025-12-31.

For `use_container_width=True`, use `width='stretch'`. For `use_container_width=False`, use `width='content'`.
/Users/pratham/aitrade/trade_system_v2/src/trade_system/interfaces/dashboard/sector_scope_dashboard.py:1014: RuntimeWarning:

invalid value encountered in scalar divide

2026-07-04 09:29:15.279 Please replace `use_container_width` with `width`.

`use_container_width` will be removed after 2025-12-31.

For `use_container_width=True`, use `width='stretch'`. For `use_container_width=False`, use `width='content'`.
/Users/pratham/aitrade/trade_system_v2/src/trade_system/interfaces/dashboard/sector_scope_dashboard.py:1166: FutureWarning:

Styler.applymap has been deprecated. Use Styler.map instead.

2026-07-04 09:29:15.699 Please replace `use_container_width` with `width`.

`use_container_width` will be removed after 2025-12-31.

For `use_container_width=True`, use `width='stretch'`. For `use_container_width=False`, use `width='content'`.
/Users/pratham/aitrade/trade_system_v2/src/trade_system/interfaces/dashboard/sector_scope_dashboard.py:1445: FutureWarning:

Styler.applymap has been deprecated. Use Styler.map instead.

/Users/pratham/aitrade/trade_system_v2/src/trade_system/interfaces/dashboard/sector_scope_dashboard.py:1448: FutureWarning:

Styler.applymap has been deprecated. Use Styler.map instead.

2026-07-04 09:29:26.705 Please replace `use_container_width` with `width`.

`use_container_width` will be removed after 2025-12-31.

For `use_container_width=True`, use `width='stretch'`. For `use_container_width=False`, use `width='content'`.
2026-07-04 09:29:26.717 Please replace `use_container_width` with `width`.

`use_container_width` will be removed after 2025-12-31.

For `use_container_width=True`, use `width='stretch'`. For `use_container_width=False`, use `width='content'`.
2026-07-04 09:29:26.721 Please replace `use_container_width` with `width`.

`use_container_width` will be removed after 2025-12-31.

For `use_container_width=True`, use `width='stretch'`. For `use_container_width=False`, use `width='content'`.
/Users/pratham/aitrade/trade_system_v2/src/trade_system/interfaces/dashboard/sector_scope_dashboard.py:702: FutureWarning:

Styler.applymap has been deprecated. Use Styler.map instead.

2026-07-04 09:30:17.947 Please replace `use_container_width` with `width`.

`use_container_width` will be removed after 2025-12-31.

For `use_container_width=True`, use `width='stretch'`. For `use_container_width=False`, use `width='content'`.
/Users/pratham/aitrade/trade_system_v2/src/trade_system/interfaces/dashboard/sector_scope_dashboard.py:721: FutureWarning:

Styler.applymap has been deprecated. Use Styler.map instead.

2026-07-04 09:30:17.950 Please replace `use_container_width` with `width`.

`use_container_width` will be removed after 2025-12-31.

For `use_container_width=True`, use `width='stretch'`. For `use_container_width=False`, use `width='content'`.
2026-07-04 09:30:17.962 Please replace `use_container_width` with `width`.

`use_container_width` will be removed after 2025-12-31.

For `use_container_width=True`, use `width='stretch'`. For `use_container_width=False`, use `width='content'`.
/Users/pratham/aitrade/trade_system_v2/src/trade_system/interfaces/dashboard/sector_scope_dashboard.py:1014: RuntimeWarning:

invalid value encountered in scalar divide

2026-07-04 09:30:19.586 Please replace `use_container_width` with `width`.

`use_container_width` will be removed after 2025-12-31.

For `use_container_width=True`, use `width='stretch'`. For `use_container_width=False`, use `width='content'`.
/Users/pratham/aitrade/trade_system_v2/src/trade_system/interfaces/dashboard/sector_scope_dashboard.py:1166: FutureWarning:

Styler.applymap has been deprecated. Use Styler.map instead.

2026-07-04 09:30:20.013 Please replace `use_container_width` with `width`.

`use_container_width` will be removed after 2025-12-31.

For `use_container_width=True`, use `width='stretch'`. For `use_container_width=False`, use `width='content'`.
/Users/pratham/aitrade/trade_system_v2/src/trade_system/interfaces/dashboard/sector_scope_dashboard.py:1445: FutureWarning:

Styler.applymap has been deprecated. Use Styler.map instead.

/Users/pratham/aitrade/trade_system_v2/src/trade_system/interfaces/dashboard/sector_scope_dashboard.py:1448: FutureWarning:

Styler.applymap has been deprecated. Use Styler.map instead.

2026-07-04 09:30:30.725 Please replace `use_container_width` with `width`.

`use_container_width` will be removed after 2025-12-31.

For `use_container_width=True`, use `width='stretch'`. For `use_container_width=False`, use `width='content'`.
2026-07-04 09:30:30.737 Please replace `use_container_width` with `width`.

`use_container_width` will be removed after 2025-12-31.

For `use_container_width=True`, use `width='stretch'`. For `use_container_width=False`, use `width='content'`.
2026-07-04 09:30:30.742 Please replace `use_container_width` with `width`.

`use_container_width` will be removed after 2025-12-31.

For `use_container_width=True`, use `width='stretch'`. For `use_container_width=False`, use `width='content'`.
/Users/pratham/aitrade/trade_system_v2/src/trade_system/interfaces/dashboard/sector_scope_dashboard.py:702: FutureWarning:

Styler.applymap has been deprecated. Use Styler.map instead.

2026-07-04 09:31:13.512 Please replace `use_container_width` with `width`.

`use_container_width` will be removed after 2025-12-31.

For `use_container_width=True`, use `width='stretch'`. For `use_container_width=False`, use `width='content'`.
/Users/pratham/aitrade/trade_system_v2/src/trade_system/interfaces/dashboard/sector_scope_dashboard.py:721: FutureWarning:

Styler.applymap has been deprecated. Use Styler.map instead.

2026-07-04 09:31:13.515 Please replace `use_container_width` with `width`.

`use_container_width` will be removed after 2025-12-31.

For `use_container_width=True`, use `width='stretch'`. For `use_container_width=False`, use `width='content'`.
2026-07-04 09:31:13.526 Please replace `use_container_width` with `width`.

`use_container_width` will be removed after 2025-12-31.

For `use_container_width=True`, use `width='stretch'`. For `use_container_width=False`, use `width='content'`.
/Users/pratham/aitrade/trade_system_v2/src/trade_system/interfaces/dashboard/sector_scope_dashboard.py:1014: RuntimeWarning:

invalid value encountered in scalar divide

2026-07-04 09:31:15.122 Please replace `use_container_width` with `width`.

`use_container_width` will be removed after 2025-12-31.

For `use_container_width=True`, use `width='stretch'`. For `use_container_width=False`, use `width='content'`.
/Users/pratham/aitrade/trade_system_v2/src/trade_system/interfaces/dashboard/sector_scope_dashboard.py:1166: FutureWarning:

Styler.applymap has been deprecated. Use Styler.map instead.

2026-07-04 09:31:15.508 Please replace `use_container_width` with `width`.

`use_container_width` will be removed after 2025-12-31.

For `use_container_width=True`, use `width='stretch'`. For `use_container_width=False`, use `width='content'`.
/Users/pratham/aitrade/trade_system_v2/src/trade_system/interfaces/dashboard/sector_scope_dashboard.py:1445: FutureWarning:

Styler.applymap has been deprecated. Use Styler.map instead.

/Users/pratham/aitrade/trade_system_v2/src/trade_system/interfaces/dashboard/sector_scope_dashboard.py:1448: FutureWarning:

Styler.applymap has been deprecated. Use Styler.map instead.

2026-07-04 09:31:26.258 Please replace `use_container_width` with `width`.

`use_container_width` will be removed after 2025-12-31.

For `use_container_width=True`, use `width='stretch'`. For `use_container_width=False`, use `width='content'`.
2026-07-04 09:31:26.270 Please replace `use_container_width` with `width`.

`use_container_width` will be removed after 2025-12-31.

For `use_container_width=True`, use `width='stretch'`. For `use_container_width=False`, use `width='content'`.
2026-07-04 09:31:26.275 Please replace `use_container_width` with `width`.

`use_container_width` will be removed after 2025-12-31.

For `use_container_width=True`, use `width='stretch'`. For `use_container_width=False`, use `width='content'`.
/Users/pratham/aitrade/trade_system_v2/src/trade_system/interfaces/dashboard/sector_scope_dashboard.py:702: FutureWarning:

Styler.applymap has been deprecated. Use Styler.map instead.

2026-07-04 09:32:18.246 Please replace `use_container_width` with `width`.

`use_container_width` will be removed after 2025-12-31.

For `use_container_width=True`, use `width='stretch'`. For `use_container_width=False`, use `width='content'`.
/Users/pratham/aitrade/trade_system_v2/src/trade_system/interfaces/dashboard/sector_scope_dashboard.py:721: FutureWarning:

Styler.applymap has been deprecated. Use Styler.map instead.

2026-07-04 09:32:18.248 Please replace `use_container_width` with `width`.

`use_container_width` will be removed after 2025-12-31.

For `use_container_width=True`, use `width='stretch'`. For `use_container_width=False`, use `width='content'`.
2026-07-04 09:32:18.260 Please replace `use_container_width` with `width`.

`use_container_width` will be removed after 2025-12-31.

For `use_container_width=True`, use `width='stretch'`. For `use_container_width=False`, use `width='content'`.
/Users/pratham/aitrade/trade_system_v2/src/trade_system/interfaces/dashboard/sector_scope_dashboard.py:1014: RuntimeWarning:

invalid value encountered in scalar divide

2026-07-04 09:32:19.646 Please replace `use_container_width` with `width`.

`use_container_width` will be removed after 2025-12-31.

For `use_container_width=True`, use `width='stretch'`. For `use_container_width=False`, use `width='content'`.
/Users/pratham/aitrade/trade_system_v2/src/trade_system/interfaces/dashboard/sector_scope_dashboard.py:1166: FutureWarning:

Styler.applymap has been deprecated. Use Styler.map instead.

2026-07-04 09:32:20.025 Please replace `use_container_width` with `width`.

`use_container_width` will be removed after 2025-12-31.

For `use_container_width=True`, use `width='stretch'`. For `use_container_width=False`, use `width='content'`.
/Users/pratham/aitrade/trade_system_v2/src/trade_system/interfaces/dashboard/sector_scope_dashboard.py:1445: FutureWarning:

Styler.applymap has been deprecated. Use Styler.map instead.

/Users/pratham/aitrade/trade_system_v2/src/trade_system/interfaces/dashboard/sector_scope_dashboard.py:1448: FutureWarning:

Styler.applymap has been deprecated. Use Styler.map instead.

2026-07-04 09:32:30.803 Please replace `use_container_width` with `width`.

`use_container_width` will be removed after 2025-12-31.

For `use_container_width=True`, use `width='stretch'`. For `use_container_width=False`, use `width='content'`.
2026-07-04 09:32:30.816 Please replace `use_container_width` with `width`.

`use_container_width` will be removed after 2025-12-31.

For `use_container_width=True`, use `width='stretch'`. For `use_container_width=False`, use `width='content'`.
2026-07-04 09:32:30.820 Please replace `use_container_width` with `width`.

`use_container_width` will be removed after 2025-12-31.

For `use_container_width=True`, use `width='stretch'`. For `use_container_width=False`, use `width='content'`.
/Users/pratham/aitrade/trade_system_v2/src/trade_system/interfaces/dashboard/sector_scope_dashboard.py:702: FutureWarning:

Styler.applymap has been deprecated. Use Styler.map instead.

2026-07-04 09:33:13.405 Please replace `use_container_width` with `width`.

`use_container_width` will be removed after 2025-12-31.

For `use_container_width=True`, use `width='stretch'`. For `use_container_width=False`, use `width='content'`.
/Users/pratham/aitrade/trade_system_v2/src/trade_system/interfaces/dashboard/sector_scope_dashboard.py:721: FutureWarning:

Styler.applymap has been deprecated. Use Styler.map instead.

2026-07-04 09:33:13.408 Please replace `use_container_width` with `width`.

`use_container_width` will be removed after 2025-12-31.

For `use_container_width=True`, use `width='stretch'`. For `use_container_width=False`, use `width='content'`.
2026-07-04 09:33:13.419 Please replace `use_container_width` with `width`.

`use_container_width` will be removed after 2025-12-31.

For `use_container_width=True`, use `width='stretch'`. For `use_container_width=False`, use `width='content'`.
/Users/pratham/aitrade/trade_system_v2/src/trade_system/interfaces/dashboard/sector_scope_dashboard.py:1014: RuntimeWarning:

invalid value encountered in scalar divide

2026-07-04 09:33:14.975 Please replace `use_container_width` with `width`.

`use_container_width` will be removed after 2025-12-31.

For `use_container_width=True`, use `width='stretch'`. For `use_container_width=False`, use `width='content'`.
/Users/pratham/aitrade/trade_system_v2/src/trade_system/interfaces/dashboard/sector_scope_dashboard.py:1166: FutureWarning:

Styler.applymap has been deprecated. Use Styler.map instead.

2026-07-04 09:33:15.367 Please replace `use_container_width` with `width`.

`use_container_width` will be removed after 2025-12-31.

For `use_container_width=True`, use `width='stretch'`. For `use_container_width=False`, use `width='content'`.
/Users/pratham/aitrade/trade_system_v2/src/trade_system/interfaces/dashboard/sector_scope_dashboard.py:1445: FutureWarning:

Styler.applymap has been deprecated. Use Styler.map instead.

/Users/pratham/aitrade/trade_system_v2/src/trade_system/interfaces/dashboard/sector_scope_dashboard.py:1448: FutureWarning:

Styler.applymap has been deprecated. Use Styler.map instead.

2026-07-04 09:33:26.486 Please replace `use_container_width` with `width`.

`use_container_width` will be removed after 2025-12-31.

For `use_container_width=True`, use `width='stretch'`. For `use_container_width=False`, use `width='content'`.
2026-07-04 09:33:26.498 Please replace `use_container_width` with `width`.

`use_container_width` will be removed after 2025-12-31.

For `use_container_width=True`, use `width='stretch'`. For `use_container_width=False`, use `width='content'`.
2026-07-04 09:33:26.502 Please replace `use_container_width` with `width`.

`use_container_width` will be removed after 2025-12-31.

For `use_container_width=True`, use `width='stretch'`. For `use_container_width=False`, use `width='content'`.
/Users/pratham/aitrade/trade_system_v2/src/trade_system/interfaces/dashboard/sector_scope_dashboard.py:702: FutureWarning:

Styler.applymap has been deprecated. Use Styler.map instead.

2026-07-04 09:34:18.051 Please replace `use_container_width` with `width`.

`use_container_width` will be removed after 2025-12-31.

For `use_container_width=True`, use `width='stretch'`. For `use_container_width=False`, use `width='content'`.
/Users/pratham/aitrade/trade_system_v2/src/trade_system/interfaces/dashboard/sector_scope_dashboard.py:721: FutureWarning:

Styler.applymap has been deprecated. Use Styler.map instead.

2026-07-04 09:34:18.054 Please replace `use_container_width` with `width`.

`use_container_width` will be removed after 2025-12-31.

For `use_container_width=True`, use `width='stretch'`. For `use_container_width=False`, use `width='content'`.
2026-07-04 09:34:18.069 Please replace `use_container_width` with `width`.

`use_container_width` will be removed after 2025-12-31.

For `use_container_width=True`, use `width='stretch'`. For `use_container_width=False`, use `width='content'`.
/Users/pratham/aitrade/trade_system_v2/src/trade_system/interfaces/dashboard/sector_scope_dashboard.py:1014: RuntimeWarning:

invalid value encountered in scalar divide

2026-07-04 09:34:19.690 Please replace `use_container_width` with `width`.

`use_container_width` will be removed after 2025-12-31.

For `use_container_width=True`, use `width='stretch'`. For `use_container_width=False`, use `width='content'`.
/Users/pratham/aitrade/trade_system_v2/src/trade_system/interfaces/dashboard/sector_scope_dashboard.py:1166: FutureWarning:

Styler.applymap has been deprecated. Use Styler.map instead.

2026-07-04 09:34:20.100 Please replace `use_container_width` with `width`.

`use_container_width` will be removed after 2025-12-31.

For `use_container_width=True`, use `width='stretch'`. For `use_container_width=False`, use `width='content'`.
/Users/pratham/aitrade/trade_system_v2/src/trade_system/interfaces/dashboard/sector_scope_dashboard.py:1445: FutureWarning:

Styler.applymap has been deprecated. Use Styler.map instead.

/Users/pratham/aitrade/trade_system_v2/src/trade_system/interfaces/dashboard/sector_scope_dashboard.py:1448: FutureWarning:

Styler.applymap has been deprecated. Use Styler.map instead.

2026-07-04 09:34:31.495 Please replace `use_container_width` with `width`.

`use_container_width` will be removed after 2025-12-31.

For `use_container_width=True`, use `width='stretch'`. For `use_container_width=False`, use `width='content'`.
2026-07-04 09:34:31.507 Please replace `use_container_width` with `width`.

`use_container_width` will be removed after 2025-12-31.

For `use_container_width=True`, use `width='stretch'`. For `use_container_width=False`, use `width='content'`.
2026-07-04 09:34:31.511 Please replace `use_container_width` with `width`.

`use_container_width` will be removed after 2025-12-31.

For `use_container_width=True`, use `width='stretch'`. For `use_container_width=False`, use `width='content'`.
/Users/pratham/aitrade/trade_system_v2/src/trade_system/interfaces/dashboard/sector_scope_dashboard.py:702: FutureWarning:

Styler.applymap has been deprecated. Use Styler.map instead.

2026-07-04 09:35:13.602 Please replace `use_container_width` with `width`.

`use_container_width` will be removed after 2025-12-31.

For `use_container_width=True`, use `width='stretch'`. For `use_container_width=False`, use `width='content'`.
/Users/pratham/aitrade/trade_system_v2/src/trade_system/interfaces/dashboard/sector_scope_dashboard.py:721: FutureWarning:

Styler.applymap has been deprecated. Use Styler.map instead.

2026-07-04 09:35:13.605 Please replace `use_container_width` with `width`.

`use_container_width` will be removed after 2025-12-31.

For `use_container_width=True`, use `width='stretch'`. For `use_container_width=False`, use `width='content'`.
2026-07-04 09:35:13.615 Please replace `use_container_width` with `width`.

`use_container_width` will be removed after 2025-12-31.

For `use_container_width=True`, use `width='stretch'`. For `use_container_width=False`, use `width='content'`.
/Users/pratham/aitrade/trade_system_v2/src/trade_system/interfaces/dashboard/sector_scope_dashboard.py:1014: RuntimeWarning:

invalid value encountered in scalar divide

2026-07-04 09:35:15.087 Please replace `use_container_width` with `width`.

`use_container_width` will be removed after 2025-12-31.

For `use_container_width=True`, use `width='stretch'`. For `use_container_width=False`, use `width='content'`.
/Users/pratham/aitrade/trade_system_v2/src/trade_system/interfaces/dashboard/sector_scope_dashboard.py:1166: FutureWarning:

Styler.applymap has been deprecated. Use Styler.map instead.

2026-07-04 09:35:15.497 Please replace `use_container_width` with `width`.

`use_container_width` will be removed after 2025-12-31.

For `use_container_width=True`, use `width='stretch'`. For `use_container_width=False`, use `width='content'`.
/Users/pratham/aitrade/trade_system_v2/src/trade_system/interfaces/dashboard/sector_scope_dashboard.py:1445: FutureWarning:

Styler.applymap has been deprecated. Use Styler.map instead.

/Users/pratham/aitrade/trade_system_v2/src/trade_system/interfaces/dashboard/sector_scope_dashboard.py:1448: FutureWarning:

Styler.applymap has been deprecated. Use Styler.map instead.

2026-07-04 09:35:26.848 Please replace `use_container_width` with `width`.

`use_container_width` will be removed after 2025-12-31.

For `use_container_width=True`, use `width='stretch'`. For `use_container_width=False`, use `width='content'`.
2026-07-04 09:35:26.860 Please replace `use_container_width` with `width`.

`use_container_width` will be removed after 2025-12-31.

For `use_container_width=True`, use `width='stretch'`. For `use_container_width=False`, use `width='content'`.
2026-07-04 09:35:26.864 Please replace `use_container_width` with `width`.

`use_container_width` will be removed after 2025-12-31.

For `use_container_width=True`, use `width='stretch'`. For `use_container_width=False`, use `width='content'`.
Fyers Rate Limit (429) hit. Retry 1/3 in 3s...
Fyers Rate Limit (429) hit. Retry 2/3 in 3s...
Fyers Rate Limit (429) hit. Retry 3/3 in 3s...
/Users/pratham/aitrade/trade_system_v2/src/trade_system/interfaces/dashboard/sector_scope_dashboard.py:702: FutureWarning:

Styler.applymap has been deprecated. Use Styler.map instead.

2026-07-04 09:36:27.289 Please replace `use_container_width` with `width`.

`use_container_width` will be removed after 2025-12-31.

For `use_container_width=True`, use `width='stretch'`. For `use_container_width=False`, use `width='content'`.
/Users/pratham/aitrade/trade_system_v2/src/trade_system/interfaces/dashboard/sector_scope_dashboard.py:721: FutureWarning:

Styler.applymap has been deprecated. Use Styler.map instead.

2026-07-04 09:36:27.293 Please replace `use_container_width` with `width`.

`use_container_width` will be removed after 2025-12-31.

For `use_container_width=True`, use `width='stretch'`. For `use_container_width=False`, use `width='content'`.
2026-07-04 09:36:27.320 Please replace `use_container_width` with `width`.

`use_container_width` will be removed after 2025-12-31.

For `use_container_width=True`, use `width='stretch'`. For `use_container_width=False`, use `width='content'`.
/Users/pratham/aitrade/trade_system_v2/src/trade_system/interfaces/dashboard/sector_scope_dashboard.py:1014: RuntimeWarning:

invalid value encountered in scalar divide

2026-07-04 09:36:29.009 Please replace `use_container_width` with `width`.

`use_container_width` will be removed after 2025-12-31.

For `use_container_width=True`, use `width='stretch'`. For `use_container_width=False`, use `width='content'`.
/Users/pratham/aitrade/trade_system_v2/src/trade_system/interfaces/dashboard/sector_scope_dashboard.py:1166: FutureWarning:

Styler.applymap has been deprecated. Use Styler.map instead.

2026-07-04 09:36:29.410 Please replace `use_container_width` with `width`.

`use_container_width` will be removed after 2025-12-31.

For `use_container_width=True`, use `width='stretch'`. For `use_container_width=False`, use `width='content'`.
/Users/pratham/aitrade/trade_system_v2/src/trade_system/interfaces/dashboard/sector_scope_dashboard.py:1445: FutureWarning:

Styler.applymap has been deprecated. Use Styler.map instead.

/Users/pratham/aitrade/trade_system_v2/src/trade_system/interfaces/dashboard/sector_scope_dashboard.py:1448: FutureWarning:

Styler.applymap has been deprecated. Use Styler.map instead.

2026-07-04 09:36:40.849 Please replace `use_container_width` with `width`.

`use_container_width` will be removed after 2025-12-31.

For `use_container_width=True`, use `width='stretch'`. For `use_container_width=False`, use `width='content'`.
2026-07-04 09:36:40.862 Please replace `use_container_width` with `width`.

`use_container_width` will be removed after 2025-12-31.

For `use_container_width=True`, use `width='stretch'`. For `use_container_width=False`, use `width='content'`.
2026-07-04 09:36:40.866 Please replace `use_container_width` with `width`.

`use_container_width` will be removed after 2025-12-31.

For `use_container_width=True`, use `width='stretch'`. For `use_container_width=False`, use `width='content'`.
/Users/pratham/aitrade/trade_system_v2/src/trade_system/interfaces/dashboard/sector_scope_dashboard.py:702: FutureWarning:

Styler.applymap has been deprecated. Use Styler.map instead.

2026-07-04 09:37:13.415 Please replace `use_container_width` with `width`.

`use_container_width` will be removed after 2025-12-31.

For `use_container_width=True`, use `width='stretch'`. For `use_container_width=False`, use `width='content'`.
/Users/pratham/aitrade/trade_system_v2/src/trade_system/interfaces/dashboard/sector_scope_dashboard.py:721: FutureWarning:

Styler.applymap has been deprecated. Use Styler.map instead.

2026-07-04 09:37:13.418 Please replace `use_container_width` with `width`.

`use_container_width` will be removed after 2025-12-31.

For `use_container_width=True`, use `width='stretch'`. For `use_container_width=False`, use `width='content'`.
2026-07-04 09:37:13.429 Please replace `use_container_width` with `width`.

`use_container_width` will be removed after 2025-12-31.

For `use_container_width=True`, use `width='stretch'`. For `use_container_width=False`, use `width='content'`.
/Users/pratham/aitrade/trade_system_v2/src/trade_system/interfaces/dashboard/sector_scope_dashboard.py:1014: RuntimeWarning:

invalid value encountered in scalar divide

2026-07-04 09:37:14.967 Please replace `use_container_width` with `width`.

`use_container_width` will be removed after 2025-12-31.

For `use_container_width=True`, use `width='stretch'`. For `use_container_width=False`, use `width='content'`.
/Users/pratham/aitrade/trade_system_v2/src/trade_system/interfaces/dashboard/sector_scope_dashboard.py:1166: FutureWarning:

Styler.applymap has been deprecated. Use Styler.map instead.

2026-07-04 09:37:15.368 Please replace `use_container_width` with `width`.

`use_container_width` will be removed after 2025-12-31.

For `use_container_width=True`, use `width='stretch'`. For `use_container_width=False`, use `width='content'`.
/Users/pratham/aitrade/trade_system_v2/src/trade_system/interfaces/dashboard/sector_scope_dashboard.py:1445: FutureWarning:

Styler.applymap has been deprecated. Use Styler.map instead.

/Users/pratham/aitrade/trade_system_v2/src/trade_system/interfaces/dashboard/sector_scope_dashboard.py:1448: FutureWarning:

Styler.applymap has been deprecated. Use Styler.map instead.

2026-07-04 09:37:26.128 Please replace `use_container_width` with `width`.

`use_container_width` will be removed after 2025-12-31.

For `use_container_width=True`, use `width='stretch'`. For `use_container_width=False`, use `width='content'`.
2026-07-04 09:37:26.141 Please replace `use_container_width` with `width`.

`use_container_width` will be removed after 2025-12-31.

For `use_container_width=True`, use `width='stretch'`. For `use_container_width=False`, use `width='content'`.
2026-07-04 09:37:26.145 Please replace `use_container_width` with `width`.

`use_container_width` will be removed after 2025-12-31.

For `use_container_width=True`, use `width='stretch'`. For `use_container_width=False`, use `width='content'`.
/Users/pratham/aitrade/trade_system_v2/src/trade_system/interfaces/dashboard/sector_scope_dashboard.py:702: FutureWarning:

Styler.applymap has been deprecated. Use Styler.map instead.

2026-07-04 09:38:18.058 Please replace `use_container_width` with `width`.

`use_container_width` will be removed after 2025-12-31.

For `use_container_width=True`, use `width='stretch'`. For `use_container_width=False`, use `width='content'`.
/Users/pratham/aitrade/trade_system_v2/src/trade_system/interfaces/dashboard/sector_scope_dashboard.py:721: FutureWarning:

Styler.applymap has been deprecated. Use Styler.map instead.

2026-07-04 09:38:18.061 Please replace `use_container_width` with `width`.

`use_container_width` will be removed after 2025-12-31.

For `use_container_width=True`, use `width='stretch'`. For `use_container_width=False`, use `width='content'`.
2026-07-04 09:38:18.072 Please replace `use_container_width` with `width`.

`use_container_width` will be removed after 2025-12-31.

For `use_container_width=True`, use `width='stretch'`. For `use_container_width=False`, use `width='content'`.
/Users/pratham/aitrade/trade_system_v2/src/trade_system/interfaces/dashboard/sector_scope_dashboard.py:1014: RuntimeWarning:

invalid value encountered in scalar divide

2026-07-04 09:38:19.660 Please replace `use_container_width` with `width`.

`use_container_width` will be removed after 2025-12-31.

For `use_container_width=True`, use `width='stretch'`. For `use_container_width=False`, use `width='content'`.
/Users/pratham/aitrade/trade_system_v2/src/trade_system/interfaces/dashboard/sector_scope_dashboard.py:1166: FutureWarning:

Styler.applymap has been deprecated. Use Styler.map instead.

2026-07-04 09:38:20.057 Please replace `use_container_width` with `width`.

`use_container_width` will be removed after 2025-12-31.

For `use_container_width=True`, use `width='stretch'`. For `use_container_width=False`, use `width='content'`.
/Users/pratham/aitrade/trade_system_v2/src/trade_system/interfaces/dashboard/sector_scope_dashboard.py:1445: FutureWarning:

Styler.applymap has been deprecated. Use Styler.map instead.

/Users/pratham/aitrade/trade_system_v2/src/trade_system/interfaces/dashboard/sector_scope_dashboard.py:1448: FutureWarning:

Styler.applymap has been deprecated. Use Styler.map instead.

2026-07-04 09:38:31.429 Please replace `use_container_width` with `width`.

`use_container_width` will be removed after 2025-12-31.

For `use_container_width=True`, use `width='stretch'`. For `use_container_width=False`, use `width='content'`.
2026-07-04 09:38:31.441 Please replace `use_container_width` with `width`.

`use_container_width` will be removed after 2025-12-31.

For `use_container_width=True`, use `width='stretch'`. For `use_container_width=False`, use `width='content'`.
2026-07-04 09:38:31.446 Please replace `use_container_width` with `width`.

`use_container_width` will be removed after 2025-12-31.

For `use_container_width=True`, use `width='stretch'`. For `use_container_width=False`, use `width='content'`.
/Users/pratham/aitrade/trade_system_v2/src/trade_system/interfaces/dashboard/sector_scope_dashboard.py:702: FutureWarning:

Styler.applymap has been deprecated. Use Styler.map instead.

2026-07-04 09:39:13.441 Please replace `use_container_width` with `width`.

`use_container_width` will be removed after 2025-12-31.

For `use_container_width=True`, use `width='stretch'`. For `use_container_width=False`, use `width='content'`.
/Users/pratham/aitrade/trade_system_v2/src/trade_system/interfaces/dashboard/sector_scope_dashboard.py:721: FutureWarning:

Styler.applymap has been deprecated. Use Styler.map instead.

2026-07-04 09:39:13.444 Please replace `use_container_width` with `width`.

`use_container_width` will be removed after 2025-12-31.

For `use_container_width=True`, use `width='stretch'`. For `use_container_width=False`, use `width='content'`.
2026-07-04 09:39:13.457 Please replace `use_container_width` with `width`.

`use_container_width` will be removed after 2025-12-31.

For `use_container_width=True`, use `width='stretch'`. For `use_container_width=False`, use `width='content'`.
/Users/pratham/aitrade/trade_system_v2/src/trade_system/interfaces/dashboard/sector_scope_dashboard.py:1014: RuntimeWarning:

invalid value encountered in scalar divide

2026-07-04 09:39:15.088 Please replace `use_container_width` with `width`.

`use_container_width` will be removed after 2025-12-31.

For `use_container_width=True`, use `width='stretch'`. For `use_container_width=False`, use `width='content'`.
/Users/pratham/aitrade/trade_system_v2/src/trade_system/interfaces/dashboard/sector_scope_dashboard.py:1166: FutureWarning:

Styler.applymap has been deprecated. Use Styler.map instead.

2026-07-04 09:39:15.557 Please replace `use_container_width` with `width`.

`use_container_width` will be removed after 2025-12-31.

For `use_container_width=True`, use `width='stretch'`. For `use_container_width=False`, use `width='content'`.
/Users/pratham/aitrade/trade_system_v2/src/trade_system/interfaces/dashboard/sector_scope_dashboard.py:1445: FutureWarning:

Styler.applymap has been deprecated. Use Styler.map instead.

/Users/pratham/aitrade/trade_system_v2/src/trade_system/interfaces/dashboard/sector_scope_dashboard.py:1448: FutureWarning:

Styler.applymap has been deprecated. Use Styler.map instead.

2026-07-04 09:39:26.725 Please replace `use_container_width` with `width`.

`use_container_width` will be removed after 2025-12-31.

For `use_container_width=True`, use `width='stretch'`. For `use_container_width=False`, use `width='content'`.
2026-07-04 09:39:26.738 Please replace `use_container_width` with `width`.

`use_container_width` will be removed after 2025-12-31.

For `use_container_width=True`, use `width='stretch'`. For `use_container_width=False`, use `width='content'`.
2026-07-04 09:39:26.742 Please replace `use_container_width` with `width`.

`use_container_width` will be removed after 2025-12-31.

For `use_container_width=True`, use `width='stretch'`. For `use_container_width=False`, use `width='content'`.
/Users/pratham/aitrade/trade_system_v2/src/trade_system/interfaces/dashboard/sector_scope_dashboard.py:702: FutureWarning:

Styler.applymap has been deprecated. Use Styler.map instead.

2026-07-04 09:40:18.037 Please replace `use_container_width` with `width`.

`use_container_width` will be removed after 2025-12-31.

For `use_container_width=True`, use `width='stretch'`. For `use_container_width=False`, use `width='content'`.
/Users/pratham/aitrade/trade_system_v2/src/trade_system/interfaces/dashboard/sector_scope_dashboard.py:721: FutureWarning:

Styler.applymap has been deprecated. Use Styler.map instead.

2026-07-04 09:40:18.040 Please replace `use_container_width` with `width`.

`use_container_width` will be removed after 2025-12-31.

For `use_container_width=True`, use `width='stretch'`. For `use_container_width=False`, use `width='content'`.
2026-07-04 09:40:18.050 Please replace `use_container_width` with `width`.

`use_container_width` will be removed after 2025-12-31.

For `use_container_width=True`, use `width='stretch'`. For `use_container_width=False`, use `width='content'`.
/Users/pratham/aitrade/trade_system_v2/src/trade_system/interfaces/dashboard/sector_scope_dashboard.py:1014: RuntimeWarning:

invalid value encountered in scalar divide

2026-07-04 09:40:19.672 Please replace `use_container_width` with `width`.

`use_container_width` will be removed after 2025-12-31.

For `use_container_width=True`, use `width='stretch'`. For `use_container_width=False`, use `width='content'`.
/Users/pratham/aitrade/trade_system_v2/src/trade_system/interfaces/dashboard/sector_scope_dashboard.py:1166: FutureWarning:

Styler.applymap has been deprecated. Use Styler.map instead.

2026-07-04 09:40:20.112 Please replace `use_container_width` with `width`.

`use_container_width` will be removed after 2025-12-31.

For `use_container_width=True`, use `width='stretch'`. For `use_container_width=False`, use `width='content'`.
/Users/pratham/aitrade/trade_system_v2/src/trade_system/interfaces/dashboard/sector_scope_dashboard.py:1445: FutureWarning:

Styler.applymap has been deprecated. Use Styler.map instead.

/Users/pratham/aitrade/trade_system_v2/src/trade_system/interfaces/dashboard/sector_scope_dashboard.py:1448: FutureWarning:

Styler.applymap has been deprecated. Use Styler.map instead.

2026-07-04 09:40:31.258 Please replace `use_container_width` with `width`.

`use_container_width` will be removed after 2025-12-31.

For `use_container_width=True`, use `width='stretch'`. For `use_container_width=False`, use `width='content'`.
2026-07-04 09:40:31.272 Please replace `use_container_width` with `width`.

`use_container_width` will be removed after 2025-12-31.

For `use_container_width=True`, use `width='stretch'`. For `use_container_width=False`, use `width='content'`.
2026-07-04 09:40:31.276 Please replace `use_container_width` with `width`.

`use_container_width` will be removed after 2025-12-31.

For `use_container_width=True`, use `width='stretch'`. For `use_container_width=False`, use `width='content'`.
/Users/pratham/aitrade/trade_system_v2/src/trade_system/interfaces/dashboard/sector_scope_dashboard.py:702: FutureWarning:

Styler.applymap has been deprecated. Use Styler.map instead.

2026-07-04 09:40:57.839 Please replace `use_container_width` with `width`.

`use_container_width` will be removed after 2025-12-31.

For `use_container_width=True`, use `width='stretch'`. For `use_container_width=False`, use `width='content'`.
/Users/pratham/aitrade/trade_system_v2/src/trade_system/interfaces/dashboard/sector_scope_dashboard.py:721: FutureWarning:

Styler.applymap has been deprecated. Use Styler.map instead.

2026-07-04 09:40:57.842 Please replace `use_container_width` with `width`.

`use_container_width` will be removed after 2025-12-31.

For `use_container_width=True`, use `width='stretch'`. For `use_container_width=False`, use `width='content'`.
2026-07-04 09:40:57.857 Please replace `use_container_width` with `width`.

`use_container_width` will be removed after 2025-12-31.

For `use_container_width=True`, use `width='stretch'`. For `use_container_width=False`, use `width='content'`.
/Users/pratham/aitrade/trade_system_v2/src/trade_system/interfaces/dashboard/sector_scope_dashboard.py:1014: RuntimeWarning:

invalid value encountered in scalar divide

2026-07-04 09:40:59.382 Please replace `use_container_width` with `width`.

`use_container_width` will be removed after 2025-12-31.

For `use_container_width=True`, use `width='stretch'`. For `use_container_width=False`, use `width='content'`.
/Users/pratham/aitrade/trade_system_v2/src/trade_system/interfaces/dashboard/sector_scope_dashboard.py:1166: FutureWarning:

Styler.applymap has been deprecated. Use Styler.map instead.

2026-07-04 09:40:59.764 Please replace `use_container_width` with `width`.

`use_container_width` will be removed after 2025-12-31.

For `use_container_width=True`, use `width='stretch'`. For `use_container_width=False`, use `width='content'`.
/Users/pratham/aitrade/trade_system_v2/src/trade_system/interfaces/dashboard/sector_scope_dashboard.py:1445: FutureWarning:

Styler.applymap has been deprecated. Use Styler.map instead.

/Users/pratham/aitrade/trade_system_v2/src/trade_system/interfaces/dashboard/sector_scope_dashboard.py:1448: FutureWarning:

Styler.applymap has been deprecated. Use Styler.map instead.

2026-07-04 09:41:10.900 Please replace `use_container_width` with `width`.

`use_container_width` will be removed after 2025-12-31.

For `use_container_width=True`, use `width='stretch'`. For `use_container_width=False`, use `width='content'`.
2026-07-04 09:41:10.912 Please replace `use_container_width` with `width`.

`use_container_width` will be removed after 2025-12-31.

For `use_container_width=True`, use `width='stretch'`. For `use_container_width=False`, use `width='content'`.
2026-07-04 09:41:10.916 Please replace `use_container_width` with `width`.

`use_container_width` will be removed after 2025-12-31.

For `use_container_width=True`, use `width='stretch'`. For `use_container_width=False`, use `width='content'`.
/Users/pratham/aitrade/trade_system_v2/src/trade_system/interfaces/dashboard/sector_scope_dashboard.py:702: FutureWarning:

Styler.applymap has been deprecated. Use Styler.map instead.

2026-07-04 11:42:51.298 Please replace `use_container_width` with `width`.

`use_container_width` will be removed after 2025-12-31.

For `use_container_width=True`, use `width='stretch'`. For `use_container_width=False`, use `width='content'`.
/Users/pratham/aitrade/trade_system_v2/src/trade_system/interfaces/dashboard/sector_scope_dashboard.py:721: FutureWarning:

Styler.applymap has been deprecated. Use Styler.map instead.

2026-07-04 11:42:51.301 Please replace `use_container_width` with `width`.

`use_container_width` will be removed after 2025-12-31.

For `use_container_width=True`, use `width='stretch'`. For `use_container_width=False`, use `width='content'`.
2026-07-04 11:42:51.316 Please replace `use_container_width` with `width`.

`use_container_width` will be removed after 2025-12-31.

For `use_container_width=True`, use `width='stretch'`. For `use_container_width=False`, use `width='content'`.
2026-07-04 11:42:54.732 Please replace `use_container_width` with `width`.

`use_container_width` will be removed after 2025-12-31.

For `use_container_width=True`, use `width='stretch'`. For `use_container_width=False`, use `width='content'`.
2026-07-04 11:42:56.452 Please replace `use_container_width` with `width`.

`use_container_width` will be removed after 2025-12-31.

For `use_container_width=True`, use `width='stretch'`. For `use_container_width=False`, use `width='content'`.
/Users/pratham/aitrade/trade_system_v2/src/trade_system/interfaces/dashboard/sector_scope_dashboard.py:1166: FutureWarning:

Styler.applymap has been deprecated. Use Styler.map instead.

2026-07-04 11:42:57.538 Please replace `use_container_width` with `width`.

`use_container_width` will be removed after 2025-12-31.

For `use_container_width=True`, use `width='stretch'`. For `use_container_width=False`, use `width='content'`.
/Users/pratham/aitrade/trade_system_v2/src/trade_system/interfaces/dashboard/sector_scope_dashboard.py:1445: FutureWarning:

Styler.applymap has been deprecated. Use Styler.map instead.

/Users/pratham/aitrade/trade_system_v2/src/trade_system/interfaces/dashboard/sector_scope_dashboard.py:1448: FutureWarning:

Styler.applymap has been deprecated. Use Styler.map instead.

2026-07-04 12:00:47.890 Please replace `use_container_width` with `width`.

`use_container_width` will be removed after 2025-12-31.

For `use_container_width=True`, use `width='stretch'`. For `use_container_width=False`, use `width='content'`.
2026-07-04 12:00:47.903 Please replace `use_container_width` with `width`.

`use_container_width` will be removed after 2025-12-31.

For `use_container_width=True`, use `width='stretch'`. For `use_container_width=False`, use `width='content'`.
2026-07-04 12:00:47.906 Please replace `use_container_width` with `width`.

`use_container_width` will be removed after 2025-12-31.

For `use_container_width=True`, use `width='stretch'`. For `use_container_width=False`, use `width='content'`.
/Users/pratham/aitrade/trade_system_v2/src/trade_system/interfaces/dashboard/sector_scope_dashboard.py:702: FutureWarning:

Styler.applymap has been deprecated. Use Styler.map instead.

2026-07-04 12:37:06.330 Please replace `use_container_width` with `width`.

`use_container_width` will be removed after 2025-12-31.

For `use_container_width=True`, use `width='stretch'`. For `use_container_width=False`, use `width='content'`.
/Users/pratham/aitrade/trade_system_v2/src/trade_system/interfaces/dashboard/sector_scope_dashboard.py:721: FutureWarning:

Styler.applymap has been deprecated. Use Styler.map instead.

2026-07-04 12:37:06.334 Please replace `use_container_width` with `width`.

`use_container_width` will be removed after 2025-12-31.

For `use_container_width=True`, use `width='stretch'`. For `use_container_width=False`, use `width='content'`.
2026-07-04 12:37:06.355 Please replace `use_container_width` with `width`.

`use_container_width` will be removed after 2025-12-31.

For `use_container_width=True`, use `width='stretch'`. For `use_container_width=False`, use `width='content'`.
2026-07-04 12:43:31.410 Please replace `use_container_width` with `width`.

`use_container_width` will be removed after 2025-12-31.

For `use_container_width=True`, use `width='stretch'`. For `use_container_width=False`, use `width='content'`.
2026-07-04 12:43:33.503 Please replace `use_container_width` with `width`.

`use_container_width` will be removed after 2025-12-31.

For `use_container_width=True`, use `width='stretch'`. For `use_container_width=False`, use `width='content'`.
/Users/pratham/aitrade/trade_system_v2/src/trade_system/interfaces/dashboard/sector_scope_dashboard.py:1166: FutureWarning:

Styler.applymap has been deprecated. Use Styler.map instead.

2026-07-04 12:43:34.398 Please replace `use_container_width` with `width`.

`use_container_width` will be removed after 2025-12-31.

For `use_container_width=True`, use `width='stretch'`. For `use_container_width=False`, use `width='content'`.
/Users/pratham/aitrade/trade_system_v2/src/trade_system/interfaces/dashboard/sector_scope_dashboard.py:1445: FutureWarning:

Styler.applymap has been deprecated. Use Styler.map instead.

/Users/pratham/aitrade/trade_system_v2/src/trade_system/interfaces/dashboard/sector_scope_dashboard.py:1448: FutureWarning:

Styler.applymap has been deprecated. Use Styler.map instead.

2026-07-04 12:43:57.080 Please replace `use_container_width` with `width`.

`use_container_width` will be removed after 2025-12-31.

For `use_container_width=True`, use `width='stretch'`. For `use_container_width=False`, use `width='content'`.
2026-07-04 12:43:57.121 Please replace `use_container_width` with `width`.

`use_container_width` will be removed after 2025-12-31.

For `use_container_width=True`, use `width='stretch'`. For `use_container_width=False`, use `width='content'`.
2026-07-04 12:43:57.134 Please replace `use_container_width` with `width`.

`use_container_width` will be removed after 2025-12-31.

For `use_container_width=True`, use `width='stretch'`. For `use_container_width=False`, use `width='content'`.
/Users/pratham/aitrade/trade_system_v2/src/trade_system/interfaces/dashboard/sector_scope_dashboard.py:702: FutureWarning:

Styler.applymap has been deprecated. Use Styler.map instead.

2026-07-04 13:34:26.361 Please replace `use_container_width` with `width`.

`use_container_width` will be removed after 2025-12-31.

For `use_container_width=True`, use `width='stretch'`. For `use_container_width=False`, use `width='content'`.
/Users/pratham/aitrade/trade_system_v2/src/trade_system/interfaces/dashboard/sector_scope_dashboard.py:721: FutureWarning:

Styler.applymap has been deprecated. Use Styler.map instead.

2026-07-04 13:34:26.364 Please replace `use_container_width` with `width`.

`use_container_width` will be removed after 2025-12-31.

For `use_container_width=True`, use `width='stretch'`. For `use_container_width=False`, use `width='content'`.
2026-07-04 13:34:26.381 Please replace `use_container_width` with `width`.

`use_container_width` will be removed after 2025-12-31.

For `use_container_width=True`, use `width='stretch'`. For `use_container_width=False`, use `width='content'`.
2026-07-04 13:44:37.041 Please replace `use_container_width` with `width`.

`use_container_width` will be removed after 2025-12-31.

For `use_container_width=True`, use `width='stretch'`. For `use_container_width=False`, use `width='content'`.
2026-07-04 13:44:41.671 Please replace `use_container_width` with `width`.

`use_container_width` will be removed after 2025-12-31.

For `use_container_width=True`, use `width='stretch'`. For `use_container_width=False`, use `width='content'`.
/Users/pratham/aitrade/trade_system_v2/src/trade_system/interfaces/dashboard/sector_scope_dashboard.py:1166: FutureWarning:

Styler.applymap has been deprecated. Use Styler.map instead.

2026-07-04 13:44:42.543 Please replace `use_container_width` with `width`.

`use_container_width` will be removed after 2025-12-31.

For `use_container_width=True`, use `width='stretch'`. For `use_container_width=False`, use `width='content'`.
/Users/pratham/aitrade/trade_system_v2/src/trade_system/interfaces/dashboard/sector_scope_dashboard.py:1445: FutureWarning:

Styler.applymap has been deprecated. Use Styler.map instead.

/Users/pratham/aitrade/trade_system_v2/src/trade_system/interfaces/dashboard/sector_scope_dashboard.py:1448: FutureWarning:

Styler.applymap has been deprecated. Use Styler.map instead.

2026-07-04 13:45:07.551 Please replace `use_container_width` with `width`.

`use_container_width` will be removed after 2025-12-31.

For `use_container_width=True`, use `width='stretch'`. For `use_container_width=False`, use `width='content'`.
2026-07-04 13:45:07.589 Please replace `use_container_width` with `width`.

`use_container_width` will be removed after 2025-12-31.

For `use_container_width=True`, use `width='stretch'`. For `use_container_width=False`, use `width='content'`.
2026-07-04 13:45:07.602 Please replace `use_container_width` with `width`.

`use_container_width` will be removed after 2025-12-31.

For `use_container_width=True`, use `width='stretch'`. For `use_container_width=False`, use `width='content'`.
/Users/pratham/aitrade/trade_system_v2/src/trade_system/interfaces/dashboard/sector_scope_dashboard.py:702: FutureWarning:

Styler.applymap has been deprecated. Use Styler.map instead.

2026-07-04 14:01:41.352 Please replace `use_container_width` with `width`.

`use_container_width` will be removed after 2025-12-31.

For `use_container_width=True`, use `width='stretch'`. For `use_container_width=False`, use `width='content'`.
/Users/pratham/aitrade/trade_system_v2/src/trade_system/interfaces/dashboard/sector_scope_dashboard.py:721: FutureWarning:

Styler.applymap has been deprecated. Use Styler.map instead.

2026-07-04 14:01:41.354 Please replace `use_container_width` with `width`.

`use_container_width` will be removed after 2025-12-31.

For `use_container_width=True`, use `width='stretch'`. For `use_container_width=False`, use `width='content'`.
2026-07-04 14:01:41.365 Please replace `use_container_width` with `width`.

`use_container_width` will be removed after 2025-12-31.

For `use_container_width=True`, use `width='stretch'`. For `use_container_width=False`, use `width='content'`.
2026-07-04 14:33:22.882 Please replace `use_container_width` with `width`.

`use_container_width` will be removed after 2025-12-31.

For `use_container_width=True`, use `width='stretch'`. For `use_container_width=False`, use `width='content'`.
2026-07-04 14:33:23.799 Please replace `use_container_width` with `width`.

`use_container_width` will be removed after 2025-12-31.

For `use_container_width=True`, use `width='stretch'`. For `use_container_width=False`, use `width='content'`.
/Users/pratham/aitrade/trade_system_v2/src/trade_system/interfaces/dashboard/sector_scope_dashboard.py:1166: FutureWarning:

Styler.applymap has been deprecated. Use Styler.map instead.

2026-07-04 14:33:24.293 Please replace `use_container_width` with `width`.

`use_container_width` will be removed after 2025-12-31.

For `use_container_width=True`, use `width='stretch'`. For `use_container_width=False`, use `width='content'`.
/Users/pratham/aitrade/trade_system_v2/src/trade_system/interfaces/dashboard/sector_scope_dashboard.py:1445: FutureWarning:

Styler.applymap has been deprecated. Use Styler.map instead.

/Users/pratham/aitrade/trade_system_v2/src/trade_system/interfaces/dashboard/sector_scope_dashboard.py:1448: FutureWarning:

Styler.applymap has been deprecated. Use Styler.map instead.

2026-07-04 14:45:42.637 Please replace `use_container_width` with `width`.

`use_container_width` will be removed after 2025-12-31.

For `use_container_width=True`, use `width='stretch'`. For `use_container_width=False`, use `width='content'`.
2026-07-04 14:45:42.801 Please replace `use_container_width` with `width`.

`use_container_width` will be removed after 2025-12-31.

For `use_container_width=True`, use `width='stretch'`. For `use_container_width=False`, use `width='content'`.
2026-07-04 14:45:42.813 Please replace `use_container_width` with `width`.

`use_container_width` will be removed after 2025-12-31.

For `use_container_width=True`, use `width='stretch'`. For `use_container_width=False`, use `width='content'`.
/Users/pratham/aitrade/trade_system_v2/src/trade_system/interfaces/dashboard/sector_scope_dashboard.py:702: FutureWarning:

Styler.applymap has been deprecated. Use Styler.map instead.

2026-07-05 00:17:50.894 Please replace `use_container_width` with `width`.

`use_container_width` will be removed after 2025-12-31.

For `use_container_width=True`, use `width='stretch'`. For `use_container_width=False`, use `width='content'`.
/Users/pratham/aitrade/trade_system_v2/src/trade_system/interfaces/dashboard/sector_scope_dashboard.py:721: FutureWarning:

Styler.applymap has been deprecated. Use Styler.map instead.

2026-07-05 00:17:50.916 Please replace `use_container_width` with `width`.

`use_container_width` will be removed after 2025-12-31.

For `use_container_width=True`, use `width='stretch'`. For `use_container_width=False`, use `width='content'`.
2026-07-05 00:17:50.938 Please replace `use_container_width` with `width`.

`use_container_width` will be removed after 2025-12-31.

For `use_container_width=True`, use `width='stretch'`. For `use_container_width=False`, use `width='content'`.
2026-07-05 00:18:17.578 Please replace `use_container_width` with `width`.

`use_container_width` will be removed after 2025-12-31.

For `use_container_width=True`, use `width='stretch'`. For `use_container_width=False`, use `width='content'`.
2026-07-05 00:18:19.373 Please replace `use_container_width` with `width`.

`use_container_width` will be removed after 2025-12-31.

For `use_container_width=True`, use `width='stretch'`. For `use_container_width=False`, use `width='content'`.
/Users/pratham/aitrade/trade_system_v2/src/trade_system/interfaces/dashboard/sector_scope_dashboard.py:1166: FutureWarning:

Styler.applymap has been deprecated. Use Styler.map instead.

2026-07-05 00:18:20.258 Please replace `use_container_width` with `width`.

`use_container_width` will be removed after 2025-12-31.

For `use_container_width=True`, use `width='stretch'`. For `use_container_width=False`, use `width='content'`.
/Users/pratham/aitrade/trade_system_v2/src/trade_system/interfaces/dashboard/sector_scope_dashboard.py:1445: FutureWarning:

Styler.applymap has been deprecated. Use Styler.map instead.

/Users/pratham/aitrade/trade_system_v2/src/trade_system/interfaces/dashboard/sector_scope_dashboard.py:1448: FutureWarning:

Styler.applymap has been deprecated. Use Styler.map instead.

2026-07-05 01:07:00.274 Please replace `use_container_width` with `width`.

`use_container_width` will be removed after 2025-12-31.

For `use_container_width=True`, use `width='stretch'`. For `use_container_width=False`, use `width='content'`.
2026-07-05 01:07:00.296 Please replace `use_container_width` with `width`.

`use_container_width` will be removed after 2025-12-31.

For `use_container_width=True`, use `width='stretch'`. For `use_container_width=False`, use `width='content'`.
2026-07-05 01:07:00.302 Please replace `use_container_width` with `width`.

`use_container_width` will be removed after 2025-12-31.

For `use_container_width=True`, use `width='stretch'`. For `use_container_width=False`, use `width='content'`.
/Users/pratham/aitrade/trade_system_v2/src/trade_system/interfaces/dashboard/sector_scope_dashboard.py:702: FutureWarning:

Styler.applymap has been deprecated. Use Styler.map instead.

2026-07-05 01:56:50.929 Please replace `use_container_width` with `width`.

`use_container_width` will be removed after 2025-12-31.

For `use_container_width=True`, use `width='stretch'`. For `use_container_width=False`, use `width='content'`.
/Users/pratham/aitrade/trade_system_v2/src/trade_system/interfaces/dashboard/sector_scope_dashboard.py:721: FutureWarning:

Styler.applymap has been deprecated. Use Styler.map instead.

2026-07-05 01:56:50.931 Please replace `use_container_width` with `width`.

`use_container_width` will be removed after 2025-12-31.

For `use_container_width=True`, use `width='stretch'`. For `use_container_width=False`, use `width='content'`.
2026-07-05 01:56:50.942 Please replace `use_container_width` with `width`.

`use_container_width` will be removed after 2025-12-31.

For `use_container_width=True`, use `width='stretch'`. For `use_container_width=False`, use `width='content'`.
2026-07-05 02:29:14.316 Please replace `use_container_width` with `width`.

`use_container_width` will be removed after 2025-12-31.

For `use_container_width=True`, use `width='stretch'`. For `use_container_width=False`, use `width='content'`.
2026-07-05 02:29:15.283 Please replace `use_container_width` with `width`.

`use_container_width` will be removed after 2025-12-31.

For `use_container_width=True`, use `width='stretch'`. For `use_container_width=False`, use `width='content'`.
/Users/pratham/aitrade/trade_system_v2/src/trade_system/interfaces/dashboard/sector_scope_dashboard.py:1166: FutureWarning:

Styler.applymap has been deprecated. Use Styler.map instead.

2026-07-05 02:29:15.735 Please replace `use_container_width` with `width`.

`use_container_width` will be removed after 2025-12-31.

For `use_container_width=True`, use `width='stretch'`. For `use_container_width=False`, use `width='content'`.
/Users/pratham/aitrade/trade_system_v2/src/trade_system/interfaces/dashboard/sector_scope_dashboard.py:1445: FutureWarning:

Styler.applymap has been deprecated. Use Styler.map instead.

/Users/pratham/aitrade/trade_system_v2/src/trade_system/interfaces/dashboard/sector_scope_dashboard.py:1448: FutureWarning:

Styler.applymap has been deprecated. Use Styler.map instead.

2026-07-05 03:20:00.952 Please replace `use_container_width` with `width`.

`use_container_width` will be removed after 2025-12-31.

For `use_container_width=True`, use `width='stretch'`. For `use_container_width=False`, use `width='content'`.
2026-07-05 03:20:00.967 Please replace `use_container_width` with `width`.

`use_container_width` will be removed after 2025-12-31.

For `use_container_width=True`, use `width='stretch'`. For `use_container_width=False`, use `width='content'`.
2026-07-05 03:20:00.972 Please replace `use_container_width` with `width`.

`use_container_width` will be removed after 2025-12-31.

For `use_container_width=True`, use `width='stretch'`. For `use_container_width=False`, use `width='content'`.
/Users/pratham/aitrade/trade_system_v2/src/trade_system/interfaces/dashboard/sector_scope_dashboard.py:702: FutureWarning:

Styler.applymap has been deprecated. Use Styler.map instead.

2026-07-05 04:14:37.197 Please replace `use_container_width` with `width`.

`use_container_width` will be removed after 2025-12-31.

For `use_container_width=True`, use `width='stretch'`. For `use_container_width=False`, use `width='content'`.
/Users/pratham/aitrade/trade_system_v2/src/trade_system/interfaces/dashboard/sector_scope_dashboard.py:721: FutureWarning:

Styler.applymap has been deprecated. Use Styler.map instead.

2026-07-05 04:14:37.202 Please replace `use_container_width` with `width`.

`use_container_width` will be removed after 2025-12-31.

For `use_container_width=True`, use `width='stretch'`. For `use_container_width=False`, use `width='content'`.
2026-07-05 04:14:37.223 Please replace `use_container_width` with `width`.

`use_container_width` will be removed after 2025-12-31.

For `use_container_width=True`, use `width='stretch'`. For `use_container_width=False`, use `width='content'`.
2026-07-05 04:15:02.847 Please replace `use_container_width` with `width`.

`use_container_width` will be removed after 2025-12-31.

For `use_container_width=True`, use `width='stretch'`. For `use_container_width=False`, use `width='content'`.
2026-07-05 04:15:05.332 Please replace `use_container_width` with `width`.

`use_container_width` will be removed after 2025-12-31.

For `use_container_width=True`, use `width='stretch'`. For `use_container_width=False`, use `width='content'`.
/Users/pratham/aitrade/trade_system_v2/src/trade_system/interfaces/dashboard/sector_scope_dashboard.py:1166: FutureWarning:

Styler.applymap has been deprecated. Use Styler.map instead.

2026-07-05 04:15:06.243 Please replace `use_container_width` with `width`.

`use_container_width` will be removed after 2025-12-31.

For `use_container_width=True`, use `width='stretch'`. For `use_container_width=False`, use `width='content'`.
/Users/pratham/aitrade/trade_system_v2/src/trade_system/interfaces/dashboard/sector_scope_dashboard.py:1445: FutureWarning:

Styler.applymap has been deprecated. Use Styler.map instead.

/Users/pratham/aitrade/trade_system_v2/src/trade_system/interfaces/dashboard/sector_scope_dashboard.py:1448: FutureWarning:

Styler.applymap has been deprecated. Use Styler.map instead.

2026-07-05 04:50:02.593 Please replace `use_container_width` with `width`.

`use_container_width` will be removed after 2025-12-31.

For `use_container_width=True`, use `width='stretch'`. For `use_container_width=False`, use `width='content'`.
2026-07-05 04:50:02.621 Please replace `use_container_width` with `width`.

`use_container_width` will be removed after 2025-12-31.

For `use_container_width=True`, use `width='stretch'`. For `use_container_width=False`, use `width='content'`.
2026-07-05 04:50:02.626 Please replace `use_container_width` with `width`.

`use_container_width` will be removed after 2025-12-31.

For `use_container_width=True`, use `width='stretch'`. For `use_container_width=False`, use `width='content'`.
/Users/pratham/aitrade/trade_system_v2/src/trade_system/interfaces/dashboard/sector_scope_dashboard.py:702: FutureWarning:

Styler.applymap has been deprecated. Use Styler.map instead.

2026-07-05 05:22:30.443 Please replace `use_container_width` with `width`.

`use_container_width` will be removed after 2025-12-31.

For `use_container_width=True`, use `width='stretch'`. For `use_container_width=False`, use `width='content'`.
/Users/pratham/aitrade/trade_system_v2/src/trade_system/interfaces/dashboard/sector_scope_dashboard.py:721: FutureWarning:

Styler.applymap has been deprecated. Use Styler.map instead.

2026-07-05 05:22:30.447 Please replace `use_container_width` with `width`.

`use_container_width` will be removed after 2025-12-31.

For `use_container_width=True`, use `width='stretch'`. For `use_container_width=False`, use `width='content'`.
2026-07-05 05:22:30.463 Please replace `use_container_width` with `width`.

`use_container_width` will be removed after 2025-12-31.

For `use_container_width=True`, use `width='stretch'`. For `use_container_width=False`, use `width='content'`.
2026-07-05 05:55:45.108 Please replace `use_container_width` with `width`.

`use_container_width` will be removed after 2025-12-31.

For `use_container_width=True`, use `width='stretch'`. For `use_container_width=False`, use `width='content'`.
2026-07-05 06:12:00.966 Please replace `use_container_width` with `width`.

`use_container_width` will be removed after 2025-12-31.

For `use_container_width=True`, use `width='stretch'`. For `use_container_width=False`, use `width='content'`.
/Users/pratham/aitrade/trade_system_v2/src/trade_system/interfaces/dashboard/sector_scope_dashboard.py:1166: FutureWarning:

Styler.applymap has been deprecated. Use Styler.map instead.

2026-07-05 06:12:01.473 Please replace `use_container_width` with `width`.

`use_container_width` will be removed after 2025-12-31.

For `use_container_width=True`, use `width='stretch'`. For `use_container_width=False`, use `width='content'`.
/Users/pratham/aitrade/trade_system_v2/src/trade_system/interfaces/dashboard/sector_scope_dashboard.py:1445: FutureWarning:

Styler.applymap has been deprecated. Use Styler.map instead.

/Users/pratham/aitrade/trade_system_v2/src/trade_system/interfaces/dashboard/sector_scope_dashboard.py:1448: FutureWarning:

Styler.applymap has been deprecated. Use Styler.map instead.

2026-07-05 06:15:39.500 Please replace `use_container_width` with `width`.

`use_container_width` will be removed after 2025-12-31.

For `use_container_width=True`, use `width='stretch'`. For `use_container_width=False`, use `width='content'`.
2026-07-05 06:15:39.531 Please replace `use_container_width` with `width`.

`use_container_width` will be removed after 2025-12-31.

For `use_container_width=True`, use `width='stretch'`. For `use_container_width=False`, use `width='content'`.
2026-07-05 06:15:39.539 Please replace `use_container_width` with `width`.

`use_container_width` will be removed after 2025-12-31.

For `use_container_width=True`, use `width='stretch'`. For `use_container_width=False`, use `width='content'`.
/Users/pratham/aitrade/trade_system_v2/src/trade_system/interfaces/dashboard/sector_scope_dashboard.py:702: FutureWarning:

Styler.applymap has been deprecated. Use Styler.map instead.

2026-07-05 06:16:03.770 Please replace `use_container_width` with `width`.

`use_container_width` will be removed after 2025-12-31.

For `use_container_width=True`, use `width='stretch'`. For `use_container_width=False`, use `width='content'`.
/Users/pratham/aitrade/trade_system_v2/src/trade_system/interfaces/dashboard/sector_scope_dashboard.py:721: FutureWarning:

Styler.applymap has been deprecated. Use Styler.map instead.

2026-07-05 06:16:03.773 Please replace `use_container_width` with `width`.

`use_container_width` will be removed after 2025-12-31.

For `use_container_width=True`, use `width='stretch'`. For `use_container_width=False`, use `width='content'`.
2026-07-05 06:16:03.785 Please replace `use_container_width` with `width`.

`use_container_width` will be removed after 2025-12-31.

For `use_container_width=True`, use `width='stretch'`. For `use_container_width=False`, use `width='content'`.
2026-07-05 06:33:46.471 Please replace `use_container_width` with `width`.

`use_container_width` will be removed after 2025-12-31.

For `use_container_width=True`, use `width='stretch'`. For `use_container_width=False`, use `width='content'`.
2026-07-05 06:50:51.308 Please replace `use_container_width` with `width`.

`use_container_width` will be removed after 2025-12-31.

For `use_container_width=True`, use `width='stretch'`. For `use_container_width=False`, use `width='content'`.
/Users/pratham/aitrade/trade_system_v2/src/trade_system/interfaces/dashboard/sector_scope_dashboard.py:1166: FutureWarning:

Styler.applymap has been deprecated. Use Styler.map instead.

2026-07-05 06:50:51.747 Please replace `use_container_width` with `width`.

`use_container_width` will be removed after 2025-12-31.

For `use_container_width=True`, use `width='stretch'`. For `use_container_width=False`, use `width='content'`.
/Users/pratham/aitrade/trade_system_v2/src/trade_system/interfaces/dashboard/sector_scope_dashboard.py:1445: FutureWarning:

Styler.applymap has been deprecated. Use Styler.map instead.

/Users/pratham/aitrade/trade_system_v2/src/trade_system/interfaces/dashboard/sector_scope_dashboard.py:1448: FutureWarning:

Styler.applymap has been deprecated. Use Styler.map instead.

2026-07-05 07:16:29.438 Please replace `use_container_width` with `width`.

`use_container_width` will be removed after 2025-12-31.

For `use_container_width=True`, use `width='stretch'`. For `use_container_width=False`, use `width='content'`.
2026-07-05 07:16:29.474 Please replace `use_container_width` with `width`.

`use_container_width` will be removed after 2025-12-31.

For `use_container_width=True`, use `width='stretch'`. For `use_container_width=False`, use `width='content'`.
2026-07-05 07:16:29.485 Please replace `use_container_width` with `width`.

`use_container_width` will be removed after 2025-12-31.

For `use_container_width=True`, use `width='stretch'`. For `use_container_width=False`, use `width='content'`.
/Users/pratham/aitrade/trade_system_v2/src/trade_system/interfaces/dashboard/sector_scope_dashboard.py:702: FutureWarning:

Styler.applymap has been deprecated. Use Styler.map instead.

2026-07-05 07:17:01.173 Please replace `use_container_width` with `width`.

`use_container_width` will be removed after 2025-12-31.

For `use_container_width=True`, use `width='stretch'`. For `use_container_width=False`, use `width='content'`.
/Users/pratham/aitrade/trade_system_v2/src/trade_system/interfaces/dashboard/sector_scope_dashboard.py:721: FutureWarning:

Styler.applymap has been deprecated. Use Styler.map instead.

2026-07-05 07:17:01.177 Please replace `use_container_width` with `width`.

`use_container_width` will be removed after 2025-12-31.

For `use_container_width=True`, use `width='stretch'`. For `use_container_width=False`, use `width='content'`.
2026-07-05 07:17:01.197 Please replace `use_container_width` with `width`.

`use_container_width` will be removed after 2025-12-31.

For `use_container_width=True`, use `width='stretch'`. For `use_container_width=False`, use `width='content'`.
2026-07-05 07:34:07.140 Please replace `use_container_width` with `width`.

`use_container_width` will be removed after 2025-12-31.

For `use_container_width=True`, use `width='stretch'`. For `use_container_width=False`, use `width='content'`.
2026-07-05 07:34:08.676 Please replace `use_container_width` with `width`.

`use_container_width` will be removed after 2025-12-31.

For `use_container_width=True`, use `width='stretch'`. For `use_container_width=False`, use `width='content'`.
/Users/pratham/aitrade/trade_system_v2/src/trade_system/interfaces/dashboard/sector_scope_dashboard.py:1166: FutureWarning:

Styler.applymap has been deprecated. Use Styler.map instead.

2026-07-05 07:34:09.879 Please replace `use_container_width` with `width`.

`use_container_width` will be removed after 2025-12-31.

For `use_container_width=True`, use `width='stretch'`. For `use_container_width=False`, use `width='content'`.
/Users/pratham/aitrade/trade_system_v2/src/trade_system/interfaces/dashboard/sector_scope_dashboard.py:1445: FutureWarning:

Styler.applymap has been deprecated. Use Styler.map instead.

/Users/pratham/aitrade/trade_system_v2/src/trade_system/interfaces/dashboard/sector_scope_dashboard.py:1448: FutureWarning:

Styler.applymap has been deprecated. Use Styler.map instead.

2026-07-05 07:51:33.525 Please replace `use_container_width` with `width`.

`use_container_width` will be removed after 2025-12-31.

For `use_container_width=True`, use `width='stretch'`. For `use_container_width=False`, use `width='content'`.
2026-07-05 07:51:33.541 Please replace `use_container_width` with `width`.

`use_container_width` will be removed after 2025-12-31.

For `use_container_width=True`, use `width='stretch'`. For `use_container_width=False`, use `width='content'`.
2026-07-05 07:51:33.545 Please replace `use_container_width` with `width`.

`use_container_width` will be removed after 2025-12-31.

For `use_container_width=True`, use `width='stretch'`. For `use_container_width=False`, use `width='content'`.
/Users/pratham/aitrade/trade_system_v2/src/trade_system/interfaces/dashboard/sector_scope_dashboard.py:702: FutureWarning:

Styler.applymap has been deprecated. Use Styler.map instead.

2026-07-05 08:17:42.721 Please replace `use_container_width` with `width`.

`use_container_width` will be removed after 2025-12-31.

For `use_container_width=True`, use `width='stretch'`. For `use_container_width=False`, use `width='content'`.
/Users/pratham/aitrade/trade_system_v2/src/trade_system/interfaces/dashboard/sector_scope_dashboard.py:721: FutureWarning:

Styler.applymap has been deprecated. Use Styler.map instead.

2026-07-05 08:17:42.726 Please replace `use_container_width` with `width`.

`use_container_width` will be removed after 2025-12-31.

For `use_container_width=True`, use `width='stretch'`. For `use_container_width=False`, use `width='content'`.
2026-07-05 08:17:42.743 Please replace `use_container_width` with `width`.

`use_container_width` will be removed after 2025-12-31.

For `use_container_width=True`, use `width='stretch'`. For `use_container_width=False`, use `width='content'`.
2026-07-05 08:18:04.239 Please replace `use_container_width` with `width`.

`use_container_width` will be removed after 2025-12-31.

For `use_container_width=True`, use `width='stretch'`. For `use_container_width=False`, use `width='content'`.
2026-07-05 08:18:06.132 Please replace `use_container_width` with `width`.

`use_container_width` will be removed after 2025-12-31.

For `use_container_width=True`, use `width='stretch'`. For `use_container_width=False`, use `width='content'`.
/Users/pratham/aitrade/trade_system_v2/src/trade_system/interfaces/dashboard/sector_scope_dashboard.py:1166: FutureWarning:

Styler.applymap has been deprecated. Use Styler.map instead.

2026-07-05 08:18:07.034 Please replace `use_container_width` with `width`.

`use_container_width` will be removed after 2025-12-31.

For `use_container_width=True`, use `width='stretch'`. For `use_container_width=False`, use `width='content'`.
/Users/pratham/aitrade/trade_system_v2/src/trade_system/interfaces/dashboard/sector_scope_dashboard.py:1445: FutureWarning:

Styler.applymap has been deprecated. Use Styler.map instead.

/Users/pratham/aitrade/trade_system_v2/src/trade_system/interfaces/dashboard/sector_scope_dashboard.py:1448: FutureWarning:

Styler.applymap has been deprecated. Use Styler.map instead.

2026-07-05 08:51:44.907 Please replace `use_container_width` with `width`.

`use_container_width` will be removed after 2025-12-31.

For `use_container_width=True`, use `width='stretch'`. For `use_container_width=False`, use `width='content'`.
2026-07-05 08:51:44.924 Please replace `use_container_width` with `width`.

`use_container_width` will be removed after 2025-12-31.

For `use_container_width=True`, use `width='stretch'`. For `use_container_width=False`, use `width='content'`.
2026-07-05 08:51:44.928 Please replace `use_container_width` with `width`.

`use_container_width` will be removed after 2025-12-31.

For `use_container_width=True`, use `width='stretch'`. For `use_container_width=False`, use `width='content'`.
/Users/pratham/aitrade/trade_system_v2/src/trade_system/interfaces/dashboard/sector_scope_dashboard.py:702: FutureWarning:

Styler.applymap has been deprecated. Use Styler.map instead.

2026-07-05 09:18:38.619 Please replace `use_container_width` with `width`.

`use_container_width` will be removed after 2025-12-31.

For `use_container_width=True`, use `width='stretch'`. For `use_container_width=False`, use `width='content'`.
/Users/pratham/aitrade/trade_system_v2/src/trade_system/interfaces/dashboard/sector_scope_dashboard.py:721: FutureWarning:

Styler.applymap has been deprecated. Use Styler.map instead.

2026-07-05 09:18:38.629 Please replace `use_container_width` with `width`.

`use_container_width` will be removed after 2025-12-31.

For `use_container_width=True`, use `width='stretch'`. For `use_container_width=False`, use `width='content'`.
2026-07-05 09:18:38.673 Please replace `use_container_width` with `width`.

`use_container_width` will be removed after 2025-12-31.

For `use_container_width=True`, use `width='stretch'`. For `use_container_width=False`, use `width='content'`.
2026-07-05 09:19:05.948 Please replace `use_container_width` with `width`.

`use_container_width` will be removed after 2025-12-31.

For `use_container_width=True`, use `width='stretch'`. For `use_container_width=False`, use `width='content'`.
2026-07-05 09:19:06.862 Please replace `use_container_width` with `width`.

`use_container_width` will be removed after 2025-12-31.

For `use_container_width=True`, use `width='stretch'`. For `use_container_width=False`, use `width='content'`.
/Users/pratham/aitrade/trade_system_v2/src/trade_system/interfaces/dashboard/sector_scope_dashboard.py:1166: FutureWarning:

Styler.applymap has been deprecated. Use Styler.map instead.

2026-07-05 09:19:07.285 Please replace `use_container_width` with `width`.

`use_container_width` will be removed after 2025-12-31.

For `use_container_width=True`, use `width='stretch'`. For `use_container_width=False`, use `width='content'`.
/Users/pratham/aitrade/trade_system_v2/src/trade_system/interfaces/dashboard/sector_scope_dashboard.py:1445: FutureWarning:

Styler.applymap has been deprecated. Use Styler.map instead.

/Users/pratham/aitrade/trade_system_v2/src/trade_system/interfaces/dashboard/sector_scope_dashboard.py:1448: FutureWarning:

Styler.applymap has been deprecated. Use Styler.map instead.

2026-07-05 10:02:56.674 Please replace `use_container_width` with `width`.

`use_container_width` will be removed after 2025-12-31.

For `use_container_width=True`, use `width='stretch'`. For `use_container_width=False`, use `width='content'`.
2026-07-05 10:02:56.701 Please replace `use_container_width` with `width`.

`use_container_width` will be removed after 2025-12-31.

For `use_container_width=True`, use `width='stretch'`. For `use_container_width=False`, use `width='content'`.
2026-07-05 10:02:56.707 Please replace `use_container_width` with `width`.

`use_container_width` will be removed after 2025-12-31.

For `use_container_width=True`, use `width='stretch'`. For `use_container_width=False`, use `width='content'`.
/Users/pratham/aitrade/trade_system_v2/src/trade_system/interfaces/dashboard/sector_scope_dashboard.py:702: FutureWarning:

Styler.applymap has been deprecated. Use Styler.map instead.

2026-07-05 10:08:13.825 Please replace `use_container_width` with `width`.

`use_container_width` will be removed after 2025-12-31.

For `use_container_width=True`, use `width='stretch'`. For `use_container_width=False`, use `width='content'`.
/Users/pratham/aitrade/trade_system_v2/src/trade_system/interfaces/dashboard/sector_scope_dashboard.py:721: FutureWarning:

Styler.applymap has been deprecated. Use Styler.map instead.

2026-07-05 10:08:13.847 Please replace `use_container_width` with `width`.

`use_container_width` will be removed after 2025-12-31.

For `use_container_width=True`, use `width='stretch'`. For `use_container_width=False`, use `width='content'`.
2026-07-05 10:08:13.864 Please replace `use_container_width` with `width`.

`use_container_width` will be removed after 2025-12-31.

For `use_container_width=True`, use `width='stretch'`. For `use_container_width=False`, use `width='content'`.
2026-07-05 10:08:26.648 Please replace `use_container_width` with `width`.

`use_container_width` will be removed after 2025-12-31.

For `use_container_width=True`, use `width='stretch'`. For `use_container_width=False`, use `width='content'`.
2026-07-05 10:08:27.616 Please replace `use_container_width` with `width`.

`use_container_width` will be removed after 2025-12-31.

For `use_container_width=True`, use `width='stretch'`. For `use_container_width=False`, use `width='content'`.
/Users/pratham/aitrade/trade_system_v2/src/trade_system/interfaces/dashboard/sector_scope_dashboard.py:1166: FutureWarning:

Styler.applymap has been deprecated. Use Styler.map instead.

2026-07-05 10:08:28.115 Please replace `use_container_width` with `width`.

`use_container_width` will be removed after 2025-12-31.

For `use_container_width=True`, use `width='stretch'`. For `use_container_width=False`, use `width='content'`.
/Users/pratham/aitrade/trade_system_v2/src/trade_system/interfaces/dashboard/sector_scope_dashboard.py:1445: FutureWarning:

Styler.applymap has been deprecated. Use Styler.map instead.

/Users/pratham/aitrade/trade_system_v2/src/trade_system/interfaces/dashboard/sector_scope_dashboard.py:1448: FutureWarning:

Styler.applymap has been deprecated. Use Styler.map instead.

2026-07-05 10:10:24.389 Please replace `use_container_width` with `width`.

`use_container_width` will be removed after 2025-12-31.

For `use_container_width=True`, use `width='stretch'`. For `use_container_width=False`, use `width='content'`.
2026-07-05 10:10:24.405 Please replace `use_container_width` with `width`.

`use_container_width` will be removed after 2025-12-31.

For `use_container_width=True`, use `width='stretch'`. For `use_container_width=False`, use `width='content'`.
2026-07-05 10:10:24.410 Please replace `use_container_width` with `width`.

`use_container_width` will be removed after 2025-12-31.

For `use_container_width=True`, use `width='stretch'`. For `use_container_width=False`, use `width='content'`.
/Users/pratham/aitrade/trade_system_v2/src/trade_system/interfaces/dashboard/sector_scope_dashboard.py:702: FutureWarning:

Styler.applymap has been deprecated. Use Styler.map instead.

2026-07-05 10:10:56.115 Please replace `use_container_width` with `width`.

`use_container_width` will be removed after 2025-12-31.

For `use_container_width=True`, use `width='stretch'`. For `use_container_width=False`, use `width='content'`.
/Users/pratham/aitrade/trade_system_v2/src/trade_system/interfaces/dashboard/sector_scope_dashboard.py:721: FutureWarning:

Styler.applymap has been deprecated. Use Styler.map instead.

2026-07-05 10:10:56.117 Please replace `use_container_width` with `width`.

`use_container_width` will be removed after 2025-12-31.

For `use_container_width=True`, use `width='stretch'`. For `use_container_width=False`, use `width='content'`.
2026-07-05 10:10:56.128 Please replace `use_container_width` with `width`.

`use_container_width` will be removed after 2025-12-31.

For `use_container_width=True`, use `width='stretch'`. For `use_container_width=False`, use `width='content'`.
2026-07-05 10:19:33.966 Please replace `use_container_width` with `width`.

`use_container_width` will be removed after 2025-12-31.

For `use_container_width=True`, use `width='stretch'`. For `use_container_width=False`, use `width='content'`.
2026-07-05 10:19:35.685 Please replace `use_container_width` with `width`.

`use_container_width` will be removed after 2025-12-31.

For `use_container_width=True`, use `width='stretch'`. For `use_container_width=False`, use `width='content'`.
/Users/pratham/aitrade/trade_system_v2/src/trade_system/interfaces/dashboard/sector_scope_dashboard.py:1166: FutureWarning:

Styler.applymap has been deprecated. Use Styler.map instead.

2026-07-05 10:19:36.805 Please replace `use_container_width` with `width`.

`use_container_width` will be removed after 2025-12-31.

For `use_container_width=True`, use `width='stretch'`. For `use_container_width=False`, use `width='content'`.
/Users/pratham/aitrade/trade_system_v2/src/trade_system/interfaces/dashboard/sector_scope_dashboard.py:1445: FutureWarning:

Styler.applymap has been deprecated. Use Styler.map instead.

/Users/pratham/aitrade/trade_system_v2/src/trade_system/interfaces/dashboard/sector_scope_dashboard.py:1448: FutureWarning:

Styler.applymap has been deprecated. Use Styler.map instead.

2026-07-05 10:35:52.036 Please replace `use_container_width` with `width`.

`use_container_width` will be removed after 2025-12-31.

For `use_container_width=True`, use `width='stretch'`. For `use_container_width=False`, use `width='content'`.
2026-07-05 10:35:52.050 Please replace `use_container_width` with `width`.

`use_container_width` will be removed after 2025-12-31.

For `use_container_width=True`, use `width='stretch'`. For `use_container_width=False`, use `width='content'`.
2026-07-05 10:35:52.054 Please replace `use_container_width` with `width`.

`use_container_width` will be removed after 2025-12-31.

For `use_container_width=True`, use `width='stretch'`. For `use_container_width=False`, use `width='content'`.
/Users/pratham/aitrade/trade_system_v2/src/trade_system/interfaces/dashboard/sector_scope_dashboard.py:702: FutureWarning:

Styler.applymap has been deprecated. Use Styler.map instead.

2026-07-05 11:20:29.077 Please replace `use_container_width` with `width`.

`use_container_width` will be removed after 2025-12-31.

For `use_container_width=True`, use `width='stretch'`. For `use_container_width=False`, use `width='content'`.
/Users/pratham/aitrade/trade_system_v2/src/trade_system/interfaces/dashboard/sector_scope_dashboard.py:721: FutureWarning:

Styler.applymap has been deprecated. Use Styler.map instead.

2026-07-05 11:20:29.079 Please replace `use_container_width` with `width`.

`use_container_width` will be removed after 2025-12-31.

For `use_container_width=True`, use `width='stretch'`. For `use_container_width=False`, use `width='content'`.
2026-07-05 11:20:29.090 Please replace `use_container_width` with `width`.

`use_container_width` will be removed after 2025-12-31.

For `use_container_width=True`, use `width='stretch'`. For `use_container_width=False`, use `width='content'`.
2026-07-05 11:20:56.574 Please replace `use_container_width` with `width`.

`use_container_width` will be removed after 2025-12-31.

For `use_container_width=True`, use `width='stretch'`. For `use_container_width=False`, use `width='content'`.
2026-07-05 11:20:58.413 Please replace `use_container_width` with `width`.

`use_container_width` will be removed after 2025-12-31.

For `use_container_width=True`, use `width='stretch'`. For `use_container_width=False`, use `width='content'`.
/Users/pratham/aitrade/trade_system_v2/src/trade_system/interfaces/dashboard/sector_scope_dashboard.py:1166: FutureWarning:

Styler.applymap has been deprecated. Use Styler.map instead.

2026-07-05 11:20:59.285 Please replace `use_container_width` with `width`.

`use_container_width` will be removed after 2025-12-31.

For `use_container_width=True`, use `width='stretch'`. For `use_container_width=False`, use `width='content'`.
/Users/pratham/aitrade/trade_system_v2/src/trade_system/interfaces/dashboard/sector_scope_dashboard.py:1445: FutureWarning:

Styler.applymap has been deprecated. Use Styler.map instead.

/Users/pratham/aitrade/trade_system_v2/src/trade_system/interfaces/dashboard/sector_scope_dashboard.py:1448: FutureWarning:

Styler.applymap has been deprecated. Use Styler.map instead.

2026-07-05 11:55:56.374 Please replace `use_container_width` with `width`.

`use_container_width` will be removed after 2025-12-31.

For `use_container_width=True`, use `width='stretch'`. For `use_container_width=False`, use `width='content'`.
2026-07-05 11:55:56.389 Please replace `use_container_width` with `width`.

`use_container_width` will be removed after 2025-12-31.

For `use_container_width=True`, use `width='stretch'`. For `use_container_width=False`, use `width='content'`.
2026-07-05 11:55:56.393 Please replace `use_container_width` with `width`.

`use_container_width` will be removed after 2025-12-31.

For `use_container_width=True`, use `width='stretch'`. For `use_container_width=False`, use `width='content'`.
/Users/pratham/aitrade/trade_system_v2/src/trade_system/interfaces/dashboard/sector_scope_dashboard.py:702: FutureWarning:

Styler.applymap has been deprecated. Use Styler.map instead.

2026-07-05 12:21:26.164 Please replace `use_container_width` with `width`.

`use_container_width` will be removed after 2025-12-31.

For `use_container_width=True`, use `width='stretch'`. For `use_container_width=False`, use `width='content'`.
/Users/pratham/aitrade/trade_system_v2/src/trade_system/interfaces/dashboard/sector_scope_dashboard.py:721: FutureWarning:

Styler.applymap has been deprecated. Use Styler.map instead.

2026-07-05 12:21:26.167 Please replace `use_container_width` with `width`.

`use_container_width` will be removed after 2025-12-31.

For `use_container_width=True`, use `width='stretch'`. For `use_container_width=False`, use `width='content'`.
2026-07-05 12:21:26.178 Please replace `use_container_width` with `width`.

`use_container_width` will be removed after 2025-12-31.

For `use_container_width=True`, use `width='stretch'`. For `use_container_width=False`, use `width='content'`.
2026-07-05 12:21:50.092 Please replace `use_container_width` with `width`.

`use_container_width` will be removed after 2025-12-31.

For `use_container_width=True`, use `width='stretch'`. For `use_container_width=False`, use `width='content'`.
2026-07-05 12:21:52.002 Please replace `use_container_width` with `width`.

`use_container_width` will be removed after 2025-12-31.

For `use_container_width=True`, use `width='stretch'`. For `use_container_width=False`, use `width='content'`.
/Users/pratham/aitrade/trade_system_v2/src/trade_system/interfaces/dashboard/sector_scope_dashboard.py:1166: FutureWarning:

Styler.applymap has been deprecated. Use Styler.map instead.

2026-07-05 12:21:52.859 Please replace `use_container_width` with `width`.

`use_container_width` will be removed after 2025-12-31.

For `use_container_width=True`, use `width='stretch'`. For `use_container_width=False`, use `width='content'`.
/Users/pratham/aitrade/trade_system_v2/src/trade_system/interfaces/dashboard/sector_scope_dashboard.py:1445: FutureWarning:

Styler.applymap has been deprecated. Use Styler.map instead.

/Users/pratham/aitrade/trade_system_v2/src/trade_system/interfaces/dashboard/sector_scope_dashboard.py:1448: FutureWarning:

Styler.applymap has been deprecated. Use Styler.map instead.

2026-07-05 12:37:25.010 Please replace `use_container_width` with `width`.

`use_container_width` will be removed after 2025-12-31.

For `use_container_width=True`, use `width='stretch'`. For `use_container_width=False`, use `width='content'`.
2026-07-05 12:37:25.024 Please replace `use_container_width` with `width`.

`use_container_width` will be removed after 2025-12-31.

For `use_container_width=True`, use `width='stretch'`. For `use_container_width=False`, use `width='content'`.
2026-07-05 12:37:25.028 Please replace `use_container_width` with `width`.

`use_container_width` will be removed after 2025-12-31.

For `use_container_width=True`, use `width='stretch'`. For `use_container_width=False`, use `width='content'`.
/Users/pratham/aitrade/trade_system_v2/src/trade_system/interfaces/dashboard/sector_scope_dashboard.py:702: FutureWarning:

Styler.applymap has been deprecated. Use Styler.map instead.

2026-07-05 13:10:22.020 Please replace `use_container_width` with `width`.

`use_container_width` will be removed after 2025-12-31.

For `use_container_width=True`, use `width='stretch'`. For `use_container_width=False`, use `width='content'`.
/Users/pratham/aitrade/trade_system_v2/src/trade_system/interfaces/dashboard/sector_scope_dashboard.py:721: FutureWarning:

Styler.applymap has been deprecated. Use Styler.map instead.

2026-07-05 13:10:22.022 Please replace `use_container_width` with `width`.

`use_container_width` will be removed after 2025-12-31.

For `use_container_width=True`, use `width='stretch'`. For `use_container_width=False`, use `width='content'`.
2026-07-05 13:10:22.033 Please replace `use_container_width` with `width`.

`use_container_width` will be removed after 2025-12-31.

For `use_container_width=True`, use `width='stretch'`. For `use_container_width=False`, use `width='content'`.
2026-07-05 13:22:44.566 Please replace `use_container_width` with `width`.

`use_container_width` will be removed after 2025-12-31.

For `use_container_width=True`, use `width='stretch'`. For `use_container_width=False`, use `width='content'`.
2026-07-05 13:22:46.508 Please replace `use_container_width` with `width`.

`use_container_width` will be removed after 2025-12-31.

For `use_container_width=True`, use `width='stretch'`. For `use_container_width=False`, use `width='content'`.
/Users/pratham/aitrade/trade_system_v2/src/trade_system/interfaces/dashboard/sector_scope_dashboard.py:1166: FutureWarning:

Styler.applymap has been deprecated. Use Styler.map instead.

2026-07-05 13:22:47.484 Please replace `use_container_width` with `width`.

`use_container_width` will be removed after 2025-12-31.

For `use_container_width=True`, use `width='stretch'`. For `use_container_width=False`, use `width='content'`.
/Users/pratham/aitrade/trade_system_v2/src/trade_system/interfaces/dashboard/sector_scope_dashboard.py:1445: FutureWarning:

Styler.applymap has been deprecated. Use Styler.map instead.

/Users/pratham/aitrade/trade_system_v2/src/trade_system/interfaces/dashboard/sector_scope_dashboard.py:1448: FutureWarning:

Styler.applymap has been deprecated. Use Styler.map instead.

2026-07-05 13:40:58.757 Please replace `use_container_width` with `width`.

`use_container_width` will be removed after 2025-12-31.

For `use_container_width=True`, use `width='stretch'`. For `use_container_width=False`, use `width='content'`.
2026-07-05 13:40:58.772 Please replace `use_container_width` with `width`.

`use_container_width` will be removed after 2025-12-31.

For `use_container_width=True`, use `width='stretch'`. For `use_container_width=False`, use `width='content'`.
2026-07-05 13:40:58.776 Please replace `use_container_width` with `width`.

`use_container_width` will be removed after 2025-12-31.

For `use_container_width=True`, use `width='stretch'`. For `use_container_width=False`, use `width='content'`.
/Users/pratham/aitrade/trade_system_v2/src/trade_system/interfaces/dashboard/sector_scope_dashboard.py:702: FutureWarning:

Styler.applymap has been deprecated. Use Styler.map instead.

2026-07-05 14:13:29.426 Please replace `use_container_width` with `width`.

`use_container_width` will be removed after 2025-12-31.

For `use_container_width=True`, use `width='stretch'`. For `use_container_width=False`, use `width='content'`.
/Users/pratham/aitrade/trade_system_v2/src/trade_system/interfaces/dashboard/sector_scope_dashboard.py:721: FutureWarning:

Styler.applymap has been deprecated. Use Styler.map instead.

2026-07-05 14:13:29.429 Please replace `use_container_width` with `width`.

`use_container_width` will be removed after 2025-12-31.

For `use_container_width=True`, use `width='stretch'`. For `use_container_width=False`, use `width='content'`.
2026-07-05 14:13:29.440 Please replace `use_container_width` with `width`.

`use_container_width` will be removed after 2025-12-31.

For `use_container_width=True`, use `width='stretch'`. For `use_container_width=False`, use `width='content'`.
2026-07-05 14:23:38.380 Please replace `use_container_width` with `width`.

`use_container_width` will be removed after 2025-12-31.

For `use_container_width=True`, use `width='stretch'`. For `use_container_width=False`, use `width='content'`.
2026-07-05 14:23:40.325 Please replace `use_container_width` with `width`.

`use_container_width` will be removed after 2025-12-31.

For `use_container_width=True`, use `width='stretch'`. For `use_container_width=False`, use `width='content'`.
/Users/pratham/aitrade/trade_system_v2/src/trade_system/interfaces/dashboard/sector_scope_dashboard.py:1166: FutureWarning:

Styler.applymap has been deprecated. Use Styler.map instead.

2026-07-05 14:23:42.073 Please replace `use_container_width` with `width`.

`use_container_width` will be removed after 2025-12-31.

For `use_container_width=True`, use `width='stretch'`. For `use_container_width=False`, use `width='content'`.
/Users/pratham/aitrade/trade_system_v2/src/trade_system/interfaces/dashboard/sector_scope_dashboard.py:1445: FutureWarning:

Styler.applymap has been deprecated. Use Styler.map instead.

/Users/pratham/aitrade/trade_system_v2/src/trade_system/interfaces/dashboard/sector_scope_dashboard.py:1448: FutureWarning:

Styler.applymap has been deprecated. Use Styler.map instead.

2026-07-05 14:24:08.648 Please replace `use_container_width` with `width`.

`use_container_width` will be removed after 2025-12-31.

For `use_container_width=True`, use `width='stretch'`. For `use_container_width=False`, use `width='content'`.
2026-07-05 14:24:08.671 Please replace `use_container_width` with `width`.

`use_container_width` will be removed after 2025-12-31.

For `use_container_width=True`, use `width='stretch'`. For `use_container_width=False`, use `width='content'`.
2026-07-05 14:24:08.678 Please replace `use_container_width` with `width`.

`use_container_width` will be removed after 2025-12-31.

For `use_container_width=True`, use `width='stretch'`. For `use_container_width=False`, use `width='content'`.
/Users/pratham/aitrade/trade_system_v2/src/trade_system/interfaces/dashboard/sector_scope_dashboard.py:702: FutureWarning:

Styler.applymap has been deprecated. Use Styler.map instead.

2026-07-05 15:09:49.623 Please replace `use_container_width` with `width`.

`use_container_width` will be removed after 2025-12-31.

For `use_container_width=True`, use `width='stretch'`. For `use_container_width=False`, use `width='content'`.
/Users/pratham/aitrade/trade_system_v2/src/trade_system/interfaces/dashboard/sector_scope_dashboard.py:721: FutureWarning:

Styler.applymap has been deprecated. Use Styler.map instead.

2026-07-05 15:09:49.627 Please replace `use_container_width` with `width`.

`use_container_width` will be removed after 2025-12-31.

For `use_container_width=True`, use `width='stretch'`. For `use_container_width=False`, use `width='content'`.
2026-07-05 15:09:49.643 Please replace `use_container_width` with `width`.

`use_container_width` will be removed after 2025-12-31.

For `use_container_width=True`, use `width='stretch'`. For `use_container_width=False`, use `width='content'`.
2026-07-05 15:10:15.942 Please replace `use_container_width` with `width`.

`use_container_width` will be removed after 2025-12-31.

For `use_container_width=True`, use `width='stretch'`. For `use_container_width=False`, use `width='content'`.
2026-07-05 15:10:17.790 Please replace `use_container_width` with `width`.

`use_container_width` will be removed after 2025-12-31.

For `use_container_width=True`, use `width='stretch'`. For `use_container_width=False`, use `width='content'`.
/Users/pratham/aitrade/trade_system_v2/src/trade_system/interfaces/dashboard/sector_scope_dashboard.py:1166: FutureWarning:

Styler.applymap has been deprecated. Use Styler.map instead.

2026-07-05 15:10:18.696 Please replace `use_container_width` with `width`.

`use_container_width` will be removed after 2025-12-31.

For `use_container_width=True`, use `width='stretch'`. For `use_container_width=False`, use `width='content'`.
/Users/pratham/aitrade/trade_system_v2/src/trade_system/interfaces/dashboard/sector_scope_dashboard.py:1445: FutureWarning:

Styler.applymap has been deprecated. Use Styler.map instead.

/Users/pratham/aitrade/trade_system_v2/src/trade_system/interfaces/dashboard/sector_scope_dashboard.py:1448: FutureWarning:

Styler.applymap has been deprecated. Use Styler.map instead.

2026-07-05 15:24:36.572 Please replace `use_container_width` with `width`.

`use_container_width` will be removed after 2025-12-31.

For `use_container_width=True`, use `width='stretch'`. For `use_container_width=False`, use `width='content'`.
2026-07-05 15:24:36.601 Please replace `use_container_width` with `width`.

`use_container_width` will be removed after 2025-12-31.

For `use_container_width=True`, use `width='stretch'`. For `use_container_width=False`, use `width='content'`.
2026-07-05 15:24:36.608 Please replace `use_container_width` with `width`.

`use_container_width` will be removed after 2025-12-31.

For `use_container_width=True`, use `width='stretch'`. For `use_container_width=False`, use `width='content'`.
/Users/pratham/aitrade/trade_system_v2/src/trade_system/interfaces/dashboard/sector_scope_dashboard.py:702: FutureWarning:

Styler.applymap has been deprecated. Use Styler.map instead.

2026-07-05 15:24:48.041 Please replace `use_container_width` with `width`.

`use_container_width` will be removed after 2025-12-31.

For `use_container_width=True`, use `width='stretch'`. For `use_container_width=False`, use `width='content'`.
/Users/pratham/aitrade/trade_system_v2/src/trade_system/interfaces/dashboard/sector_scope_dashboard.py:721: FutureWarning:

Styler.applymap has been deprecated. Use Styler.map instead.

2026-07-05 15:24:48.044 Please replace `use_container_width` with `width`.

`use_container_width` will be removed after 2025-12-31.

For `use_container_width=True`, use `width='stretch'`. For `use_container_width=False`, use `width='content'`.
2026-07-05 15:24:48.055 Please replace `use_container_width` with `width`.

`use_container_width` will be removed after 2025-12-31.

For `use_container_width=True`, use `width='stretch'`. For `use_container_width=False`, use `width='content'`.
2026-07-05 15:25:07.946 Please replace `use_container_width` with `width`.

`use_container_width` will be removed after 2025-12-31.

For `use_container_width=True`, use `width='stretch'`. For `use_container_width=False`, use `width='content'`.
2026-07-05 15:40:53.161 Please replace `use_container_width` with `width`.

`use_container_width` will be removed after 2025-12-31.

For `use_container_width=True`, use `width='stretch'`. For `use_container_width=False`, use `width='content'`.
/Users/pratham/aitrade/trade_system_v2/src/trade_system/interfaces/dashboard/sector_scope_dashboard.py:1166: FutureWarning:

Styler.applymap has been deprecated. Use Styler.map instead.

2026-07-05 15:40:53.584 Please replace `use_container_width` with `width`.

`use_container_width` will be removed after 2025-12-31.

For `use_container_width=True`, use `width='stretch'`. For `use_container_width=False`, use `width='content'`.
/Users/pratham/aitrade/trade_system_v2/src/trade_system/interfaces/dashboard/sector_scope_dashboard.py:1445: FutureWarning:

Styler.applymap has been deprecated. Use Styler.map instead.

/Users/pratham/aitrade/trade_system_v2/src/trade_system/interfaces/dashboard/sector_scope_dashboard.py:1448: FutureWarning:

Styler.applymap has been deprecated. Use Styler.map instead.

2026-07-05 15:47:14.096 Please replace `use_container_width` with `width`.

`use_container_width` will be removed after 2025-12-31.

For `use_container_width=True`, use `width='stretch'`. For `use_container_width=False`, use `width='content'`.
2026-07-05 15:47:14.119 Please replace `use_container_width` with `width`.

`use_container_width` will be removed after 2025-12-31.

For `use_container_width=True`, use `width='stretch'`. For `use_container_width=False`, use `width='content'`.
2026-07-05 15:47:14.127 Please replace `use_container_width` with `width`.

`use_container_width` will be removed after 2025-12-31.

For `use_container_width=True`, use `width='stretch'`. For `use_container_width=False`, use `width='content'`.
/Users/pratham/aitrade/trade_system_v2/src/trade_system/interfaces/dashboard/sector_scope_dashboard.py:702: FutureWarning:

Styler.applymap has been deprecated. Use Styler.map instead.

2026-07-05 16:20:08.863 Please replace `use_container_width` with `width`.

`use_container_width` will be removed after 2025-12-31.

For `use_container_width=True`, use `width='stretch'`. For `use_container_width=False`, use `width='content'`.
/Users/pratham/aitrade/trade_system_v2/src/trade_system/interfaces/dashboard/sector_scope_dashboard.py:721: FutureWarning:

Styler.applymap has been deprecated. Use Styler.map instead.

2026-07-05 16:20:08.866 Please replace `use_container_width` with `width`.

`use_container_width` will be removed after 2025-12-31.

For `use_container_width=True`, use `width='stretch'`. For `use_container_width=False`, use `width='content'`.
2026-07-05 16:20:08.886 Please replace `use_container_width` with `width`.

`use_container_width` will be removed after 2025-12-31.

For `use_container_width=True`, use `width='stretch'`. For `use_container_width=False`, use `width='content'`.
2026-07-05 16:25:39.087 Please replace `use_container_width` with `width`.

`use_container_width` will be removed after 2025-12-31.

For `use_container_width=True`, use `width='stretch'`. For `use_container_width=False`, use `width='content'`.
2026-07-05 16:25:41.506 Please replace `use_container_width` with `width`.

`use_container_width` will be removed after 2025-12-31.

For `use_container_width=True`, use `width='stretch'`. For `use_container_width=False`, use `width='content'`.
/Users/pratham/aitrade/trade_system_v2/src/trade_system/interfaces/dashboard/sector_scope_dashboard.py:1166: FutureWarning:

Styler.applymap has been deprecated. Use Styler.map instead.

2026-07-05 16:25:42.689 Please replace `use_container_width` with `width`.

`use_container_width` will be removed after 2025-12-31.

For `use_container_width=True`, use `width='stretch'`. For `use_container_width=False`, use `width='content'`.
/Users/pratham/aitrade/trade_system_v2/src/trade_system/interfaces/dashboard/sector_scope_dashboard.py:1445: FutureWarning:

Styler.applymap has been deprecated. Use Styler.map instead.

/Users/pratham/aitrade/trade_system_v2/src/trade_system/interfaces/dashboard/sector_scope_dashboard.py:1448: FutureWarning:

Styler.applymap has been deprecated. Use Styler.map instead.

2026-07-05 16:42:34.348 Please replace `use_container_width` with `width`.

`use_container_width` will be removed after 2025-12-31.

For `use_container_width=True`, use `width='stretch'`. For `use_container_width=False`, use `width='content'`.
2026-07-05 16:42:34.361 Please replace `use_container_width` with `width`.

`use_container_width` will be removed after 2025-12-31.

For `use_container_width=True`, use `width='stretch'`. For `use_container_width=False`, use `width='content'`.
2026-07-05 16:42:34.365 Please replace `use_container_width` with `width`.

`use_container_width` will be removed after 2025-12-31.

For `use_container_width=True`, use `width='stretch'`. For `use_container_width=False`, use `width='content'`.
/Users/pratham/aitrade/trade_system_v2/src/trade_system/interfaces/dashboard/sector_scope_dashboard.py:702: FutureWarning:

Styler.applymap has been deprecated. Use Styler.map instead.

2026-07-05 17:26:26.611 Please replace `use_container_width` with `width`.

`use_container_width` will be removed after 2025-12-31.

For `use_container_width=True`, use `width='stretch'`. For `use_container_width=False`, use `width='content'`.
/Users/pratham/aitrade/trade_system_v2/src/trade_system/interfaces/dashboard/sector_scope_dashboard.py:721: FutureWarning:

Styler.applymap has been deprecated. Use Styler.map instead.

2026-07-05 17:26:26.613 Please replace `use_container_width` with `width`.

`use_container_width` will be removed after 2025-12-31.

For `use_container_width=True`, use `width='stretch'`. For `use_container_width=False`, use `width='content'`.
2026-07-05 17:26:26.625 Please replace `use_container_width` with `width`.

`use_container_width` will be removed after 2025-12-31.

For `use_container_width=True`, use `width='stretch'`. For `use_container_width=False`, use `width='content'`.
2026-07-05 17:26:51.235 Please replace `use_container_width` with `width`.

`use_container_width` will be removed after 2025-12-31.

For `use_container_width=True`, use `width='stretch'`. For `use_container_width=False`, use `width='content'`.
2026-07-05 17:26:53.091 Please replace `use_container_width` with `width`.

`use_container_width` will be removed after 2025-12-31.

For `use_container_width=True`, use `width='stretch'`. For `use_container_width=False`, use `width='content'`.
/Users/pratham/aitrade/trade_system_v2/src/trade_system/interfaces/dashboard/sector_scope_dashboard.py:1166: FutureWarning:

Styler.applymap has been deprecated. Use Styler.map instead.

2026-07-05 17:26:53.976 Please replace `use_container_width` with `width`.

`use_container_width` will be removed after 2025-12-31.

For `use_container_width=True`, use `width='stretch'`. For `use_container_width=False`, use `width='content'`.
/Users/pratham/aitrade/trade_system_v2/src/trade_system/interfaces/dashboard/sector_scope_dashboard.py:1445: FutureWarning:

Styler.applymap has been deprecated. Use Styler.map instead.

/Users/pratham/aitrade/trade_system_v2/src/trade_system/interfaces/dashboard/sector_scope_dashboard.py:1448: FutureWarning:

Styler.applymap has been deprecated. Use Styler.map instead.

2026-07-05 17:44:06.789 Please replace `use_container_width` with `width`.

`use_container_width` will be removed after 2025-12-31.

For `use_container_width=True`, use `width='stretch'`. For `use_container_width=False`, use `width='content'`.
2026-07-05 17:44:06.801 Please replace `use_container_width` with `width`.

`use_container_width` will be removed after 2025-12-31.

For `use_container_width=True`, use `width='stretch'`. For `use_container_width=False`, use `width='content'`.
2026-07-05 17:44:06.805 Please replace `use_container_width` with `width`.

`use_container_width` will be removed after 2025-12-31.

For `use_container_width=True`, use `width='stretch'`. For `use_container_width=False`, use `width='content'`.
/Users/pratham/aitrade/trade_system_v2/src/trade_system/interfaces/dashboard/sector_scope_dashboard.py:702: FutureWarning:

Styler.applymap has been deprecated. Use Styler.map instead.

2026-07-05 18:18:21.803 Please replace `use_container_width` with `width`.

`use_container_width` will be removed after 2025-12-31.

For `use_container_width=True`, use `width='stretch'`. For `use_container_width=False`, use `width='content'`.
/Users/pratham/aitrade/trade_system_v2/src/trade_system/interfaces/dashboard/sector_scope_dashboard.py:721: FutureWarning:

Styler.applymap has been deprecated. Use Styler.map instead.

2026-07-05 18:18:21.806 Please replace `use_container_width` with `width`.

`use_container_width` will be removed after 2025-12-31.

For `use_container_width=True`, use `width='stretch'`. For `use_container_width=False`, use `width='content'`.
2026-07-05 18:18:21.819 Please replace `use_container_width` with `width`.

`use_container_width` will be removed after 2025-12-31.

For `use_container_width=True`, use `width='stretch'`. For `use_container_width=False`, use `width='content'`.
2026-07-05 18:27:46.904 Please replace `use_container_width` with `width`.

`use_container_width` will be removed after 2025-12-31.

For `use_container_width=True`, use `width='stretch'`. For `use_container_width=False`, use `width='content'`.
2026-07-05 18:27:48.897 Please replace `use_container_width` with `width`.

`use_container_width` will be removed after 2025-12-31.

For `use_container_width=True`, use `width='stretch'`. For `use_container_width=False`, use `width='content'`.
/Users/pratham/aitrade/trade_system_v2/src/trade_system/interfaces/dashboard/sector_scope_dashboard.py:1166: FutureWarning:

Styler.applymap has been deprecated. Use Styler.map instead.

2026-07-05 18:27:49.747 Please replace `use_container_width` with `width`.

`use_container_width` will be removed after 2025-12-31.

For `use_container_width=True`, use `width='stretch'`. For `use_container_width=False`, use `width='content'`.
/Users/pratham/aitrade/trade_system_v2/src/trade_system/interfaces/dashboard/sector_scope_dashboard.py:1445: FutureWarning:

Styler.applymap has been deprecated. Use Styler.map instead.

/Users/pratham/aitrade/trade_system_v2/src/trade_system/interfaces/dashboard/sector_scope_dashboard.py:1448: FutureWarning:

Styler.applymap has been deprecated. Use Styler.map instead.

2026-07-05 18:45:42.812 Please replace `use_container_width` with `width`.

`use_container_width` will be removed after 2025-12-31.

For `use_container_width=True`, use `width='stretch'`. For `use_container_width=False`, use `width='content'`.
2026-07-05 18:45:42.825 Please replace `use_container_width` with `width`.

`use_container_width` will be removed after 2025-12-31.

For `use_container_width=True`, use `width='stretch'`. For `use_container_width=False`, use `width='content'`.
2026-07-05 18:45:42.829 Please replace `use_container_width` with `width`.

`use_container_width` will be removed after 2025-12-31.

For `use_container_width=True`, use `width='stretch'`. For `use_container_width=False`, use `width='content'`.
/Users/pratham/aitrade/trade_system_v2/src/trade_system/interfaces/dashboard/sector_scope_dashboard.py:702: FutureWarning:

Styler.applymap has been deprecated. Use Styler.map instead.

2026-07-05 19:19:05.454 Please replace `use_container_width` with `width`.

`use_container_width` will be removed after 2025-12-31.

For `use_container_width=True`, use `width='stretch'`. For `use_container_width=False`, use `width='content'`.
/Users/pratham/aitrade/trade_system_v2/src/trade_system/interfaces/dashboard/sector_scope_dashboard.py:721: FutureWarning:

Styler.applymap has been deprecated. Use Styler.map instead.

2026-07-05 19:19:05.457 Please replace `use_container_width` with `width`.

`use_container_width` will be removed after 2025-12-31.

For `use_container_width=True`, use `width='stretch'`. For `use_container_width=False`, use `width='content'`.
2026-07-05 19:19:05.467 Please replace `use_container_width` with `width`.

`use_container_width` will be removed after 2025-12-31.

For `use_container_width=True`, use `width='stretch'`. For `use_container_width=False`, use `width='content'`.
2026-07-05 19:28:38.343 Please replace `use_container_width` with `width`.

`use_container_width` will be removed after 2025-12-31.

For `use_container_width=True`, use `width='stretch'`. For `use_container_width=False`, use `width='content'`.
2026-07-05 19:28:40.193 Please replace `use_container_width` with `width`.

`use_container_width` will be removed after 2025-12-31.

For `use_container_width=True`, use `width='stretch'`. For `use_container_width=False`, use `width='content'`.
/Users/pratham/aitrade/trade_system_v2/src/trade_system/interfaces/dashboard/sector_scope_dashboard.py:1166: FutureWarning:

Styler.applymap has been deprecated. Use Styler.map instead.

2026-07-05 19:28:41.064 Please replace `use_container_width` with `width`.

`use_container_width` will be removed after 2025-12-31.

For `use_container_width=True`, use `width='stretch'`. For `use_container_width=False`, use `width='content'`.
/Users/pratham/aitrade/trade_system_v2/src/trade_system/interfaces/dashboard/sector_scope_dashboard.py:1445: FutureWarning:

Styler.applymap has been deprecated. Use Styler.map instead.

/Users/pratham/aitrade/trade_system_v2/src/trade_system/interfaces/dashboard/sector_scope_dashboard.py:1448: FutureWarning:

Styler.applymap has been deprecated. Use Styler.map instead.

2026-07-05 20:01:47.469 Please replace `use_container_width` with `width`.

`use_container_width` will be removed after 2025-12-31.

For `use_container_width=True`, use `width='stretch'`. For `use_container_width=False`, use `width='content'`.
2026-07-05 20:01:47.481 Please replace `use_container_width` with `width`.

`use_container_width` will be removed after 2025-12-31.

For `use_container_width=True`, use `width='stretch'`. For `use_container_width=False`, use `width='content'`.
2026-07-05 20:01:47.485 Please replace `use_container_width` with `width`.

`use_container_width` will be removed after 2025-12-31.

For `use_container_width=True`, use `width='stretch'`. For `use_container_width=False`, use `width='content'`.
/Users/pratham/aitrade/trade_system_v2/src/trade_system/interfaces/dashboard/sector_scope_dashboard.py:702: FutureWarning:

Styler.applymap has been deprecated. Use Styler.map instead.

2026-07-05 20:29:42.244 Please replace `use_container_width` with `width`.

`use_container_width` will be removed after 2025-12-31.

For `use_container_width=True`, use `width='stretch'`. For `use_container_width=False`, use `width='content'`.
/Users/pratham/aitrade/trade_system_v2/src/trade_system/interfaces/dashboard/sector_scope_dashboard.py:721: FutureWarning:

Styler.applymap has been deprecated. Use Styler.map instead.

2026-07-05 20:29:42.247 Please replace `use_container_width` with `width`.

`use_container_width` will be removed after 2025-12-31.

For `use_container_width=True`, use `width='stretch'`. For `use_container_width=False`, use `width='content'`.
2026-07-05 20:29:42.261 Please replace `use_container_width` with `width`.

`use_container_width` will be removed after 2025-12-31.

For `use_container_width=True`, use `width='stretch'`. For `use_container_width=False`, use `width='content'`.
2026-07-05 20:30:07.374 Please replace `use_container_width` with `width`.

`use_container_width` will be removed after 2025-12-31.

For `use_container_width=True`, use `width='stretch'`. For `use_container_width=False`, use `width='content'`.
2026-07-05 20:30:08.631 Please replace `use_container_width` with `width`.

`use_container_width` will be removed after 2025-12-31.

For `use_container_width=True`, use `width='stretch'`. For `use_container_width=False`, use `width='content'`.
/Users/pratham/aitrade/trade_system_v2/src/trade_system/interfaces/dashboard/sector_scope_dashboard.py:1166: FutureWarning:

Styler.applymap has been deprecated. Use Styler.map instead.

2026-07-05 20:30:09.057 Please replace `use_container_width` with `width`.

`use_container_width` will be removed after 2025-12-31.

For `use_container_width=True`, use `width='stretch'`. For `use_container_width=False`, use `width='content'`.
/Users/pratham/aitrade/trade_system_v2/src/trade_system/interfaces/dashboard/sector_scope_dashboard.py:1445: FutureWarning:

Styler.applymap has been deprecated. Use Styler.map instead.

/Users/pratham/aitrade/trade_system_v2/src/trade_system/interfaces/dashboard/sector_scope_dashboard.py:1448: FutureWarning:

Styler.applymap has been deprecated. Use Styler.map instead.

2026-07-05 21:22:13.799 Please replace `use_container_width` with `width`.

`use_container_width` will be removed after 2025-12-31.

For `use_container_width=True`, use `width='stretch'`. For `use_container_width=False`, use `width='content'`.
2026-07-05 21:22:13.813 Please replace `use_container_width` with `width`.

`use_container_width` will be removed after 2025-12-31.

For `use_container_width=True`, use `width='stretch'`. For `use_container_width=False`, use `width='content'`.
2026-07-05 21:22:13.818 Please replace `use_container_width` with `width`.

`use_container_width` will be removed after 2025-12-31.

For `use_container_width=True`, use `width='stretch'`. For `use_container_width=False`, use `width='content'`.
/Users/pratham/aitrade/trade_system_v2/src/trade_system/interfaces/dashboard/sector_scope_dashboard.py:702: FutureWarning:

Styler.applymap has been deprecated. Use Styler.map instead.

2026-07-05 21:30:40.607 Please replace `use_container_width` with `width`.

`use_container_width` will be removed after 2025-12-31.

For `use_container_width=True`, use `width='stretch'`. For `use_container_width=False`, use `width='content'`.
/Users/pratham/aitrade/trade_system_v2/src/trade_system/interfaces/dashboard/sector_scope_dashboard.py:721: FutureWarning:

Styler.applymap has been deprecated. Use Styler.map instead.

2026-07-05 21:30:40.610 Please replace `use_container_width` with `width`.

`use_container_width` will be removed after 2025-12-31.

For `use_container_width=True`, use `width='stretch'`. For `use_container_width=False`, use `width='content'`.
2026-07-05 21:30:40.620 Please replace `use_container_width` with `width`.

`use_container_width` will be removed after 2025-12-31.

For `use_container_width=True`, use `width='stretch'`. For `use_container_width=False`, use `width='content'`.
2026-07-05 21:31:06.040 Please replace `use_container_width` with `width`.

`use_container_width` will be removed after 2025-12-31.

For `use_container_width=True`, use `width='stretch'`. For `use_container_width=False`, use `width='content'`.
2026-07-05 21:31:07.900 Please replace `use_container_width` with `width`.

`use_container_width` will be removed after 2025-12-31.

For `use_container_width=True`, use `width='stretch'`. For `use_container_width=False`, use `width='content'`.
/Users/pratham/aitrade/trade_system_v2/src/trade_system/interfaces/dashboard/sector_scope_dashboard.py:1166: FutureWarning:

Styler.applymap has been deprecated. Use Styler.map instead.

2026-07-05 21:31:08.778 Please replace `use_container_width` with `width`.

`use_container_width` will be removed after 2025-12-31.

For `use_container_width=True`, use `width='stretch'`. For `use_container_width=False`, use `width='content'`.
/Users/pratham/aitrade/trade_system_v2/src/trade_system/interfaces/dashboard/sector_scope_dashboard.py:1445: FutureWarning:

Styler.applymap has been deprecated. Use Styler.map instead.

/Users/pratham/aitrade/trade_system_v2/src/trade_system/interfaces/dashboard/sector_scope_dashboard.py:1448: FutureWarning:

Styler.applymap has been deprecated. Use Styler.map instead.

2026-07-05 22:02:51.389 Please replace `use_container_width` with `width`.

`use_container_width` will be removed after 2025-12-31.

For `use_container_width=True`, use `width='stretch'`. For `use_container_width=False`, use `width='content'`.
2026-07-05 22:02:51.403 Please replace `use_container_width` with `width`.

`use_container_width` will be removed after 2025-12-31.

For `use_container_width=True`, use `width='stretch'`. For `use_container_width=False`, use `width='content'`.
2026-07-05 22:02:51.408 Please replace `use_container_width` with `width`.

`use_container_width` will be removed after 2025-12-31.

For `use_container_width=True`, use `width='stretch'`. For `use_container_width=False`, use `width='content'`.
/Users/pratham/aitrade/trade_system_v2/src/trade_system/interfaces/dashboard/sector_scope_dashboard.py:702: FutureWarning:

Styler.applymap has been deprecated. Use Styler.map instead.

2026-07-05 22:31:37.900 Please replace `use_container_width` with `width`.

`use_container_width` will be removed after 2025-12-31.

For `use_container_width=True`, use `width='stretch'`. For `use_container_width=False`, use `width='content'`.
/Users/pratham/aitrade/trade_system_v2/src/trade_system/interfaces/dashboard/sector_scope_dashboard.py:721: FutureWarning:

Styler.applymap has been deprecated. Use Styler.map instead.

2026-07-05 22:31:37.903 Please replace `use_container_width` with `width`.

`use_container_width` will be removed after 2025-12-31.

For `use_container_width=True`, use `width='stretch'`. For `use_container_width=False`, use `width='content'`.
2026-07-05 22:31:37.914 Please replace `use_container_width` with `width`.

`use_container_width` will be removed after 2025-12-31.

For `use_container_width=True`, use `width='stretch'`. For `use_container_width=False`, use `width='content'`.
2026-07-05 22:32:03.401 Please replace `use_container_width` with `width`.

`use_container_width` will be removed after 2025-12-31.

For `use_container_width=True`, use `width='stretch'`. For `use_container_width=False`, use `width='content'`.
2026-07-05 22:32:05.345 Please replace `use_container_width` with `width`.

`use_container_width` will be removed after 2025-12-31.

For `use_container_width=True`, use `width='stretch'`. For `use_container_width=False`, use `width='content'`.
/Users/pratham/aitrade/trade_system_v2/src/trade_system/interfaces/dashboard/sector_scope_dashboard.py:1166: FutureWarning:

Styler.applymap has been deprecated. Use Styler.map instead.

2026-07-05 22:32:06.310 Please replace `use_container_width` with `width`.

`use_container_width` will be removed after 2025-12-31.

For `use_container_width=True`, use `width='stretch'`. For `use_container_width=False`, use `width='content'`.
/Users/pratham/aitrade/trade_system_v2/src/trade_system/interfaces/dashboard/sector_scope_dashboard.py:1445: FutureWarning:

Styler.applymap has been deprecated. Use Styler.map instead.

/Users/pratham/aitrade/trade_system_v2/src/trade_system/interfaces/dashboard/sector_scope_dashboard.py:1448: FutureWarning:

Styler.applymap has been deprecated. Use Styler.map instead.

2026-07-05 23:05:43.142 Please replace `use_container_width` with `width`.

`use_container_width` will be removed after 2025-12-31.

For `use_container_width=True`, use `width='stretch'`. For `use_container_width=False`, use `width='content'`.
2026-07-05 23:05:43.154 Please replace `use_container_width` with `width`.

`use_container_width` will be removed after 2025-12-31.

For `use_container_width=True`, use `width='stretch'`. For `use_container_width=False`, use `width='content'`.
2026-07-05 23:05:43.158 Please replace `use_container_width` with `width`.

`use_container_width` will be removed after 2025-12-31.

For `use_container_width=True`, use `width='stretch'`. For `use_container_width=False`, use `width='content'`.
/Users/pratham/aitrade/trade_system_v2/src/trade_system/interfaces/dashboard/sector_scope_dashboard.py:702: FutureWarning:

Styler.applymap has been deprecated. Use Styler.map instead.

2026-07-05 23:32:35.068 Please replace `use_container_width` with `width`.

`use_container_width` will be removed after 2025-12-31.

For `use_container_width=True`, use `width='stretch'`. For `use_container_width=False`, use `width='content'`.
/Users/pratham/aitrade/trade_system_v2/src/trade_system/interfaces/dashboard/sector_scope_dashboard.py:721: FutureWarning:

Styler.applymap has been deprecated. Use Styler.map instead.

2026-07-05 23:32:35.074 Please replace `use_container_width` with `width`.

`use_container_width` will be removed after 2025-12-31.

For `use_container_width=True`, use `width='stretch'`. For `use_container_width=False`, use `width='content'`.
2026-07-05 23:32:35.104 Please replace `use_container_width` with `width`.

`use_container_width` will be removed after 2025-12-31.

For `use_container_width=True`, use `width='stretch'`. For `use_container_width=False`, use `width='content'`.
2026-07-05 23:33:06.443 Please replace `use_container_width` with `width`.

`use_container_width` will be removed after 2025-12-31.

For `use_container_width=True`, use `width='stretch'`. For `use_container_width=False`, use `width='content'`.
2026-07-05 23:33:08.327 Please replace `use_container_width` with `width`.

`use_container_width` will be removed after 2025-12-31.

For `use_container_width=True`, use `width='stretch'`. For `use_container_width=False`, use `width='content'`.
/Users/pratham/aitrade/trade_system_v2/src/trade_system/interfaces/dashboard/sector_scope_dashboard.py:1166: FutureWarning:

Styler.applymap has been deprecated. Use Styler.map instead.

2026-07-05 23:33:09.292 Please replace `use_container_width` with `width`.

`use_container_width` will be removed after 2025-12-31.

For `use_container_width=True`, use `width='stretch'`. For `use_container_width=False`, use `width='content'`.
/Users/pratham/aitrade/trade_system_v2/src/trade_system/interfaces/dashboard/sector_scope_dashboard.py:1445: FutureWarning:

Styler.applymap has been deprecated. Use Styler.map instead.

/Users/pratham/aitrade/trade_system_v2/src/trade_system/interfaces/dashboard/sector_scope_dashboard.py:1448: FutureWarning:

Styler.applymap has been deprecated. Use Styler.map instead.

2026-07-06 00:00:09.816 Please replace `use_container_width` with `width`.

`use_container_width` will be removed after 2025-12-31.

For `use_container_width=True`, use `width='stretch'`. For `use_container_width=False`, use `width='content'`.
2026-07-06 00:00:09.860 Please replace `use_container_width` with `width`.

`use_container_width` will be removed after 2025-12-31.

For `use_container_width=True`, use `width='stretch'`. For `use_container_width=False`, use `width='content'`.
2026-07-06 00:00:09.873 Please replace `use_container_width` with `width`.

`use_container_width` will be removed after 2025-12-31.

For `use_container_width=True`, use `width='stretch'`. For `use_container_width=False`, use `width='content'`.
/Users/pratham/aitrade/trade_system_v2/src/trade_system/interfaces/dashboard/sector_scope_dashboard.py:702: FutureWarning:

Styler.applymap has been deprecated. Use Styler.map instead.

2026-07-06 00:00:21.181 Please replace `use_container_width` with `width`.

`use_container_width` will be removed after 2025-12-31.

For `use_container_width=True`, use `width='stretch'`. For `use_container_width=False`, use `width='content'`.
/Users/pratham/aitrade/trade_system_v2/src/trade_system/interfaces/dashboard/sector_scope_dashboard.py:721: FutureWarning:

Styler.applymap has been deprecated. Use Styler.map instead.

2026-07-06 00:00:21.183 Please replace `use_container_width` with `width`.

`use_container_width` will be removed after 2025-12-31.

For `use_container_width=True`, use `width='stretch'`. For `use_container_width=False`, use `width='content'`.
2026-07-06 00:00:21.194 Please replace `use_container_width` with `width`.

`use_container_width` will be removed after 2025-12-31.

For `use_container_width=True`, use `width='stretch'`. For `use_container_width=False`, use `width='content'`.
2026-07-06 00:00:42.843 Please replace `use_container_width` with `width`.

`use_container_width` will be removed after 2025-12-31.

For `use_container_width=True`, use `width='stretch'`. For `use_container_width=False`, use `width='content'`.
2026-07-06 00:17:13.214 Please replace `use_container_width` with `width`.

`use_container_width` will be removed after 2025-12-31.

For `use_container_width=True`, use `width='stretch'`. For `use_container_width=False`, use `width='content'`.
/Users/pratham/aitrade/trade_system_v2/src/trade_system/interfaces/dashboard/sector_scope_dashboard.py:1166: FutureWarning:

Styler.applymap has been deprecated. Use Styler.map instead.

2026-07-06 00:17:13.641 Please replace `use_container_width` with `width`.

`use_container_width` will be removed after 2025-12-31.

For `use_container_width=True`, use `width='stretch'`. For `use_container_width=False`, use `width='content'`.
/Users/pratham/aitrade/trade_system_v2/src/trade_system/interfaces/dashboard/sector_scope_dashboard.py:1445: FutureWarning:

Styler.applymap has been deprecated. Use Styler.map instead.

/Users/pratham/aitrade/trade_system_v2/src/trade_system/interfaces/dashboard/sector_scope_dashboard.py:1448: FutureWarning:

Styler.applymap has been deprecated. Use Styler.map instead.

2026-07-06 00:50:32.675 Please replace `use_container_width` with `width`.

`use_container_width` will be removed after 2025-12-31.

For `use_container_width=True`, use `width='stretch'`. For `use_container_width=False`, use `width='content'`.
2026-07-06 00:50:32.688 Please replace `use_container_width` with `width`.

`use_container_width` will be removed after 2025-12-31.

For `use_container_width=True`, use `width='stretch'`. For `use_container_width=False`, use `width='content'`.
2026-07-06 00:50:32.692 Please replace `use_container_width` with `width`.

`use_container_width` will be removed after 2025-12-31.

For `use_container_width=True`, use `width='stretch'`. For `use_container_width=False`, use `width='content'`.
/Users/pratham/aitrade/trade_system_v2/src/trade_system/interfaces/dashboard/sector_scope_dashboard.py:702: FutureWarning:

Styler.applymap has been deprecated. Use Styler.map instead.

2026-07-06 02:13:22.400 Please replace `use_container_width` with `width`.

`use_container_width` will be removed after 2025-12-31.

For `use_container_width=True`, use `width='stretch'`. For `use_container_width=False`, use `width='content'`.
/Users/pratham/aitrade/trade_system_v2/src/trade_system/interfaces/dashboard/sector_scope_dashboard.py:721: FutureWarning:

Styler.applymap has been deprecated. Use Styler.map instead.

2026-07-06 02:13:22.402 Please replace `use_container_width` with `width`.

`use_container_width` will be removed after 2025-12-31.

For `use_container_width=True`, use `width='stretch'`. For `use_container_width=False`, use `width='content'`.
2026-07-06 02:13:22.412 Please replace `use_container_width` with `width`.

`use_container_width` will be removed after 2025-12-31.

For `use_container_width=True`, use `width='stretch'`. For `use_container_width=False`, use `width='content'`.
2026-07-06 02:46:31.643 Please replace `use_container_width` with `width`.

`use_container_width` will be removed after 2025-12-31.

For `use_container_width=True`, use `width='stretch'`. For `use_container_width=False`, use `width='content'`.
2026-07-06 02:46:32.566 Please replace `use_container_width` with `width`.

`use_container_width` will be removed after 2025-12-31.

For `use_container_width=True`, use `width='stretch'`. For `use_container_width=False`, use `width='content'`.
/Users/pratham/aitrade/trade_system_v2/src/trade_system/interfaces/dashboard/sector_scope_dashboard.py:1166: FutureWarning:

Styler.applymap has been deprecated. Use Styler.map instead.

2026-07-06 02:46:32.995 Please replace `use_container_width` with `width`.

`use_container_width` will be removed after 2025-12-31.

For `use_container_width=True`, use `width='stretch'`. For `use_container_width=False`, use `width='content'`.
/Users/pratham/aitrade/trade_system_v2/src/trade_system/interfaces/dashboard/sector_scope_dashboard.py:1445: FutureWarning:

Styler.applymap has been deprecated. Use Styler.map instead.

/Users/pratham/aitrade/trade_system_v2/src/trade_system/interfaces/dashboard/sector_scope_dashboard.py:1448: FutureWarning:

Styler.applymap has been deprecated. Use Styler.map instead.

2026-07-06 03:27:22.036 Please replace `use_container_width` with `width`.

`use_container_width` will be removed after 2025-12-31.

For `use_container_width=True`, use `width='stretch'`. For `use_container_width=False`, use `width='content'`.
2026-07-06 03:27:22.050 Please replace `use_container_width` with `width`.

`use_container_width` will be removed after 2025-12-31.

For `use_container_width=True`, use `width='stretch'`. For `use_container_width=False`, use `width='content'`.
2026-07-06 03:27:22.054 Please replace `use_container_width` with `width`.

`use_container_width` will be removed after 2025-12-31.

For `use_container_width=True`, use `width='stretch'`. For `use_container_width=False`, use `width='content'`.
/Users/pratham/aitrade/trade_system_v2/src/trade_system/interfaces/dashboard/sector_scope_dashboard.py:702: FutureWarning:

Styler.applymap has been deprecated. Use Styler.map instead.

2026-07-06 03:27:53.939 Please replace `use_container_width` with `width`.

`use_container_width` will be removed after 2025-12-31.

For `use_container_width=True`, use `width='stretch'`. For `use_container_width=False`, use `width='content'`.
/Users/pratham/aitrade/trade_system_v2/src/trade_system/interfaces/dashboard/sector_scope_dashboard.py:721: FutureWarning:

Styler.applymap has been deprecated. Use Styler.map instead.

2026-07-06 03:27:53.941 Please replace `use_container_width` with `width`.

`use_container_width` will be removed after 2025-12-31.

For `use_container_width=True`, use `width='stretch'`. For `use_container_width=False`, use `width='content'`.
2026-07-06 03:27:53.952 Please replace `use_container_width` with `width`.

`use_container_width` will be removed after 2025-12-31.

For `use_container_width=True`, use `width='stretch'`. For `use_container_width=False`, use `width='content'`.
2026-07-06 03:28:06.108 Please replace `use_container_width` with `width`.

`use_container_width` will be removed after 2025-12-31.

For `use_container_width=True`, use `width='stretch'`. For `use_container_width=False`, use `width='content'`.
2026-07-06 03:45:51.193 Please replace `use_container_width` with `width`.

`use_container_width` will be removed after 2025-12-31.

For `use_container_width=True`, use `width='stretch'`. For `use_container_width=False`, use `width='content'`.
/Users/pratham/aitrade/trade_system_v2/src/trade_system/interfaces/dashboard/sector_scope_dashboard.py:1166: FutureWarning:

Styler.applymap has been deprecated. Use Styler.map instead.

2026-07-06 03:45:51.615 Please replace `use_container_width` with `width`.

`use_container_width` will be removed after 2025-12-31.

For `use_container_width=True`, use `width='stretch'`. For `use_container_width=False`, use `width='content'`.
/Users/pratham/aitrade/trade_system_v2/src/trade_system/interfaces/dashboard/sector_scope_dashboard.py:1445: FutureWarning:

Styler.applymap has been deprecated. Use Styler.map instead.

/Users/pratham/aitrade/trade_system_v2/src/trade_system/interfaces/dashboard/sector_scope_dashboard.py:1448: FutureWarning:

Styler.applymap has been deprecated. Use Styler.map instead.

2026-07-06 04:20:02.775 Please replace `use_container_width` with `width`.

`use_container_width` will be removed after 2025-12-31.

For `use_container_width=True`, use `width='stretch'`. For `use_container_width=False`, use `width='content'`.
2026-07-06 04:20:02.789 Please replace `use_container_width` with `width`.

`use_container_width` will be removed after 2025-12-31.

For `use_container_width=True`, use `width='stretch'`. For `use_container_width=False`, use `width='content'`.
2026-07-06 04:20:02.793 Please replace `use_container_width` with `width`.

`use_container_width` will be removed after 2025-12-31.

For `use_container_width=True`, use `width='stretch'`. For `use_container_width=False`, use `width='content'`.
/Users/pratham/aitrade/trade_system_v2/src/trade_system/interfaces/dashboard/sector_scope_dashboard.py:702: FutureWarning:

Styler.applymap has been deprecated. Use Styler.map instead.

2026-07-06 05:57:44.144 Please replace `use_container_width` with `width`.

`use_container_width` will be removed after 2025-12-31.

For `use_container_width=True`, use `width='stretch'`. For `use_container_width=False`, use `width='content'`.
/Users/pratham/aitrade/trade_system_v2/src/trade_system/interfaces/dashboard/sector_scope_dashboard.py:721: FutureWarning:

Styler.applymap has been deprecated. Use Styler.map instead.

2026-07-06 05:57:44.148 Please replace `use_container_width` with `width`.

`use_container_width` will be removed after 2025-12-31.

For `use_container_width=True`, use `width='stretch'`. For `use_container_width=False`, use `width='content'`.
2026-07-06 05:57:44.165 Please replace `use_container_width` with `width`.

`use_container_width` will be removed after 2025-12-31.

For `use_container_width=True`, use `width='stretch'`. For `use_container_width=False`, use `width='content'`.
2026-07-06 06:28:41.327 Please replace `use_container_width` with `width`.

`use_container_width` will be removed after 2025-12-31.

For `use_container_width=True`, use `width='stretch'`. For `use_container_width=False`, use `width='content'`.
2026-07-06 06:28:43.137 Please replace `use_container_width` with `width`.

`use_container_width` will be removed after 2025-12-31.

For `use_container_width=True`, use `width='stretch'`. For `use_container_width=False`, use `width='content'`.
/Users/pratham/aitrade/trade_system_v2/src/trade_system/interfaces/dashboard/sector_scope_dashboard.py:1166: FutureWarning:

Styler.applymap has been deprecated. Use Styler.map instead.

2026-07-06 06:28:44.379 Please replace `use_container_width` with `width`.

`use_container_width` will be removed after 2025-12-31.

For `use_container_width=True`, use `width='stretch'`. For `use_container_width=False`, use `width='content'`.
/Users/pratham/aitrade/trade_system_v2/src/trade_system/interfaces/dashboard/sector_scope_dashboard.py:1445: FutureWarning:

Styler.applymap has been deprecated. Use Styler.map instead.

/Users/pratham/aitrade/trade_system_v2/src/trade_system/interfaces/dashboard/sector_scope_dashboard.py:1448: FutureWarning:

Styler.applymap has been deprecated. Use Styler.map instead.

2026-07-06 06:29:13.495 Please replace `use_container_width` with `width`.

`use_container_width` will be removed after 2025-12-31.

For `use_container_width=True`, use `width='stretch'`. For `use_container_width=False`, use `width='content'`.
2026-07-06 06:29:13.525 Please replace `use_container_width` with `width`.

`use_container_width` will be removed after 2025-12-31.

For `use_container_width=True`, use `width='stretch'`. For `use_container_width=False`, use `width='content'`.
2026-07-06 06:29:13.534 Please replace `use_container_width` with `width`.

`use_container_width` will be removed after 2025-12-31.

For `use_container_width=True`, use `width='stretch'`. For `use_container_width=False`, use `width='content'`.
/Users/pratham/aitrade/trade_system_v2/src/trade_system/interfaces/dashboard/sector_scope_dashboard.py:702: FutureWarning:

Styler.applymap has been deprecated. Use Styler.map instead.

2026-07-06 07:02:53.168 Please replace `use_container_width` with `width`.

`use_container_width` will be removed after 2025-12-31.

For `use_container_width=True`, use `width='stretch'`. For `use_container_width=False`, use `width='content'`.
/Users/pratham/aitrade/trade_system_v2/src/trade_system/interfaces/dashboard/sector_scope_dashboard.py:721: FutureWarning:

Styler.applymap has been deprecated. Use Styler.map instead.

2026-07-06 07:02:53.171 Please replace `use_container_width` with `width`.

`use_container_width` will be removed after 2025-12-31.

For `use_container_width=True`, use `width='stretch'`. For `use_container_width=False`, use `width='content'`.
2026-07-06 07:02:53.181 Please replace `use_container_width` with `width`.

`use_container_width` will be removed after 2025-12-31.

For `use_container_width=True`, use `width='stretch'`. For `use_container_width=False`, use `width='content'`.
2026-07-06 07:29:32.483 Please replace `use_container_width` with `width`.

`use_container_width` will be removed after 2025-12-31.

For `use_container_width=True`, use `width='stretch'`. For `use_container_width=False`, use `width='content'`.
2026-07-06 07:29:33.499 Please replace `use_container_width` with `width`.

`use_container_width` will be removed after 2025-12-31.

For `use_container_width=True`, use `width='stretch'`. For `use_container_width=False`, use `width='content'`.
/Users/pratham/aitrade/trade_system_v2/src/trade_system/interfaces/dashboard/sector_scope_dashboard.py:1166: FutureWarning:

Styler.applymap has been deprecated. Use Styler.map instead.

2026-07-06 07:29:34.234 Please replace `use_container_width` with `width`.

`use_container_width` will be removed after 2025-12-31.

For `use_container_width=True`, use `width='stretch'`. For `use_container_width=False`, use `width='content'`.
/Users/pratham/aitrade/trade_system_v2/src/trade_system/interfaces/dashboard/sector_scope_dashboard.py:1445: FutureWarning:

Styler.applymap has been deprecated. Use Styler.map instead.

/Users/pratham/aitrade/trade_system_v2/src/trade_system/interfaces/dashboard/sector_scope_dashboard.py:1448: FutureWarning:

Styler.applymap has been deprecated. Use Styler.map instead.

2026-07-06 07:30:03.161 Please replace `use_container_width` with `width`.

`use_container_width` will be removed after 2025-12-31.

For `use_container_width=True`, use `width='stretch'`. For `use_container_width=False`, use `width='content'`.
2026-07-06 07:30:03.185 Please replace `use_container_width` with `width`.

`use_container_width` will be removed after 2025-12-31.

For `use_container_width=True`, use `width='stretch'`. For `use_container_width=False`, use `width='content'`.
2026-07-06 07:30:03.192 Please replace `use_container_width` with `width`.

`use_container_width` will be removed after 2025-12-31.

For `use_container_width=True`, use `width='stretch'`. For `use_container_width=False`, use `width='content'`.
/Users/pratham/aitrade/trade_system_v2/src/trade_system/interfaces/dashboard/sector_scope_dashboard.py:702: FutureWarning:

Styler.applymap has been deprecated. Use Styler.map instead.

2026-07-06 07:47:43.817 Please replace `use_container_width` with `width`.

`use_container_width` will be removed after 2025-12-31.

For `use_container_width=True`, use `width='stretch'`. For `use_container_width=False`, use `width='content'`.
/Users/pratham/aitrade/trade_system_v2/src/trade_system/interfaces/dashboard/sector_scope_dashboard.py:721: FutureWarning:

Styler.applymap has been deprecated. Use Styler.map instead.

2026-07-06 07:47:43.821 Please replace `use_container_width` with `width`.

`use_container_width` will be removed after 2025-12-31.

For `use_container_width=True`, use `width='stretch'`. For `use_container_width=False`, use `width='content'`.
2026-07-06 07:47:43.838 Please replace `use_container_width` with `width`.

`use_container_width` will be removed after 2025-12-31.

For `use_container_width=True`, use `width='stretch'`. For `use_container_width=False`, use `width='content'`.
2026-07-06 08:13:11.538 Please replace `use_container_width` with `width`.

`use_container_width` will be removed after 2025-12-31.

For `use_container_width=True`, use `width='stretch'`. For `use_container_width=False`, use `width='content'`.
2026-07-06 08:13:13.435 Please replace `use_container_width` with `width`.

`use_container_width` will be removed after 2025-12-31.

For `use_container_width=True`, use `width='stretch'`. For `use_container_width=False`, use `width='content'`.
/Users/pratham/aitrade/trade_system_v2/src/trade_system/interfaces/dashboard/sector_scope_dashboard.py:1166: FutureWarning:

Styler.applymap has been deprecated. Use Styler.map instead.

2026-07-06 08:13:14.364 Please replace `use_container_width` with `width`.

`use_container_width` will be removed after 2025-12-31.

For `use_container_width=True`, use `width='stretch'`. For `use_container_width=False`, use `width='content'`.
/Users/pratham/aitrade/trade_system_v2/src/trade_system/interfaces/dashboard/sector_scope_dashboard.py:1445: FutureWarning:

Styler.applymap has been deprecated. Use Styler.map instead.

/Users/pratham/aitrade/trade_system_v2/src/trade_system/interfaces/dashboard/sector_scope_dashboard.py:1448: FutureWarning:

Styler.applymap has been deprecated. Use Styler.map instead.

2026-07-06 08:46:48.275 Please replace `use_container_width` with `width`.

`use_container_width` will be removed after 2025-12-31.

For `use_container_width=True`, use `width='stretch'`. For `use_container_width=False`, use `width='content'`.
2026-07-06 08:46:48.290 Please replace `use_container_width` with `width`.

`use_container_width` will be removed after 2025-12-31.

For `use_container_width=True`, use `width='stretch'`. For `use_container_width=False`, use `width='content'`.
2026-07-06 08:46:48.293 Please replace `use_container_width` with `width`.

`use_container_width` will be removed after 2025-12-31.

For `use_container_width=True`, use `width='stretch'`. For `use_container_width=False`, use `width='content'`.
/Users/pratham/aitrade/trade_system_v2/src/trade_system/interfaces/dashboard/sector_scope_dashboard.py:702: FutureWarning:

Styler.applymap has been deprecated. Use Styler.map instead.

2026-07-06 08:59:12.475 Please replace `use_container_width` with `width`.

`use_container_width` will be removed after 2025-12-31.

For `use_container_width=True`, use `width='stretch'`. For `use_container_width=False`, use `width='content'`.
/Users/pratham/aitrade/trade_system_v2/src/trade_system/interfaces/dashboard/sector_scope_dashboard.py:721: FutureWarning:

Styler.applymap has been deprecated. Use Styler.map instead.

2026-07-06 08:59:12.478 Please replace `use_container_width` with `width`.

`use_container_width` will be removed after 2025-12-31.

For `use_container_width=True`, use `width='stretch'`. For `use_container_width=False`, use `width='content'`.
2026-07-06 08:59:12.497 Please replace `use_container_width` with `width`.

`use_container_width` will be removed after 2025-12-31.

For `use_container_width=True`, use `width='stretch'`. For `use_container_width=False`, use `width='content'`.
2026-07-06 08:59:31.767 Please replace `use_container_width` with `width`.

`use_container_width` will be removed after 2025-12-31.

For `use_container_width=True`, use `width='stretch'`. For `use_container_width=False`, use `width='content'`.
2026-07-06 08:59:33.710 Please replace `use_container_width` with `width`.

`use_container_width` will be removed after 2025-12-31.

For `use_container_width=True`, use `width='stretch'`. For `use_container_width=False`, use `width='content'`.
/Users/pratham/aitrade/trade_system_v2/src/trade_system/interfaces/dashboard/sector_scope_dashboard.py:1166: FutureWarning:

Styler.applymap has been deprecated. Use Styler.map instead.

2026-07-06 08:59:34.581 Please replace `use_container_width` with `width`.

`use_container_width` will be removed after 2025-12-31.

For `use_container_width=True`, use `width='stretch'`. For `use_container_width=False`, use `width='content'`.
/Users/pratham/aitrade/trade_system_v2/src/trade_system/interfaces/dashboard/sector_scope_dashboard.py:1445: FutureWarning:

Styler.applymap has been deprecated. Use Styler.map instead.

/Users/pratham/aitrade/trade_system_v2/src/trade_system/interfaces/dashboard/sector_scope_dashboard.py:1448: FutureWarning:

Styler.applymap has been deprecated. Use Styler.map instead.

2026-07-06 09:00:06.596 Please replace `use_container_width` with `width`.

`use_container_width` will be removed after 2025-12-31.

For `use_container_width=True`, use `width='stretch'`. For `use_container_width=False`, use `width='content'`.
2026-07-06 09:00:06.620 Please replace `use_container_width` with `width`.

`use_container_width` will be removed after 2025-12-31.

For `use_container_width=True`, use `width='stretch'`. For `use_container_width=False`, use `width='content'`.
2026-07-06 09:00:06.624 Please replace `use_container_width` with `width`.

`use_container_width` will be removed after 2025-12-31.

For `use_container_width=True`, use `width='stretch'`. For `use_container_width=False`, use `width='content'`.
2026-07-06 09:02:01.084 Please replace `use_container_width` with `width`.

`use_container_width` will be removed after 2025-12-31.

For `use_container_width=True`, use `width='stretch'`. For `use_container_width=False`, use `width='content'`.
2026-07-06 09:02:01.095 Please replace `use_container_width` with `width`.

`use_container_width` will be removed after 2025-12-31.

For `use_container_width=True`, use `width='stretch'`. For `use_container_width=False`, use `width='content'`.
2026-07-06 09:02:01.097 Please replace `use_container_width` with `width`.

`use_container_width` will be removed after 2025-12-31.

For `use_container_width=True`, use `width='stretch'`. For `use_container_width=False`, use `width='content'`.
2026-07-06 09:02:05.538 Please replace `use_container_width` with `width`.

`use_container_width` will be removed after 2025-12-31.

For `use_container_width=True`, use `width='stretch'`. For `use_container_width=False`, use `width='content'`.
2026-07-06 09:02:05.546 Please replace `use_container_width` with `width`.

`use_container_width` will be removed after 2025-12-31.

For `use_container_width=True`, use `width='stretch'`. For `use_container_width=False`, use `width='content'`.
2026-07-06 09:02:05.547 Please replace `use_container_width` with `width`.

`use_container_width` will be removed after 2025-12-31.

For `use_container_width=True`, use `width='stretch'`. For `use_container_width=False`, use `width='content'`.
2026-07-06 09:03:01.535 Please replace `use_container_width` with `width`.

`use_container_width` will be removed after 2025-12-31.

For `use_container_width=True`, use `width='stretch'`. For `use_container_width=False`, use `width='content'`.
2026-07-06 09:03:01.544 Please replace `use_container_width` with `width`.

`use_container_width` will be removed after 2025-12-31.

For `use_container_width=True`, use `width='stretch'`. For `use_container_width=False`, use `width='content'`.
2026-07-06 09:03:01.545 Please replace `use_container_width` with `width`.

`use_container_width` will be removed after 2025-12-31.

For `use_container_width=True`, use `width='stretch'`. For `use_container_width=False`, use `width='content'`.
2026-07-06 09:04:01.543 Please replace `use_container_width` with `width`.

`use_container_width` will be removed after 2025-12-31.

For `use_container_width=True`, use `width='stretch'`. For `use_container_width=False`, use `width='content'`.
2026-07-06 09:04:01.550 Please replace `use_container_width` with `width`.

`use_container_width` will be removed after 2025-12-31.

For `use_container_width=True`, use `width='stretch'`. For `use_container_width=False`, use `width='content'`.
2026-07-06 09:04:01.551 Please replace `use_container_width` with `width`.

`use_container_width` will be removed after 2025-12-31.

For `use_container_width=True`, use `width='stretch'`. For `use_container_width=False`, use `width='content'`.
2026-07-06 09:05:01.576 Please replace `use_container_width` with `width`.

`use_container_width` will be removed after 2025-12-31.

For `use_container_width=True`, use `width='stretch'`. For `use_container_width=False`, use `width='content'`.
2026-07-06 09:05:01.585 Please replace `use_container_width` with `width`.

`use_container_width` will be removed after 2025-12-31.

For `use_container_width=True`, use `width='stretch'`. For `use_container_width=False`, use `width='content'`.
2026-07-06 09:05:01.586 Please replace `use_container_width` with `width`.

`use_container_width` will be removed after 2025-12-31.

For `use_container_width=True`, use `width='stretch'`. For `use_container_width=False`, use `width='content'`.
2026-07-06 09:06:01.538 Please replace `use_container_width` with `width`.

`use_container_width` will be removed after 2025-12-31.

For `use_container_width=True`, use `width='stretch'`. For `use_container_width=False`, use `width='content'`.
2026-07-06 09:06:01.546 Please replace `use_container_width` with `width`.

`use_container_width` will be removed after 2025-12-31.

For `use_container_width=True`, use `width='stretch'`. For `use_container_width=False`, use `width='content'`.
2026-07-06 09:06:01.548 Please replace `use_container_width` with `width`.

`use_container_width` will be removed after 2025-12-31.

For `use_container_width=True`, use `width='stretch'`. For `use_container_width=False`, use `width='content'`.
2026-07-06 09:07:01.547 Please replace `use_container_width` with `width`.

`use_container_width` will be removed after 2025-12-31.

For `use_container_width=True`, use `width='stretch'`. For `use_container_width=False`, use `width='content'`.
2026-07-06 09:07:01.553 Please replace `use_container_width` with `width`.

`use_container_width` will be removed after 2025-12-31.

For `use_container_width=True`, use `width='stretch'`. For `use_container_width=False`, use `width='content'`.
2026-07-06 09:07:01.555 Please replace `use_container_width` with `width`.

`use_container_width` will be removed after 2025-12-31.

For `use_container_width=True`, use `width='stretch'`. For `use_container_width=False`, use `width='content'`.
2026-07-06 09:08:01.541 Please replace `use_container_width` with `width`.

`use_container_width` will be removed after 2025-12-31.

For `use_container_width=True`, use `width='stretch'`. For `use_container_width=False`, use `width='content'`.
2026-07-06 09:08:01.548 Please replace `use_container_width` with `width`.

`use_container_width` will be removed after 2025-12-31.

For `use_container_width=True`, use `width='stretch'`. For `use_container_width=False`, use `width='content'`.
2026-07-06 09:08:01.549 Please replace `use_container_width` with `width`.

`use_container_width` will be removed after 2025-12-31.

For `use_container_width=True`, use `width='stretch'`. For `use_container_width=False`, use `width='content'`.
2026-07-06 09:09:01.546 Please replace `use_container_width` with `width`.

`use_container_width` will be removed after 2025-12-31.

For `use_container_width=True`, use `width='stretch'`. For `use_container_width=False`, use `width='content'`.
2026-07-06 09:09:01.554 Please replace `use_container_width` with `width`.

`use_container_width` will be removed after 2025-12-31.

For `use_container_width=True`, use `width='stretch'`. For `use_container_width=False`, use `width='content'`.
2026-07-06 09:09:01.555 Please replace `use_container_width` with `width`.

`use_container_width` will be removed after 2025-12-31.

For `use_container_width=True`, use `width='stretch'`. For `use_container_width=False`, use `width='content'`.
2026-07-06 09:10:02.545 Please replace `use_container_width` with `width`.

`use_container_width` will be removed after 2025-12-31.

For `use_container_width=True`, use `width='stretch'`. For `use_container_width=False`, use `width='content'`.
2026-07-06 09:10:02.554 Please replace `use_container_width` with `width`.

`use_container_width` will be removed after 2025-12-31.

For `use_container_width=True`, use `width='stretch'`. For `use_container_width=False`, use `width='content'`.
2026-07-06 09:10:02.555 Please replace `use_container_width` with `width`.

`use_container_width` will be removed after 2025-12-31.

For `use_container_width=True`, use `width='stretch'`. For `use_container_width=False`, use `width='content'`.
2026-07-06 09:11:03.548 Please replace `use_container_width` with `width`.

`use_container_width` will be removed after 2025-12-31.

For `use_container_width=True`, use `width='stretch'`. For `use_container_width=False`, use `width='content'`.
2026-07-06 09:11:03.555 Please replace `use_container_width` with `width`.

`use_container_width` will be removed after 2025-12-31.

For `use_container_width=True`, use `width='stretch'`. For `use_container_width=False`, use `width='content'`.
2026-07-06 09:11:03.557 Please replace `use_container_width` with `width`.

`use_container_width` will be removed after 2025-12-31.

For `use_container_width=True`, use `width='stretch'`. For `use_container_width=False`, use `width='content'`.
2026-07-06 09:12:01.527 Please replace `use_container_width` with `width`.

`use_container_width` will be removed after 2025-12-31.

For `use_container_width=True`, use `width='stretch'`. For `use_container_width=False`, use `width='content'`.
2026-07-06 09:12:01.536 Please replace `use_container_width` with `width`.

`use_container_width` will be removed after 2025-12-31.

For `use_container_width=True`, use `width='stretch'`. For `use_container_width=False`, use `width='content'`.
2026-07-06 09:12:01.538 Please replace `use_container_width` with `width`.

`use_container_width` will be removed after 2025-12-31.

For `use_container_width=True`, use `width='stretch'`. For `use_container_width=False`, use `width='content'`.
2026-07-06 09:13:02.542 Please replace `use_container_width` with `width`.

`use_container_width` will be removed after 2025-12-31.

For `use_container_width=True`, use `width='stretch'`. For `use_container_width=False`, use `width='content'`.
2026-07-06 09:13:02.551 Please replace `use_container_width` with `width`.

`use_container_width` will be removed after 2025-12-31.

For `use_container_width=True`, use `width='stretch'`. For `use_container_width=False`, use `width='content'`.
2026-07-06 09:13:02.553 Please replace `use_container_width` with `width`.

`use_container_width` will be removed after 2025-12-31.

For `use_container_width=True`, use `width='stretch'`. For `use_container_width=False`, use `width='content'`.
2026-07-06 09:13:52.151 Please replace `use_container_width` with `width`.

`use_container_width` will be removed after 2025-12-31.

For `use_container_width=True`, use `width='stretch'`. For `use_container_width=False`, use `width='content'`.
2026-07-06 09:13:52.154 Please replace `use_container_width` with `width`.

`use_container_width` will be removed after 2025-12-31.

For `use_container_width=True`, use `width='stretch'`. For `use_container_width=False`, use `width='content'`.
2026-07-06 09:14:38.023 Please replace `use_container_width` with `width`.

`use_container_width` will be removed after 2025-12-31.

For `use_container_width=True`, use `width='stretch'`. For `use_container_width=False`, use `width='content'`.
2026-07-06 09:14:38.033 Please replace `use_container_width` with `width`.

`use_container_width` will be removed after 2025-12-31.

For `use_container_width=True`, use `width='stretch'`. For `use_container_width=False`, use `width='content'`.
2026-07-06 09:14:38.042 Please replace `use_container_width` with `width`.

`use_container_width` will be removed after 2025-12-31.

For `use_container_width=True`, use `width='stretch'`. For `use_container_width=False`, use `width='content'`.
2026-07-06 09:14:39.204 Please replace `use_container_width` with `width`.

`use_container_width` will be removed after 2025-12-31.

For `use_container_width=True`, use `width='stretch'`. For `use_container_width=False`, use `width='content'`.
2026-07-06 09:14:39.217 Please replace `use_container_width` with `width`.

`use_container_width` will be removed after 2025-12-31.

For `use_container_width=True`, use `width='stretch'`. For `use_container_width=False`, use `width='content'`.
2026-07-06 09:14:39.228 Please replace `use_container_width` with `width`.

`use_container_width` will be removed after 2025-12-31.

For `use_container_width=True`, use `width='stretch'`. For `use_container_width=False`, use `width='content'`.
2026-07-06 09:29:58.628 Please replace `use_container_width` with `width`.

`use_container_width` will be removed after 2025-12-31.

For `use_container_width=True`, use `width='stretch'`. For `use_container_width=False`, use `width='content'`.
2026-07-06 09:29:58.637 Please replace `use_container_width` with `width`.

`use_container_width` will be removed after 2025-12-31.

For `use_container_width=True`, use `width='stretch'`. For `use_container_width=False`, use `width='content'`.
2026-07-06 09:29:58.645 Please replace `use_container_width` with `width`.

`use_container_width` will be removed after 2025-12-31.

For `use_container_width=True`, use `width='stretch'`. For `use_container_width=False`, use `width='content'`.
2026-07-06 09:39:18.043 Please replace `use_container_width` with `width`.

`use_container_width` will be removed after 2025-12-31.

For `use_container_width=True`, use `width='stretch'`. For `use_container_width=False`, use `width='content'`.
2026-07-06 09:39:18.052 Please replace `use_container_width` with `width`.

`use_container_width` will be removed after 2025-12-31.

For `use_container_width=True`, use `width='stretch'`. For `use_container_width=False`, use `width='content'`.
2026-07-06 09:39:18.061 Please replace `use_container_width` with `width`.

`use_container_width` will be removed after 2025-12-31.

For `use_container_width=True`, use `width='stretch'`. For `use_container_width=False`, use `width='content'`.
2026-07-06 09:40:51.919 Please replace `use_container_width` with `width`.

`use_container_width` will be removed after 2025-12-31.

For `use_container_width=True`, use `width='stretch'`. For `use_container_width=False`, use `width='content'`.
2026-07-06 09:40:51.930 Please replace `use_container_width` with `width`.

`use_container_width` will be removed after 2025-12-31.

For `use_container_width=True`, use `width='stretch'`. For `use_container_width=False`, use `width='content'`.
2026-07-06 09:40:51.938 Please replace `use_container_width` with `width`.

`use_container_width` will be removed after 2025-12-31.

For `use_container_width=True`, use `width='stretch'`. For `use_container_width=False`, use `width='content'`.
2026-07-06 09:41:19.751 Please replace `use_container_width` with `width`.

`use_container_width` will be removed after 2025-12-31.

For `use_container_width=True`, use `width='stretch'`. For `use_container_width=False`, use `width='content'`.
2026-07-06 09:41:19.762 Please replace `use_container_width` with `width`.

`use_container_width` will be removed after 2025-12-31.

For `use_container_width=True`, use `width='stretch'`. For `use_container_width=False`, use `width='content'`.
2026-07-06 09:41:19.772 Please replace `use_container_width` with `width`.

`use_container_width` will be removed after 2025-12-31.

For `use_container_width=True`, use `width='stretch'`. For `use_container_width=False`, use `width='content'`.
2026-07-06 09:42:28.160 Please replace `use_container_width` with `width`.

`use_container_width` will be removed after 2025-12-31.

For `use_container_width=True`, use `width='stretch'`. For `use_container_width=False`, use `width='content'`.
2026-07-06 09:42:28.168 Please replace `use_container_width` with `width`.

`use_container_width` will be removed after 2025-12-31.

For `use_container_width=True`, use `width='stretch'`. For `use_container_width=False`, use `width='content'`.
2026-07-06 09:42:28.176 Please replace `use_container_width` with `width`.

`use_container_width` will be removed after 2025-12-31.

For `use_container_width=True`, use `width='stretch'`. For `use_container_width=False`, use `width='content'`.
2026-07-06 09:44:00.244 Please replace `use_container_width` with `width`.

`use_container_width` will be removed after 2025-12-31.

For `use_container_width=True`, use `width='stretch'`. For `use_container_width=False`, use `width='content'`.
2026-07-06 09:44:00.254 Please replace `use_container_width` with `width`.

`use_container_width` will be removed after 2025-12-31.

For `use_container_width=True`, use `width='stretch'`. For `use_container_width=False`, use `width='content'`.
2026-07-06 09:44:00.263 Please replace `use_container_width` with `width`.

`use_container_width` will be removed after 2025-12-31.

For `use_container_width=True`, use `width='stretch'`. For `use_container_width=False`, use `width='content'`.
2026-07-06 09:44:28.469 Please replace `use_container_width` with `width`.

`use_container_width` will be removed after 2025-12-31.

For `use_container_width=True`, use `width='stretch'`. For `use_container_width=False`, use `width='content'`.
2026-07-06 09:44:28.482 Please replace `use_container_width` with `width`.

`use_container_width` will be removed after 2025-12-31.

For `use_container_width=True`, use `width='stretch'`. For `use_container_width=False`, use `width='content'`.
2026-07-06 09:44:28.492 Please replace `use_container_width` with `width`.

`use_container_width` will be removed after 2025-12-31.

For `use_container_width=True`, use `width='stretch'`. For `use_container_width=False`, use `width='content'`.
2026-07-06 09:45:59.979 Please replace `use_container_width` with `width`.

`use_container_width` will be removed after 2025-12-31.

For `use_container_width=True`, use `width='stretch'`. For `use_container_width=False`, use `width='content'`.
2026-07-06 09:45:59.988 Please replace `use_container_width` with `width`.

`use_container_width` will be removed after 2025-12-31.

For `use_container_width=True`, use `width='stretch'`. For `use_container_width=False`, use `width='content'`.
2026-07-06 09:45:59.997 Please replace `use_container_width` with `width`.

`use_container_width` will be removed after 2025-12-31.

For `use_container_width=True`, use `width='stretch'`. For `use_container_width=False`, use `width='content'`.
2026-07-06 09:46:28.669 Please replace `use_container_width` with `width`.

`use_container_width` will be removed after 2025-12-31.

For `use_container_width=True`, use `width='stretch'`. For `use_container_width=False`, use `width='content'`.
2026-07-06 09:46:28.677 Please replace `use_container_width` with `width`.

`use_container_width` will be removed after 2025-12-31.

For `use_container_width=True`, use `width='stretch'`. For `use_container_width=False`, use `width='content'`.
2026-07-06 09:46:28.687 Please replace `use_container_width` with `width`.

`use_container_width` will be removed after 2025-12-31.

For `use_container_width=True`, use `width='stretch'`. For `use_container_width=False`, use `width='content'`.
2026-07-06 09:48:00.308 Please replace `use_container_width` with `width`.

`use_container_width` will be removed after 2025-12-31.

For `use_container_width=True`, use `width='stretch'`. For `use_container_width=False`, use `width='content'`.
2026-07-06 09:48:00.316 Please replace `use_container_width` with `width`.

`use_container_width` will be removed after 2025-12-31.

For `use_container_width=True`, use `width='stretch'`. For `use_container_width=False`, use `width='content'`.
2026-07-06 09:48:00.325 Please replace `use_container_width` with `width`.

`use_container_width` will be removed after 2025-12-31.

For `use_container_width=True`, use `width='stretch'`. For `use_container_width=False`, use `width='content'`.
2026-07-06 09:48:28.487 Please replace `use_container_width` with `width`.

`use_container_width` will be removed after 2025-12-31.

For `use_container_width=True`, use `width='stretch'`. For `use_container_width=False`, use `width='content'`.
2026-07-06 09:48:28.500 Please replace `use_container_width` with `width`.

`use_container_width` will be removed after 2025-12-31.

For `use_container_width=True`, use `width='stretch'`. For `use_container_width=False`, use `width='content'`.
2026-07-06 09:48:28.511 Please replace `use_container_width` with `width`.

`use_container_width` will be removed after 2025-12-31.

For `use_container_width=True`, use `width='stretch'`. For `use_container_width=False`, use `width='content'`.
2026-07-06 09:50:00.371 Please replace `use_container_width` with `width`.

`use_container_width` will be removed after 2025-12-31.

For `use_container_width=True`, use `width='stretch'`. For `use_container_width=False`, use `width='content'`.
2026-07-06 09:50:00.381 Please replace `use_container_width` with `width`.

`use_container_width` will be removed after 2025-12-31.

For `use_container_width=True`, use `width='stretch'`. For `use_container_width=False`, use `width='content'`.
2026-07-06 09:50:00.390 Please replace `use_container_width` with `width`.

`use_container_width` will be removed after 2025-12-31.

For `use_container_width=True`, use `width='stretch'`. For `use_container_width=False`, use `width='content'`.
2026-07-06 09:50:38.482 Please replace `use_container_width` with `width`.

`use_container_width` will be removed after 2025-12-31.

For `use_container_width=True`, use `width='stretch'`. For `use_container_width=False`, use `width='content'`.
2026-07-06 09:50:38.494 Please replace `use_container_width` with `width`.

`use_container_width` will be removed after 2025-12-31.

For `use_container_width=True`, use `width='stretch'`. For `use_container_width=False`, use `width='content'`.
2026-07-06 09:50:38.504 Please replace `use_container_width` with `width`.

`use_container_width` will be removed after 2025-12-31.

For `use_container_width=True`, use `width='stretch'`. For `use_container_width=False`, use `width='content'`.
2026-07-06 09:52:12.083 Please replace `use_container_width` with `width`.

`use_container_width` will be removed after 2025-12-31.

For `use_container_width=True`, use `width='stretch'`. For `use_container_width=False`, use `width='content'`.
2026-07-06 09:52:12.092 Please replace `use_container_width` with `width`.

`use_container_width` will be removed after 2025-12-31.

For `use_container_width=True`, use `width='stretch'`. For `use_container_width=False`, use `width='content'`.
2026-07-06 09:52:12.100 Please replace `use_container_width` with `width`.

`use_container_width` will be removed after 2025-12-31.

For `use_container_width=True`, use `width='stretch'`. For `use_container_width=False`, use `width='content'`.
2026-07-06 09:52:28.466 Please replace `use_container_width` with `width`.

`use_container_width` will be removed after 2025-12-31.

For `use_container_width=True`, use `width='stretch'`. For `use_container_width=False`, use `width='content'`.
2026-07-06 09:52:28.482 Please replace `use_container_width` with `width`.

`use_container_width` will be removed after 2025-12-31.

For `use_container_width=True`, use `width='stretch'`. For `use_container_width=False`, use `width='content'`.
2026-07-06 09:52:28.494 Please replace `use_container_width` with `width`.

`use_container_width` will be removed after 2025-12-31.

For `use_container_width=True`, use `width='stretch'`. For `use_container_width=False`, use `width='content'`.
2026-07-06 09:54:00.590 Please replace `use_container_width` with `width`.

`use_container_width` will be removed after 2025-12-31.

For `use_container_width=True`, use `width='stretch'`. For `use_container_width=False`, use `width='content'`.
2026-07-06 09:54:00.599 Please replace `use_container_width` with `width`.

`use_container_width` will be removed after 2025-12-31.

For `use_container_width=True`, use `width='stretch'`. For `use_container_width=False`, use `width='content'`.
2026-07-06 09:54:00.609 Please replace `use_container_width` with `width`.

`use_container_width` will be removed after 2025-12-31.

For `use_container_width=True`, use `width='stretch'`. For `use_container_width=False`, use `width='content'`.
2026-07-06 09:54:38.679 Please replace `use_container_width` with `width`.

`use_container_width` will be removed after 2025-12-31.

For `use_container_width=True`, use `width='stretch'`. For `use_container_width=False`, use `width='content'`.
2026-07-06 09:54:38.687 Please replace `use_container_width` with `width`.

`use_container_width` will be removed after 2025-12-31.

For `use_container_width=True`, use `width='stretch'`. For `use_container_width=False`, use `width='content'`.
2026-07-06 09:54:38.696 Please replace `use_container_width` with `width`.

`use_container_width` will be removed after 2025-12-31.

For `use_container_width=True`, use `width='stretch'`. For `use_container_width=False`, use `width='content'`.
2026-07-06 09:56:11.592 Please replace `use_container_width` with `width`.

`use_container_width` will be removed after 2025-12-31.

For `use_container_width=True`, use `width='stretch'`. For `use_container_width=False`, use `width='content'`.
2026-07-06 09:56:11.602 Please replace `use_container_width` with `width`.

`use_container_width` will be removed after 2025-12-31.

For `use_container_width=True`, use `width='stretch'`. For `use_container_width=False`, use `width='content'`.
2026-07-06 09:56:11.611 Please replace `use_container_width` with `width`.

`use_container_width` will be removed after 2025-12-31.

For `use_container_width=True`, use `width='stretch'`. For `use_container_width=False`, use `width='content'`.
2026-07-06 09:56:40.712 Please replace `use_container_width` with `width`.

`use_container_width` will be removed after 2025-12-31.

For `use_container_width=True`, use `width='stretch'`. For `use_container_width=False`, use `width='content'`.
2026-07-06 09:56:40.723 Please replace `use_container_width` with `width`.

`use_container_width` will be removed after 2025-12-31.

For `use_container_width=True`, use `width='stretch'`. For `use_container_width=False`, use `width='content'`.
2026-07-06 09:56:40.734 Please replace `use_container_width` with `width`.

`use_container_width` will be removed after 2025-12-31.

For `use_container_width=True`, use `width='stretch'`. For `use_container_width=False`, use `width='content'`.
2026-07-06 09:58:13.316 Please replace `use_container_width` with `width`.

`use_container_width` will be removed after 2025-12-31.

For `use_container_width=True`, use `width='stretch'`. For `use_container_width=False`, use `width='content'`.
2026-07-06 09:58:13.327 Please replace `use_container_width` with `width`.

`use_container_width` will be removed after 2025-12-31.

For `use_container_width=True`, use `width='stretch'`. For `use_container_width=False`, use `width='content'`.
2026-07-06 09:58:13.337 Please replace `use_container_width` with `width`.

`use_container_width` will be removed after 2025-12-31.

For `use_container_width=True`, use `width='stretch'`. For `use_container_width=False`, use `width='content'`.
2026-07-06 09:58:42.709 Please replace `use_container_width` with `width`.

`use_container_width` will be removed after 2025-12-31.

For `use_container_width=True`, use `width='stretch'`. For `use_container_width=False`, use `width='content'`.
2026-07-06 09:58:42.722 Please replace `use_container_width` with `width`.

`use_container_width` will be removed after 2025-12-31.

For `use_container_width=True`, use `width='stretch'`. For `use_container_width=False`, use `width='content'`.
2026-07-06 09:58:42.732 Please replace `use_container_width` with `width`.

`use_container_width` will be removed after 2025-12-31.

For `use_container_width=True`, use `width='stretch'`. For `use_container_width=False`, use `width='content'`.
2026-07-06 10:00:00.568 Please replace `use_container_width` with `width`.

`use_container_width` will be removed after 2025-12-31.

For `use_container_width=True`, use `width='stretch'`. For `use_container_width=False`, use `width='content'`.
2026-07-06 10:00:00.578 Please replace `use_container_width` with `width`.

`use_container_width` will be removed after 2025-12-31.

For `use_container_width=True`, use `width='stretch'`. For `use_container_width=False`, use `width='content'`.
2026-07-06 10:00:00.588 Please replace `use_container_width` with `width`.

`use_container_width` will be removed after 2025-12-31.

For `use_container_width=True`, use `width='stretch'`. For `use_container_width=False`, use `width='content'`.
2026-07-06 10:00:28.477 Please replace `use_container_width` with `width`.

`use_container_width` will be removed after 2025-12-31.

For `use_container_width=True`, use `width='stretch'`. For `use_container_width=False`, use `width='content'`.
2026-07-06 10:00:28.487 Please replace `use_container_width` with `width`.

`use_container_width` will be removed after 2025-12-31.

For `use_container_width=True`, use `width='stretch'`. For `use_container_width=False`, use `width='content'`.
2026-07-06 10:00:28.497 Please replace `use_container_width` with `width`.

`use_container_width` will be removed after 2025-12-31.

For `use_container_width=True`, use `width='stretch'`. For `use_container_width=False`, use `width='content'`.
2026-07-06 10:02:01.581 Please replace `use_container_width` with `width`.

`use_container_width` will be removed after 2025-12-31.

For `use_container_width=True`, use `width='stretch'`. For `use_container_width=False`, use `width='content'`.
2026-07-06 10:02:01.590 Please replace `use_container_width` with `width`.

`use_container_width` will be removed after 2025-12-31.

For `use_container_width=True`, use `width='stretch'`. For `use_container_width=False`, use `width='content'`.
2026-07-06 10:02:01.598 Please replace `use_container_width` with `width`.

`use_container_width` will be removed after 2025-12-31.

For `use_container_width=True`, use `width='stretch'`. For `use_container_width=False`, use `width='content'`.
2026-07-06 10:02:30.480 Please replace `use_container_width` with `width`.

`use_container_width` will be removed after 2025-12-31.

For `use_container_width=True`, use `width='stretch'`. For `use_container_width=False`, use `width='content'`.
2026-07-06 10:02:30.492 Please replace `use_container_width` with `width`.

`use_container_width` will be removed after 2025-12-31.

For `use_container_width=True`, use `width='stretch'`. For `use_container_width=False`, use `width='content'`.
2026-07-06 10:02:30.502 Please replace `use_container_width` with `width`.

`use_container_width` will be removed after 2025-12-31.

For `use_container_width=True`, use `width='stretch'`. For `use_container_width=False`, use `width='content'`.
2026-07-06 10:04:03.720 Please replace `use_container_width` with `width`.

`use_container_width` will be removed after 2025-12-31.

For `use_container_width=True`, use `width='stretch'`. For `use_container_width=False`, use `width='content'`.
2026-07-06 10:04:03.729 Please replace `use_container_width` with `width`.

`use_container_width` will be removed after 2025-12-31.

For `use_container_width=True`, use `width='stretch'`. For `use_container_width=False`, use `width='content'`.
2026-07-06 10:04:03.738 Please replace `use_container_width` with `width`.

`use_container_width` will be removed after 2025-12-31.

For `use_container_width=True`, use `width='stretch'`. For `use_container_width=False`, use `width='content'`.
2026-07-06 10:04:28.495 Please replace `use_container_width` with `width`.

`use_container_width` will be removed after 2025-12-31.

For `use_container_width=True`, use `width='stretch'`. For `use_container_width=False`, use `width='content'`.
2026-07-06 10:04:28.510 Please replace `use_container_width` with `width`.

`use_container_width` will be removed after 2025-12-31.

For `use_container_width=True`, use `width='stretch'`. For `use_container_width=False`, use `width='content'`.
2026-07-06 10:04:28.530 Please replace `use_container_width` with `width`.

`use_container_width` will be removed after 2025-12-31.

For `use_container_width=True`, use `width='stretch'`. For `use_container_width=False`, use `width='content'`.
2026-07-06 10:06:00.326 Please replace `use_container_width` with `width`.

`use_container_width` will be removed after 2025-12-31.

For `use_container_width=True`, use `width='stretch'`. For `use_container_width=False`, use `width='content'`.
2026-07-06 10:06:00.335 Please replace `use_container_width` with `width`.

`use_container_width` will be removed after 2025-12-31.

For `use_container_width=True`, use `width='stretch'`. For `use_container_width=False`, use `width='content'`.
2026-07-06 10:06:00.343 Please replace `use_container_width` with `width`.

`use_container_width` will be removed after 2025-12-31.

For `use_container_width=True`, use `width='stretch'`. For `use_container_width=False`, use `width='content'`.
2026-07-06 10:06:38.366 Please replace `use_container_width` with `width`.

`use_container_width` will be removed after 2025-12-31.

For `use_container_width=True`, use `width='stretch'`. For `use_container_width=False`, use `width='content'`.
2026-07-06 10:06:38.378 Please replace `use_container_width` with `width`.

`use_container_width` will be removed after 2025-12-31.

For `use_container_width=True`, use `width='stretch'`. For `use_container_width=False`, use `width='content'`.
2026-07-06 10:06:38.388 Please replace `use_container_width` with `width`.

`use_container_width` will be removed after 2025-12-31.

For `use_container_width=True`, use `width='stretch'`. For `use_container_width=False`, use `width='content'`.
Failed to scrape NDTV Profit: 403 Client Error: Forbidden for url: https://www.ndtvprofit.com/latest
2026-07-06 10:08:01.187 Please replace `use_container_width` with `width`.

`use_container_width` will be removed after 2025-12-31.

For `use_container_width=True`, use `width='stretch'`. For `use_container_width=False`, use `width='content'`.
2026-07-06 10:08:01.196 Please replace `use_container_width` with `width`.

`use_container_width` will be removed after 2025-12-31.

For `use_container_width=True`, use `width='stretch'`. For `use_container_width=False`, use `width='content'`.
2026-07-06 10:08:01.205 Please replace `use_container_width` with `width`.

`use_container_width` will be removed after 2025-12-31.

For `use_container_width=True`, use `width='stretch'`. For `use_container_width=False`, use `width='content'`.
2026-07-06 10:08:28.505 Please replace `use_container_width` with `width`.

`use_container_width` will be removed after 2025-12-31.

For `use_container_width=True`, use `width='stretch'`. For `use_container_width=False`, use `width='content'`.
2026-07-06 10:08:28.516 Please replace `use_container_width` with `width`.

`use_container_width` will be removed after 2025-12-31.

For `use_container_width=True`, use `width='stretch'`. For `use_container_width=False`, use `width='content'`.
2026-07-06 10:08:28.525 Please replace `use_container_width` with `width`.

`use_container_width` will be removed after 2025-12-31.

For `use_container_width=True`, use `width='stretch'`. For `use_container_width=False`, use `width='content'`.
2026-07-06 10:10:00.323 Please replace `use_container_width` with `width`.

`use_container_width` will be removed after 2025-12-31.

For `use_container_width=True`, use `width='stretch'`. For `use_container_width=False`, use `width='content'`.
2026-07-06 10:10:00.332 Please replace `use_container_width` with `width`.

`use_container_width` will be removed after 2025-12-31.

For `use_container_width=True`, use `width='stretch'`. For `use_container_width=False`, use `width='content'`.
2026-07-06 10:10:00.340 Please replace `use_container_width` with `width`.

`use_container_width` will be removed after 2025-12-31.

For `use_container_width=True`, use `width='stretch'`. For `use_container_width=False`, use `width='content'`.
2026-07-06 10:10:28.528 Please replace `use_container_width` with `width`.

`use_container_width` will be removed after 2025-12-31.

For `use_container_width=True`, use `width='stretch'`. For `use_container_width=False`, use `width='content'`.
2026-07-06 10:10:28.542 Please replace `use_container_width` with `width`.

`use_container_width` will be removed after 2025-12-31.

For `use_container_width=True`, use `width='stretch'`. For `use_container_width=False`, use `width='content'`.
2026-07-06 10:10:28.554 Please replace `use_container_width` with `width`.

`use_container_width` will be removed after 2025-12-31.

For `use_container_width=True`, use `width='stretch'`. For `use_container_width=False`, use `width='content'`.
2026-07-06 10:12:01.777 Please replace `use_container_width` with `width`.

`use_container_width` will be removed after 2025-12-31.

For `use_container_width=True`, use `width='stretch'`. For `use_container_width=False`, use `width='content'`.
2026-07-06 10:12:01.787 Please replace `use_container_width` with `width`.

`use_container_width` will be removed after 2025-12-31.

For `use_container_width=True`, use `width='stretch'`. For `use_container_width=False`, use `width='content'`.
2026-07-06 10:12:01.795 Please replace `use_container_width` with `width`.

`use_container_width` will be removed after 2025-12-31.

For `use_container_width=True`, use `width='stretch'`. For `use_container_width=False`, use `width='content'`.
2026-07-06 10:12:30.510 Please replace `use_container_width` with `width`.

`use_container_width` will be removed after 2025-12-31.

For `use_container_width=True`, use `width='stretch'`. For `use_container_width=False`, use `width='content'`.
2026-07-06 10:12:30.532 Please replace `use_container_width` with `width`.

`use_container_width` will be removed after 2025-12-31.

For `use_container_width=True`, use `width='stretch'`. For `use_container_width=False`, use `width='content'`.
2026-07-06 10:12:30.554 Please replace `use_container_width` with `width`.

`use_container_width` will be removed after 2025-12-31.

For `use_container_width=True`, use `width='stretch'`. For `use_container_width=False`, use `width='content'`.
2026-07-06 10:13:35.178 Please replace `use_container_width` with `width`.

`use_container_width` will be removed after 2025-12-31.

For `use_container_width=True`, use `width='stretch'`. For `use_container_width=False`, use `width='content'`.
2026-07-06 10:13:35.186 Please replace `use_container_width` with `width`.

`use_container_width` will be removed after 2025-12-31.

For `use_container_width=True`, use `width='stretch'`. For `use_container_width=False`, use `width='content'`.
2026-07-06 10:13:35.194 Please replace `use_container_width` with `width`.

`use_container_width` will be removed after 2025-12-31.

For `use_container_width=True`, use `width='stretch'`. For `use_container_width=False`, use `width='content'`.
2026-07-06 10:14:28.522 Please replace `use_container_width` with `width`.

`use_container_width` will be removed after 2025-12-31.

For `use_container_width=True`, use `width='stretch'`. For `use_container_width=False`, use `width='content'`.
2026-07-06 10:14:28.537 Please replace `use_container_width` with `width`.

`use_container_width` will be removed after 2025-12-31.

For `use_container_width=True`, use `width='stretch'`. For `use_container_width=False`, use `width='content'`.
2026-07-06 10:14:28.555 Please replace `use_container_width` with `width`.

`use_container_width` will be removed after 2025-12-31.

For `use_container_width=True`, use `width='stretch'`. For `use_container_width=False`, use `width='content'`.
2026-07-06 10:16:03.024 Please replace `use_container_width` with `width`.

`use_container_width` will be removed after 2025-12-31.

For `use_container_width=True`, use `width='stretch'`. For `use_container_width=False`, use `width='content'`.
2026-07-06 10:16:03.036 Please replace `use_container_width` with `width`.

`use_container_width` will be removed after 2025-12-31.

For `use_container_width=True`, use `width='stretch'`. For `use_container_width=False`, use `width='content'`.
2026-07-06 10:16:03.048 Please replace `use_container_width` with `width`.

`use_container_width` will be removed after 2025-12-31.

For `use_container_width=True`, use `width='stretch'`. For `use_container_width=False`, use `width='content'`.
2026-07-06 10:16:30.540 Please replace `use_container_width` with `width`.

`use_container_width` will be removed after 2025-12-31.

For `use_container_width=True`, use `width='stretch'`. For `use_container_width=False`, use `width='content'`.
2026-07-06 10:16:30.557 Please replace `use_container_width` with `width`.

`use_container_width` will be removed after 2025-12-31.

For `use_container_width=True`, use `width='stretch'`. For `use_container_width=False`, use `width='content'`.
2026-07-06 10:16:30.579 Please replace `use_container_width` with `width`.

`use_container_width` will be removed after 2025-12-31.

For `use_container_width=True`, use `width='stretch'`. For `use_container_width=False`, use `width='content'`.
2026-07-06 10:18:05.646 Please replace `use_container_width` with `width`.

`use_container_width` will be removed after 2025-12-31.

For `use_container_width=True`, use `width='stretch'`. For `use_container_width=False`, use `width='content'`.
2026-07-06 10:18:05.657 Please replace `use_container_width` with `width`.

`use_container_width` will be removed after 2025-12-31.

For `use_container_width=True`, use `width='stretch'`. For `use_container_width=False`, use `width='content'`.
2026-07-06 10:18:05.666 Please replace `use_container_width` with `width`.

`use_container_width` will be removed after 2025-12-31.

For `use_container_width=True`, use `width='stretch'`. For `use_container_width=False`, use `width='content'`.
2026-07-06 10:18:32.527 Please replace `use_container_width` with `width`.

`use_container_width` will be removed after 2025-12-31.

For `use_container_width=True`, use `width='stretch'`. For `use_container_width=False`, use `width='content'`.
2026-07-06 10:18:32.555 Please replace `use_container_width` with `width`.

`use_container_width` will be removed after 2025-12-31.

For `use_container_width=True`, use `width='stretch'`. For `use_container_width=False`, use `width='content'`.
2026-07-06 10:18:32.587 Please replace `use_container_width` with `width`.

`use_container_width` will be removed after 2025-12-31.

For `use_container_width=True`, use `width='stretch'`. For `use_container_width=False`, use `width='content'`.
2026-07-06 10:20:06.497 Please replace `use_container_width` with `width`.

`use_container_width` will be removed after 2025-12-31.

For `use_container_width=True`, use `width='stretch'`. For `use_container_width=False`, use `width='content'`.
2026-07-06 10:20:06.508 Please replace `use_container_width` with `width`.

`use_container_width` will be removed after 2025-12-31.

For `use_container_width=True`, use `width='stretch'`. For `use_container_width=False`, use `width='content'`.
2026-07-06 10:20:06.518 Please replace `use_container_width` with `width`.

`use_container_width` will be removed after 2025-12-31.

For `use_container_width=True`, use `width='stretch'`. For `use_container_width=False`, use `width='content'`.
2026-07-06 10:20:34.525 Please replace `use_container_width` with `width`.

`use_container_width` will be removed after 2025-12-31.

For `use_container_width=True`, use `width='stretch'`. For `use_container_width=False`, use `width='content'`.
2026-07-06 10:20:34.542 Please replace `use_container_width` with `width`.

`use_container_width` will be removed after 2025-12-31.

For `use_container_width=True`, use `width='stretch'`. For `use_container_width=False`, use `width='content'`.
2026-07-06 10:20:34.555 Please replace `use_container_width` with `width`.

`use_container_width` will be removed after 2025-12-31.

For `use_container_width=True`, use `width='stretch'`. For `use_container_width=False`, use `width='content'`.
2026-07-06 10:22:07.702 Please replace `use_container_width` with `width`.

`use_container_width` will be removed after 2025-12-31.

For `use_container_width=True`, use `width='stretch'`. For `use_container_width=False`, use `width='content'`.
2026-07-06 10:22:07.711 Please replace `use_container_width` with `width`.

`use_container_width` will be removed after 2025-12-31.

For `use_container_width=True`, use `width='stretch'`. For `use_container_width=False`, use `width='content'`.
2026-07-06 10:22:07.720 Please replace `use_container_width` with `width`.

`use_container_width` will be removed after 2025-12-31.

For `use_container_width=True`, use `width='stretch'`. For `use_container_width=False`, use `width='content'`.
2026-07-06 10:22:36.533 Please replace `use_container_width` with `width`.

`use_container_width` will be removed after 2025-12-31.

For `use_container_width=True`, use `width='stretch'`. For `use_container_width=False`, use `width='content'`.
2026-07-06 10:22:36.550 Please replace `use_container_width` with `width`.

`use_container_width` will be removed after 2025-12-31.

For `use_container_width=True`, use `width='stretch'`. For `use_container_width=False`, use `width='content'`.
2026-07-06 10:22:36.570 Please replace `use_container_width` with `width`.

`use_container_width` will be removed after 2025-12-31.

For `use_container_width=True`, use `width='stretch'`. For `use_container_width=False`, use `width='content'`.
2026-07-06 10:24:09.502 Please replace `use_container_width` with `width`.

`use_container_width` will be removed after 2025-12-31.

For `use_container_width=True`, use `width='stretch'`. For `use_container_width=False`, use `width='content'`.
2026-07-06 10:24:09.512 Please replace `use_container_width` with `width`.

`use_container_width` will be removed after 2025-12-31.

For `use_container_width=True`, use `width='stretch'`. For `use_container_width=False`, use `width='content'`.
2026-07-06 10:24:09.521 Please replace `use_container_width` with `width`.

`use_container_width` will be removed after 2025-12-31.

For `use_container_width=True`, use `width='stretch'`. For `use_container_width=False`, use `width='content'`.
2026-07-06 10:24:38.524 Please replace `use_container_width` with `width`.

`use_container_width` will be removed after 2025-12-31.

For `use_container_width=True`, use `width='stretch'`. For `use_container_width=False`, use `width='content'`.
2026-07-06 10:24:38.541 Please replace `use_container_width` with `width`.

`use_container_width` will be removed after 2025-12-31.

For `use_container_width=True`, use `width='stretch'`. For `use_container_width=False`, use `width='content'`.
2026-07-06 10:24:38.555 Please replace `use_container_width` with `width`.

`use_container_width` will be removed after 2025-12-31.

For `use_container_width=True`, use `width='stretch'`. For `use_container_width=False`, use `width='content'`.
2026-07-06 10:26:00.153 Please replace `use_container_width` with `width`.

`use_container_width` will be removed after 2025-12-31.

For `use_container_width=True`, use `width='stretch'`. For `use_container_width=False`, use `width='content'`.
2026-07-06 10:26:00.162 Please replace `use_container_width` with `width`.

`use_container_width` will be removed after 2025-12-31.

For `use_container_width=True`, use `width='stretch'`. For `use_container_width=False`, use `width='content'`.
2026-07-06 10:26:00.171 Please replace `use_container_width` with `width`.

`use_container_width` will be removed after 2025-12-31.

For `use_container_width=True`, use `width='stretch'`. For `use_container_width=False`, use `width='content'`.
2026-07-06 10:26:28.741 Please replace `use_container_width` with `width`.

`use_container_width` will be removed after 2025-12-31.

For `use_container_width=True`, use `width='stretch'`. For `use_container_width=False`, use `width='content'`.
2026-07-06 10:26:28.757 Please replace `use_container_width` with `width`.

`use_container_width` will be removed after 2025-12-31.

For `use_container_width=True`, use `width='stretch'`. For `use_container_width=False`, use `width='content'`.
2026-07-06 10:26:28.778 Please replace `use_container_width` with `width`.

`use_container_width` will be removed after 2025-12-31.

For `use_container_width=True`, use `width='stretch'`. For `use_container_width=False`, use `width='content'`.
2026-07-06 10:26:34.005 Please replace `use_container_width` with `width`.

`use_container_width` will be removed after 2025-12-31.

For `use_container_width=True`, use `width='stretch'`. For `use_container_width=False`, use `width='content'`.
2026-07-06 10:26:34.009 Please replace `use_container_width` with `width`.

`use_container_width` will be removed after 2025-12-31.

For `use_container_width=True`, use `width='stretch'`. For `use_container_width=False`, use `width='content'`.
2026-07-06 10:26:34.019 Please replace `use_container_width` with `width`.

`use_container_width` will be removed after 2025-12-31.

For `use_container_width=True`, use `width='stretch'`. For `use_container_width=False`, use `width='content'`.
Insufficient multi-day data for breakout scan.
2026-07-06 10:26:35.416 Please replace `use_container_width` with `width`.

`use_container_width` will be removed after 2025-12-31.

For `use_container_width=True`, use `width='stretch'`. For `use_container_width=False`, use `width='content'`.
2026-07-06 10:26:35.819 Please replace `use_container_width` with `width`.

`use_container_width` will be removed after 2025-12-31.

For `use_container_width=True`, use `width='stretch'`. For `use_container_width=False`, use `width='content'`.
2026-07-06 10:26:44.756 Please replace `use_container_width` with `width`.

`use_container_width` will be removed after 2025-12-31.

For `use_container_width=True`, use `width='stretch'`. For `use_container_width=False`, use `width='content'`.
2026-07-06 10:26:44.768 Please replace `use_container_width` with `width`.

`use_container_width` will be removed after 2025-12-31.

For `use_container_width=True`, use `width='stretch'`. For `use_container_width=False`, use `width='content'`.
2026-07-06 10:26:44.772 Please replace `use_container_width` with `width`.

`use_container_width` will be removed after 2025-12-31.

For `use_container_width=True`, use `width='stretch'`. For `use_container_width=False`, use `width='content'`.
2026-07-06 10:27:02.662 Please replace `use_container_width` with `width`.

`use_container_width` will be removed after 2025-12-31.

For `use_container_width=True`, use `width='stretch'`. For `use_container_width=False`, use `width='content'`.
2026-07-06 10:27:02.666 Please replace `use_container_width` with `width`.

`use_container_width` will be removed after 2025-12-31.

For `use_container_width=True`, use `width='stretch'`. For `use_container_width=False`, use `width='content'`.
2026-07-06 10:27:02.669 Please replace `use_container_width` with `width`.

`use_container_width` will be removed after 2025-12-31.

For `use_container_width=True`, use `width='stretch'`. For `use_container_width=False`, use `width='content'`.
2026-07-06 10:27:02.681 Please replace `use_container_width` with `width`.

`use_container_width` will be removed after 2025-12-31.

For `use_container_width=True`, use `width='stretch'`. For `use_container_width=False`, use `width='content'`.
Insufficient multi-day data for breakout scan.
2026-07-06 10:27:03.576 Please replace `use_container_width` with `width`.

`use_container_width` will be removed after 2025-12-31.

For `use_container_width=True`, use `width='stretch'`. For `use_container_width=False`, use `width='content'`.
2026-07-06 10:27:03.981 Please replace `use_container_width` with `width`.

`use_container_width` will be removed after 2025-12-31.

For `use_container_width=True`, use `width='stretch'`. For `use_container_width=False`, use `width='content'`.
